Date,Year,Month,Day,DayOfWeek,Price,Open,High,Low,Volume,Change_Pct,Return_1,High_Low_Range,Open_Close_Change,NextPrice
2010-10-04,2010,10,4,0,9.95,10.06,10.1,9.92,435300000.0,-0.0137,-0.013875123885034757,0.17999999999999972,-0.11000000000000121,10.32
2010-10-05,2010,10,5,1,10.32,10.07,10.34,10.07,501970000.0,0.037000000000000005,0.0371859296482413,0.2699999999999996,0.25,10.33
2010-10-06,2010,10,6,2,10.33,10.34,10.43,10.19,670870000.0,0.0009,0.0009689922480620172,0.2400000000000002,-0.009999999999999787,10.33
2010-10-07,2010,10,7,3,10.33,10.37,10.37,10.25,408400000.0,0.0,0.0,0.11999999999999922,-0.03999999999999915,10.5
2010-10-08,2010,10,8,4,10.5,10.42,10.52,10.36,658400000.0,0.0168,0.01645692158760892,0.16000000000000014,0.08000000000000007,10.55
2010-10-11,2010,10,11,0,10.55,10.53,10.62,10.52,427750000.0,0.0044,0.004761904761904745,0.09999999999999964,0.02000000000000135,10.66
2010-10-12,2010,10,12,1,10.66,10.55,10.7,10.45,558540000.0,0.0108,0.010426540284360186,0.25,0.10999999999999943,10.72
2010-10-13,2010,10,13,2,10.72,10.72,10.78,10.71,630090000.0,0.0054,0.0056285178236397115,0.06999999999999851,0.0,10.8
2010-10-14,2010,10,14,3,10.8,10.77,10.8,10.73,435300000.0,0.0072,0.00746268656716409,0.07000000000000028,0.030000000000001137,11.24
2010-10-15,2010,10,15,4,11.24,10.98,11.25,10.89,922190000.0,0.041100000000000005,0.040740740740740744,0.35999999999999943,0.2599999999999998,11.36
2010-10-18,2010,10,18,0,11.36,11.37,11.39,11.22,1100000000.0,0.0104,0.010676156583629748,0.16999999999999993,-0.009999999999999787,11.05
2010-10-19,2010,10,19,1,11.05,10.84,11.21,10.71,1230000000.0,-0.0268,-0.027288732394366133,0.5,0.21000000000000085,11.09
2010-10-20,2010,10,20,2,11.09,11.04,11.22,10.96,721620000.0,0.0034000000000000002,0.0036199095022624306,0.2599999999999998,0.05000000000000071,11.05
2010-10-21,2010,10,21,3,11.05,11.16,11.24,10.96,551460000.0,-0.0033,-0.0036068530207393756,0.27999999999999936,-0.10999999999999943,10.98
2010-10-22,2010,10,22,4,10.98,11.04,11.07,10.94,372780000.0,-0.0066,-0.0063348416289592535,0.13000000000000078,-0.05999999999999872,11.03
2010-10-25,2010,10,25,0,11.03,11.04,11.13,11.02,392430000.0,0.0045000000000000005,0.004553734061930603,0.11000000000000121,-0.009999999999999787,11.0
2010-10-26,2010,10,26,1,11.0,10.96,11.06,10.92,392930000.0,-0.0026,-0.0027198549410697437,0.14000000000000057,0.03999999999999915,10.99
2010-10-27,2010,10,27,2,10.99,10.99,11.07,10.91,399000000.0,-0.0007000000000000001,-0.0009090909090908594,0.16000000000000014,0.0,10.9
2010-10-28,2010,10,28,3,10.9,11.0,11.0,10.75,551050000.0,-0.0084,-0.008189262966333044,0.25,-0.09999999999999964,10.75
2010-10-29,2010,10,29,4,10.75,10.87,10.92,10.75,430510000.0,-0.013999999999999999,-0.013761467889908285,0.16999999999999993,-0.11999999999999922,10.86
2010-11-01,2010,11,1,0,10.86,10.79,10.91,10.79,423890000.0,0.0106,0.01023255813953483,0.120000000000001,0.07000000000000028,11.05
2010-11-02,2010,11,2,1,11.05,10.96,11.08,10.96,433930000.0,0.017,0.017495395948434744,0.11999999999999922,0.08999999999999986,11.17
2010-11-03,2010,11,3,2,11.17,11.12,11.17,11.02,508350000.0,0.0111,0.010859728506787292,0.15000000000000036,0.05000000000000071,11.37
2010-11-04,2010,11,4,3,11.37,11.27,11.43,11.25,642490000.0,0.0175,0.017905102954342,0.17999999999999972,0.09999999999999964,11.33
2010-11-05,2010,11,5,4,11.33,11.36,11.41,11.31,361250000.0,-0.0036,-0.0035180299032541162,0.09999999999999964,-0.02999999999999936,11.38
2010-11-08,2010,11,8,0,11.38,11.33,11.42,11.31,281730000.0,0.004699999999999999,0.0044130626654899086,0.10999999999999943,0.05000000000000071,11.29
2010-11-09,2010,11,9,1,11.29,11.47,11.47,11.23,383720000.0,-0.008,-0.007908611599297122,0.2400000000000002,-0.1800000000000015,11.36
2010-11-10,2010,11,10,2,11.36,11.31,11.38,11.2,384230000.0,0.0062,0.00620017714791854,0.1800000000000015,0.049999999999998934,11.31
2010-11-11,2010,11,11,3,11.31,11.25,11.37,11.22,361280000.0,-0.0043,-0.004401408450704136,0.14999999999999858,0.0600000000000005,11.0
2010-11-12,2010,11,12,4,11.0,11.29,11.3,10.84,795850000.0,-0.027200000000000002,-0.027409372236958496,0.46000000000000085,-0.28999999999999915,10.97
2010-11-15,2010,11,15,0,10.97,11.02,11.09,10.94,403600000.0,-0.0032,-0.0027272727272726893,0.15000000000000036,-0.049999999999998934,10.77
2010-11-16,2010,11,16,1,10.77,10.92,10.99,10.69,658950000.0,-0.0177,-0.01823154056517784,0.3000000000000007,-0.15000000000000036,10.73
2010-11-17,2010,11,17,2,10.73,10.76,10.86,10.63,479450000.0,-0.0036,-0.003714020427112219,0.22999999999999865,-0.02999999999999936,11.02
2010-11-18,2010,11,18,3,11.02,10.9,11.06,10.88,494490000.0,0.0264,0.027027027027026973,0.17999999999999972,0.11999999999999922,10.95
2010-11-19,2010,11,19,4,10.95,11.0,11.01,10.9,384840000.0,-0.0055000000000000005,-0.006352087114337546,0.10999999999999943,-0.05000000000000071,11.19
2010-11-22,2010,11,22,0,11.19,10.95,11.19,10.92,393070000.0,0.0216,0.021917808219177992,0.2699999999999996,0.2400000000000002,11.03
2010-11-23,2010,11,23,1,11.03,11.09,11.13,10.95,519450000.00000006,-0.0148,-0.01429848078641649,0.1800000000000015,-0.0600000000000005,11.24
2010-11-24,2010,11,24,2,11.24,11.14,11.26,11.13,414270000.0,0.0196,0.01903898458748876,0.129999999999999,0.09999999999999964,11.28
2010-11-26,2010,11,26,4,11.28,11.2,11.35,11.18,237750000.0,0.0031,0.003558718861209842,0.16999999999999993,0.08000000000000007,11.32
2010-11-29,2010,11,29,0,11.32,11.27,11.34,11.12,445760000.0,0.0034999999999999996,0.0035460992907803135,0.22000000000000064,0.05000000000000071,11.11
2010-11-30,2010,11,30,1,11.11,11.2,11.23,11.1,501850000.0,-0.0181,-0.01855123674911663,0.13000000000000078,-0.08999999999999986,11.3
2010-12-01,2010,12,1,2,11.3,11.26,11.35,11.25,461750000.0,0.0169,0.017101710171017137,0.09999999999999964,0.040000000000000924,11.36
2010-12-02,2010,12,2,3,11.36,11.34,11.39,11.25,463650000.0,0.0055000000000000005,0.005309734513274211,0.14000000000000057,0.019999999999999574,11.34
2010-12-03,2010,12,3,4,11.34,11.32,11.38,11.3,342370000.0,-0.0022,-0.0017605633802816323,0.08000000000000007,0.019999999999999574,11.43
2010-12-06,2010,12,6,0,11.43,11.38,11.51,11.37,448480000.0,0.0085,0.007936507936507908,0.14000000000000057,0.049999999999998934,11.36
2010-12-07,2010,12,7,1,11.36,11.56,11.57,11.36,391450000.0,-0.0060999999999999995,-0.006124234470691214,0.21000000000000085,-0.20000000000000107,11.46
2010-12-08,2010,12,8,2,11.46,11.42,11.46,11.33,321930000.0,0.0088,0.008802816901408494,0.13000000000000078,0.040000000000000924,11.42
2010-12-09,2010,12,9,3,11.42,11.5,11.52,11.39,294150000.0,-0.0039000000000000003,-0.003490401396160636,0.129999999999999,-0.08000000000000007,11.45
2010-12-10,2010,12,10,4,11.45,11.42,11.47,11.38,262579999.99999997,0.0025,0.0026269702276706663,0.08999999999999986,0.02999999999999936,11.49
2010-12-13,2010,12,13,0,11.49,11.58,11.61,11.46,439810000.0,0.0034999999999999996,0.003493449781659441,0.14999999999999858,-0.08999999999999986,11.44
2010-12-14,2010,12,14,1,11.44,11.49,11.52,11.39,351570000.0,-0.0043,-0.004351610095735481,0.129999999999999,-0.05000000000000071,11.44
2010-12-15,2010,12,15,2,11.44,11.43,11.54,11.4,417310000.0,0.0,0.0,0.1399999999999988,0.009999999999999787,11.47
2010-12-16,2010,12,16,3,11.47,11.47,11.52,11.43,322030000.0,0.0028000000000000004,0.002622377622377714,0.08999999999999986,0.0,11.45
2010-12-17,2010,12,17,4,11.45,11.49,11.49,11.44,387150000.0,-0.002,-0.0017436791630340842,0.05000000000000071,-0.040000000000000924,11.51
2010-12-20,2010,12,20,0,11.51,11.49,11.54,11.37,385610000.0,0.005,0.005240174672489051,0.16999999999999993,0.019999999999999574,11.58
2010-12-21,2010,12,21,1,11.58,11.54,11.59,11.5,256350000.00000003,0.0062,0.006081668114682914,0.08999999999999986,0.040000000000000924,11.61
2010-12-22,2010,12,22,2,11.61,11.58,11.63,11.56,266140000.0,0.0029,0.002590673575129543,0.07000000000000028,0.02999999999999936,11.56
2010-12-23,2010,12,23,3,11.56,11.61,11.61,11.54,223500000.0,-0.0048,-0.00430663221360883,0.07000000000000028,-0.049999999999998934,11.6
2010-12-27,2010,12,27,0,11.6,11.53,11.62,11.48,249820000.0,0.0033,0.0034602076124565784,0.1399999999999988,0.07000000000000028,11.62
2010-12-28,2010,12,28,1,11.62,11.64,11.67,11.61,175920000.0,0.0024,0.0017241379310344307,0.0600000000000005,-0.02000000000000135,11.62
2010-12-29,2010,12,29,2,11.62,11.65,11.66,11.61,163270000.0,-0.0006,0.0,0.05000000000000071,-0.030000000000001137,11.56
2010-12-30,2010,12,30,3,11.56,11.62,11.63,11.54,157660000.0,-0.005,-0.005163511187607495,0.09000000000000163,-0.05999999999999872,11.52
2010-12-31,2010,12,31,4,11.52,11.53,11.55,11.48,193660000.0,-0.0034000000000000002,-0.0034602076124568004,0.07000000000000028,-0.009999999999999787,11.77
2011-01-03,2011,1,3,0,11.77,11.63,11.79,11.6,445120000.0,0.0217,0.02170138888888884,0.1899999999999995,0.1399999999999988,11.83
2011-01-04,2011,1,4,1,11.83,11.87,11.87,11.72,309350000.0,0.0052,0.005097706032285432,0.14999999999999858,-0.03999999999999915,11.93
2011-01-05,2011,1,5,2,11.93,11.77,11.94,11.77,255520000.0,0.008199999999999999,0.008453085376162184,0.16999999999999993,0.16000000000000014,11.92
2011-01-06,2011,1,6,3,11.92,11.95,11.97,11.89,300430000.0,-0.0008,-0.0008382229673092878,0.08000000000000007,-0.02999999999999936,12.0
2011-01-07,2011,1,7,4,12.0,11.93,12.01,11.85,311930000.0,0.0072,0.006711409395973256,0.16000000000000014,0.07000000000000028,12.23
2011-01-10,2011,1,10,0,12.23,12.1,12.26,12.04,448560000.0,0.018799999999999997,0.019166666666666776,0.22000000000000064,0.13000000000000078,12.2
2011-01-11,2011,1,11,1,12.2,12.32,12.32,12.12,444080000.0,-0.0024,-0.0024529844644318732,0.20000000000000107,-0.120000000000001,12.3
2011-01-12,2011,1,12,2,12.3,12.26,12.3,12.21,302580000.0,0.008100000000000001,0.00819672131147553,0.08999999999999986,0.040000000000000924,12.35
2011-01-13,2011,1,13,3,12.35,12.33,12.38,12.28,298150000.0,0.0037,0.00406504065040636,0.10000000000000142,0.019999999999999574,12.45
2011-01-14,2011,1,14,4,12.45,12.35,12.45,12.3,308840000.0,0.008100000000000001,0.00809716599190291,0.14999999999999858,0.09999999999999964,12.17
2011-01-18,2011,1,18,1,12.17,11.77,12.31,11.64,1880000000.0,-0.0225,-0.02248995983935742,0.6699999999999999,0.40000000000000036,12.1
2011-01-19,2011,1,19,2,12.1,12.44,12.45,12.03,1140000000.0,-0.0053,-0.005751848808545623,0.41999999999999993,-0.33999999999999986,11.88
2011-01-20,2011,1,20,3,11.88,12.02,12.08,11.79,764790000.0,-0.0182,-0.018181818181818077,0.2900000000000009,-0.1399999999999988,11.67
2011-01-21,2011,1,21,4,11.67,11.92,11.96,11.67,754400000.0,-0.0179,-0.017676767676767735,0.2900000000000009,-0.25,12.05
2011-01-24,2011,1,24,0,12.05,11.67,12.05,11.67,574680000.0,0.032799999999999996,0.03256212510711243,0.3800000000000008,0.3800000000000008,12.19
2011-01-25,2011,1,25,1,12.19,12.01,12.19,11.95,546870000.0,0.011699999999999999,0.011618257261410747,0.2400000000000002,0.17999999999999972,12.28
2011-01-26,2011,1,26,2,12.28,12.25,12.34,12.2,506870000.0,0.0072,0.007383100902379036,0.14000000000000057,0.02999999999999936,12.26
2011-01-27,2011,1,27,3,12.26,12.28,12.31,12.24,285020000.0,-0.0019,-0.0016286644951140072,0.07000000000000028,-0.019999999999999574,12.0
2011-01-28,2011,1,28,4,12.0,12.29,12.3,11.91,592060000.0,-0.0207,-0.021207177814029365,0.39000000000000057,-0.28999999999999915,12.12
2011-01-31,2011,1,31,0,12.12,11.99,12.14,11.94,377250000.0,0.0096,0.010000000000000009,0.20000000000000107,0.129999999999999,12.32
2011-02-01,2011,2,1,1,12.32,12.19,12.34,12.18,426630000.0,0.0168,0.01650165016501659,0.16000000000000014,0.13000000000000078,12.3
2011-02-02,2011,2,2,2,12.3,12.3,12.33,12.27,258959999.99999997,-0.0021,-0.0016233766233766378,0.0600000000000005,0.0,12.27
2011-02-03,2011,2,3,3,12.27,12.28,12.29,12.09,393800000.0,-0.0026,-0.0024390243902440156,0.1999999999999993,-0.009999999999999787,12.37
2011-02-04,2011,2,4,4,12.37,12.27,12.38,12.27,321840000.0,0.0089,0.008149959250203676,0.11000000000000121,0.09999999999999964,12.57
2011-02-07,2011,2,7,0,12.57,12.42,12.62,12.42,485020000.0,0.0155,0.01616814874696848,0.1999999999999993,0.15000000000000036,12.69
2011-02-08,2011,2,8,1,12.69,12.63,12.7,12.58,381040000.0,0.009399999999999999,0.009546539379474916,0.11999999999999922,0.05999999999999872,12.79
2011-02-09,2011,2,9,2,12.79,12.69,12.82,12.67,482740000.0,0.0083,0.007880220646178104,0.15000000000000036,0.09999999999999964,12.66
2011-02-10,2011,2,10,3,12.66,12.76,12.86,12.43,928550000.0,-0.0101,-0.010164190774042181,0.4299999999999997,-0.09999999999999964,12.74
2011-02-11,2011,2,11,4,12.74,12.67,12.78,12.63,367570000.0,0.006500000000000001,0.006319115323854652,0.14999999999999858,0.07000000000000028,12.83
2011-02-14,2011,2,14,0,12.83,12.74,12.84,12.74,310410000.0,0.006500000000000001,0.00706436420722123,0.09999999999999964,0.08999999999999986,12.85
2011-02-15,2011,2,15,1,12.85,12.83,12.86,12.77,284170000.0,0.002,0.001558846453624252,0.08999999999999986,0.019999999999999574,12.97
2011-02-16,2011,2,16,2,12.97,12.89,13.03,12.87,481160000.0,0.009000000000000001,0.009338521400778177,0.16000000000000014,0.08000000000000007,12.8
2011-02-17,2011,2,17,3,12.8,12.76,12.87,12.73,530570000.00000006,-0.013300000000000001,-0.013107170393215073,0.1399999999999988,0.040000000000000924,12.52
2011-02-18,2011,2,18,4,12.52,12.81,12.84,12.48,816050000.0,-0.0216,-0.02187500000000009,0.35999999999999943,-0.2900000000000009,12.09
2011-02-22,2011,2,22,1,12.09,12.22,12.34,12.06,872540000.0,-0.0341,-0.034345047923322714,0.27999999999999936,-0.13000000000000078,12.24
2011-02-23,2011,2,23,2,12.24,12.1,12.31,12.09,671850000.0,0.0118,0.012406947890818865,0.22000000000000064,0.14000000000000057,12.25
2011-02-24,2011,2,24,3,12.25,12.29,12.33,12.08,499900000.0,0.0008,0.0008169934640522847,0.25,-0.03999999999999915,12.43
2011-02-25,2011,2,25,4,12.43,12.33,12.44,12.31,380020000.0,0.0154,0.014693877551020362,0.129999999999999,0.09999999999999964,12.61
2011-02-28,2011,2,28,0,12.61,12.54,12.68,12.54,403070000.0,0.014499999999999999,0.014481094127111849,0.14000000000000057,0.07000000000000028,12.48
2011-03-01,2011,3,1,1,12.48,12.7,12.7,12.42,456130000.0,-0.011000000000000001,-0.010309278350515427,0.27999999999999936,-0.21999999999999886,12.58
2011-03-02,2011,3,2,2,12.58,12.5,12.66,12.44,602590000.0,0.008,0.008012820512820484,0.22000000000000064,0.08000000000000007,12.84
2011-03-03,2011,3,3,3,12.84,12.76,12.85,12.71,500790000.0,0.021099999999999997,0.020667726550079424,0.1399999999999988,0.08000000000000007,12.86
2011-03-04,2011,3,4,4,12.86,12.86,12.87,12.78,453270000.0,0.0012,0.0015576323987538387,0.08999999999999986,0.0,12.69
2011-03-07,2011,3,7,0,12.69,12.91,12.92,12.55,546120000.0,-0.0129,-0.013219284603421477,0.3699999999999992,-0.22000000000000064,12.71
2011-03-08,2011,3,8,1,12.71,12.68,12.76,12.58,356320000.0,0.0011,0.0015760441292356209,0.17999999999999972,0.030000000000001137,12.59
2011-03-09,2011,3,9,2,12.59,12.67,12.67,12.52,453400000.0,-0.0092,-0.009441384736428082,0.15000000000000036,-0.08000000000000007,12.38
2011-03-10,2011,3,10,3,12.38,12.47,12.49,12.32,507890000.0,-0.0165,-0.016679904686258906,0.16999999999999993,-0.08999999999999986,12.57
2011-03-11,2011,3,11,4,12.57,12.33,12.58,12.32,471080000.0,0.015300000000000001,0.015347334410339197,0.2599999999999998,0.2400000000000002,12.63
2011-03-14,2011,3,14,0,12.63,12.61,12.73,12.55,436460000.0,0.0045000000000000005,0.004773269689737569,0.17999999999999972,0.02000000000000135,12.34
2011-03-15,2011,3,15,1,12.34,12.22,12.42,12.15,721050000.0,-0.023,-0.022961203483768844,0.2699999999999996,0.11999999999999922,11.79
2011-03-16,2011,3,16,2,11.79,12.21,12.25,11.65,1160000000.0,-0.0446,-0.044570502431118375,0.5999999999999996,-0.4200000000000017,11.95
2011-03-17,2011,3,17,3,11.95,12.03,12.13,11.81,659420000.0,0.013999999999999999,0.013570822731128196,0.3200000000000003,-0.08000000000000007,11.81
2011-03-18,2011,3,18,4,11.81,12.04,12.08,11.79,753210000.0,-0.011899999999999999,-0.01171548117154797,0.2900000000000009,-0.22999999999999865,12.12
2011-03-21,2011,3,21,0,12.12,12.0,12.13,11.97,409390000.0,0.026099999999999998,0.02624894157493629,0.16000000000000014,0.11999999999999922,12.19
2011-03-22,2011,3,22,1,12.19,12.23,12.24,12.11,326230000.0,0.005600000000000001,0.005775577557755707,0.13000000000000078,-0.040000000000000924,12.11
2011-03-23,2011,3,23,2,12.11,12.12,12.15,12.0,372990000.0,-0.0059,-0.00656275635767023,0.15000000000000036,-0.009999999999999787,12.32
2011-03-24,2011,3,24,3,12.32,12.21,12.36,12.1,404710000.0,0.017,0.017341040462427904,0.2599999999999998,0.10999999999999943,12.55
2011-03-25,2011,3,25,4,12.55,12.43,12.57,12.39,449170000.0,0.019,0.018668831168831224,0.17999999999999972,0.120000000000001,12.52
2011-03-28,2011,3,28,0,12.52,12.61,12.65,12.52,309350000.0,-0.0031,-0.0023904382470120167,0.13000000000000078,-0.08999999999999986,12.53
2011-03-29,2011,3,29,1,12.53,12.42,12.53,12.36,352900000.0,0.0015,0.0007987220447285281,0.16999999999999993,0.10999999999999943,12.45
2011-03-30,2011,3,30,2,12.45,12.52,12.53,12.41,329410000.0,-0.0066,-0.006384676775738285,0.11999999999999922,-0.07000000000000028,12.45
2011-03-31,2011,3,31,3,12.45,12.37,12.49,12.36,274370000.0,0.0,0.0,0.13000000000000078,0.08000000000000007,12.31
2011-04-01,2011,4,1,4,12.31,12.54,12.56,12.26,418660000.0,-0.0113,-0.011244979919678655,0.3000000000000007,-0.22999999999999865,12.19
2011-04-04,2011,4,4,0,12.19,12.3,12.31,12.09,460080000.0,-0.0098,-0.009748172217709294,0.22000000000000064,-0.11000000000000121,12.1
2011-04-05,2011,4,5,1,12.1,12.04,12.22,12.0,482960000.0,-0.0067,-0.007383100902379036,0.22000000000000064,0.0600000000000005,12.07
2011-04-06,2011,4,6,2,12.07,12.19,12.28,12.04,402540000.0,-0.0025,-0.0024793388429751317,0.2400000000000002,-0.11999999999999922,12.07
2011-04-07,2011,4,7,3,12.07,12.07,12.16,12.0,373450000.0,0.0,0.0,0.16000000000000014,0.0,11.97
2011-04-08,2011,4,8,4,11.97,12.14,12.15,11.93,377530000.0,-0.0089,-0.008285004142501995,0.22000000000000064,-0.16999999999999993,11.81
2011-04-11,2011,4,11,0,11.81,11.93,11.99,11.79,399150000.0,-0.0127,-0.013366750208855471,0.20000000000000107,-0.11999999999999922,11.87
2011-04-12,2011,4,12,1,11.87,11.8,11.92,11.79,426510000.0,0.0048,0.00508044030482635,0.13000000000000078,0.06999999999999851,12.0
2011-04-13,2011,4,13,2,12.0,11.96,12.0,11.88,346440000.0,0.011200000000000002,0.010951979780960519,0.11999999999999922,0.03999999999999915,11.87
2011-04-14,2011,4,14,3,11.87,11.96,12.0,11.86,301990000.0,-0.011000000000000001,-0.010833333333333361,0.14000000000000057,-0.09000000000000163,11.69
2011-04-15,2011,4,15,4,11.69,11.9,11.92,11.67,453830000.0,-0.0149,-0.015164279696714411,0.25,-0.21000000000000085,11.85
2011-04-18,2011,4,18,0,11.85,11.65,11.87,11.43,609900000.0,0.0134,0.01368691189050475,0.4399999999999995,0.1999999999999993,12.07
2011-04-19,2011,4,19,1,12.07,11.9,12.07,11.85,419380000.0,0.0181,0.018565400843881807,0.22000000000000064,0.16999999999999993,12.23
2011-04-20,2011,4,20,2,12.23,12.27,12.35,12.2,700660000.0,0.013500000000000002,0.013256006628003414,0.15000000000000036,-0.03999999999999915,12.52
2011-04-21,2011,4,21,3,12.52,12.68,12.68,12.45,753800000.0,0.0242,0.023712183156173294,0.23000000000000043,-0.16000000000000014,12.61
2011-04-25,2011,4,25,0,12.61,12.51,12.63,12.51,266550000.0,0.0066,0.007188498402555865,0.120000000000001,0.09999999999999964,12.51
2011-04-26,2011,4,26,1,12.51,12.63,12.68,12.48,337600000.0,-0.0073,-0.007930214115781098,0.1999999999999993,-0.120000000000001,12.51
2011-04-27,2011,4,27,2,12.51,12.58,12.58,12.4,356210000.0,-0.0008,0.0,0.17999999999999972,-0.07000000000000028,12.38
2011-04-28,2011,4,28,3,12.38,12.36,12.49,12.34,361190000.0,-0.0097,-0.010391686650679355,0.15000000000000036,0.02000000000000135,12.5
2011-04-29,2011,4,29,4,12.5,12.38,12.64,12.38,1010000000.0,0.0097,0.009693053311793154,0.2599999999999998,0.11999999999999922,12.37
2011-05-02,2011,5,2,0,12.37,12.49,12.52,12.34,442710000.0,-0.011000000000000001,-0.010400000000000076,0.17999999999999972,-0.120000000000001,12.44
2011-05-03,2011,5,3,1,12.44,12.43,12.5,12.34,313560000.0,0.0055000000000000005,0.0056588520614389015,0.16000000000000014,0.009999999999999787,12.48
2011-05-04,2011,5,4,2,12.48,12.44,12.57,12.39,389250000.0,0.0039000000000000003,0.003215434083601254,0.17999999999999972,0.040000000000000924,12.38
2011-05-05,2011,5,5,3,12.38,12.44,12.53,12.36,336260000.0,-0.008100000000000001,-0.008012820512820484,0.16999999999999993,-0.05999999999999872,12.38
2011-05-06,2011,5,6,4,12.38,12.49,12.5,12.36,280250000.0,0.0,0.0,0.14000000000000057,-0.10999999999999943,12.41
2011-05-09,2011,5,9,0,12.41,12.42,12.47,12.38,204750000.0,0.0027,0.0024232633279481774,0.08999999999999986,-0.009999999999999787,12.48
2011-05-10,2011,5,10,1,12.48,12.46,12.49,12.38,282090000.0,0.0053,0.005640612409347323,0.10999999999999943,0.019999999999999574,12.4
2011-05-11,2011,5,11,2,12.4,12.46,12.5,12.33,336080000.0,-0.0064,-0.0064102564102563875,0.16999999999999993,-0.0600000000000005,12.38
2011-05-12,2011,5,12,3,12.38,12.36,12.4,12.22,320960000.0,-0.0019,-0.001612903225806428,0.17999999999999972,0.02000000000000135,12.16
2011-05-13,2011,5,13,4,12.16,12.34,12.37,12.16,326190000.0,-0.0175,-0.017770597738287597,0.20999999999999908,-0.17999999999999972,11.9
2011-05-16,2011,5,16,0,11.9,12.11,12.19,11.88,450140000.0,-0.021099999999999997,-0.021381578947368363,0.3099999999999987,-0.20999999999999908,12.0
2011-05-17,2011,5,17,1,12.0,11.86,12.0,11.81,452790000.0,0.0085,0.008403361344537785,0.1899999999999995,0.14000000000000057,12.14
2011-05-18,2011,5,18,2,12.14,12.02,12.18,12.0,334770000.0,0.0111,0.011666666666666714,0.17999999999999972,0.120000000000001,12.16
2011-05-19,2011,5,19,3,12.16,12.22,12.23,12.1,261170000.00000003,0.0019,0.0016474464579900872,0.13000000000000078,-0.0600000000000005,11.97
2011-05-20,2011,5,20,4,11.97,12.13,12.18,11.96,338190000.0,-0.015600000000000001,-0.015625,0.21999999999999886,-0.16000000000000014,11.94
2011-05-23,2011,5,23,0,11.94,11.78,12.0,11.76,382510000.0,-0.0024,-0.0025062656641604564,0.2400000000000002,0.16000000000000014,11.86
2011-05-24,2011,5,24,1,11.86,11.98,12.0,11.83,322080000.0,-0.0066,-0.00670016750418756,0.16999999999999993,-0.120000000000001,12.03
2011-05-25,2011,5,25,2,12.03,11.91,12.09,11.89,294220000.0,0.0138,0.014333895446880351,0.1999999999999993,0.11999999999999922,11.96
2011-05-26,2011,5,26,3,11.96,12.0,12.03,11.94,222700000.0,-0.0053,-0.005818786367414619,0.08999999999999986,-0.03999999999999915,12.05
2011-05-27,2011,5,27,4,12.05,11.96,12.06,11.94,203650000.0,0.0072,0.007525083612040184,0.120000000000001,0.08999999999999986,12.42
2011-05-31,2011,5,31,1,12.42,12.18,12.42,12.18,417740000.0,0.030899999999999997,0.03070539419087126,0.2400000000000002,0.2400000000000002,12.34
2011-06-01,2011,6,1,2,12.34,12.46,12.58,12.31,554680000.0,-0.0067,-0.006441223832528209,0.2699999999999996,-0.120000000000001,12.36
2011-06-02,2011,6,2,3,12.36,12.37,12.43,12.3,338880000.0,0.0017000000000000001,0.0016207455429497752,0.129999999999999,-0.009999999999999787,12.27
2011-06-03,2011,6,3,4,12.27,12.26,12.33,12.21,313440000.0,-0.0077,-0.007281553398058249,0.11999999999999922,0.009999999999999787,12.07
2011-06-06,2011,6,6,0,12.07,12.35,12.39,12.06,461940000.0,-0.015700000000000002,-0.016299918500407462,0.33000000000000007,-0.27999999999999936,11.86
2011-06-07,2011,6,7,1,11.86,12.08,12.08,11.85,529970000.0,-0.0177,-0.01739850869925441,0.23000000000000043,-0.22000000000000064,11.87
2011-06-08,2011,6,8,2,11.87,11.85,11.96,11.81,333890000.0,0.0006,0.0008431703204045959,0.15000000000000036,0.019999999999999574,11.84
2011-06-09,2011,6,9,3,11.84,11.9,11.92,11.81,275370000.0,-0.0023,-0.002527379949452402,0.10999999999999943,-0.0600000000000005,11.64
2011-06-10,2011,6,10,4,11.64,11.81,11.84,11.63,434120000.0,-0.0169,-0.016891891891891886,0.20999999999999908,-0.16999999999999993,11.66
2011-06-13,2011,6,13,0,11.66,11.69,11.73,11.61,329660000.0,0.0021,0.0017182130584192379,0.120000000000001,-0.02999999999999936,11.87
2011-06-14,2011,6,14,1,11.87,11.79,11.9,11.76,334570000.0,0.0179,0.01801029159519718,0.14000000000000057,0.08000000000000007,11.67
2011-06-15,2011,6,15,2,11.67,11.78,11.8,11.6,399410000.0,-0.0171,-0.0168491996630159,0.20000000000000107,-0.10999999999999943,11.61
2011-06-16,2011,6,16,3,11.61,11.67,11.74,11.37,510590000.0,-0.0049,-0.005141388174807249,0.370000000000001,-0.0600000000000005,11.44
2011-06-17,2011,6,17,4,11.44,11.75,11.76,11.41,615490000.0,-0.0151,-0.01464254952627042,0.34999999999999964,-0.3100000000000005,11.26
2011-06-20,2011,6,20,0,11.26,11.33,11.35,11.09,640650000.0,-0.0154,-0.01573426573426573,0.2599999999999998,-0.07000000000000028,11.62
2011-06-21,2011,6,21,1,11.62,11.31,11.64,11.26,493370000.0,0.0317,0.03197158081705154,0.3800000000000008,0.3099999999999987,11.52
2011-06-22,2011,6,22,2,11.52,11.61,11.75,11.51,390580000.0,-0.0083,-0.008605851979345935,0.2400000000000002,-0.08999999999999986,11.83
2011-06-23,2011,6,23,3,11.83,11.39,11.85,11.36,559760000.0,0.026699999999999998,0.02690972222222232,0.4900000000000002,0.4399999999999995,11.66
2011-06-24,2011,6,24,4,11.66,11.83,11.9,11.61,439930000.0,-0.0147,-0.014370245139475935,0.2900000000000009,-0.16999999999999993,11.86
2011-06-27,2011,6,27,0,11.86,11.7,11.92,11.69,339960000.0,0.0174,0.01715265866209248,0.23000000000000043,0.16000000000000014,11.97
2011-06-28,2011,6,28,1,11.97,11.92,12.02,11.91,294300000.0,0.0097,0.00927487352445211,0.10999999999999943,0.05000000000000071,11.93
2011-06-29,2011,6,29,2,11.93,12.0,12.01,11.85,352720000.0,-0.0036,-0.003341687552213979,0.16000000000000014,-0.07000000000000028,11.99
2011-06-30,2011,6,30,3,11.99,11.95,12.0,11.89,323230000.0,0.0049,0.005029337803855949,0.10999999999999943,0.040000000000000924,12.26
2011-07-01,2011,7,1,4,12.26,12.0,12.27,11.94,435310000.0,0.0226,0.02251876563803168,0.33000000000000007,0.2599999999999998,12.48
2011-07-05,2011,7,5,1,12.48,12.25,12.49,12.23,355270000.0,0.018000000000000002,0.01794453507340954,0.2599999999999998,0.23000000000000043,12.56
2011-07-06,2011,7,6,2,12.56,12.46,12.65,12.38,444630000.0,0.0067,0.0064102564102563875,0.2699999999999996,0.09999999999999964,12.76
2011-07-07,2011,7,7,3,12.76,12.67,12.79,12.64,399660000.0,0.0155,0.015923566878980777,0.14999999999999858,0.08999999999999986,12.85
2011-07-08,2011,7,8,4,12.85,12.62,12.86,12.58,489930000.0,0.006999999999999999,0.007053291536050166,0.27999999999999936,0.23000000000000043,12.64
2011-07-11,2011,7,11,0,12.64,12.73,12.85,12.6,442860000.0,-0.0159,-0.01634241245136181,0.25,-0.08999999999999986,12.63
2011-07-12,2011,7,12,1,12.63,12.63,12.77,12.45,451610000.0,-0.0007000000000000001,-0.0007911392405063333,0.3200000000000003,0.0,12.79
2011-07-13,2011,7,13,2,12.79,12.8,12.86,12.73,391640000.0,0.0121,0.012668250197941378,0.129999999999999,-0.010000000000001563,12.78
2011-07-14,2011,7,14,3,12.78,12.89,12.91,12.73,430530000.0,-0.0007000000000000001,-0.0007818608287724071,0.17999999999999972,-0.11000000000000121,13.03
2011-07-15,2011,7,15,4,13.03,12.9,13.04,12.83,484470000.0,0.02,0.019561815336463173,0.20999999999999908,0.129999999999999,13.35
2011-07-18,2011,7,18,0,13.35,13.05,13.38,13.05,572630000.0,0.024300000000000002,0.024558710667689887,0.33000000000000007,0.29999999999999893,13.46
2011-07-19,2011,7,19,1,13.46,13.5,13.52,13.33,819150000.0,0.008199999999999999,0.008239700374532033,0.1899999999999995,-0.03999999999999915,13.82
2011-07-20,2011,7,20,2,13.82,14.15,14.15,13.79,941330000.0,0.026699999999999998,0.026745913818722045,0.3600000000000012,-0.33000000000000007,13.83
2011-07-21,2011,7,21,3,13.83,13.82,13.93,13.71,526520000.0,0.001,0.0007235890014472002,0.21999999999999886,0.009999999999999787,14.05
2011-07-22,2011,7,22,4,14.05,13.87,14.11,13.85,516730000.0,0.0155,0.01590744757772966,0.2599999999999998,0.1800000000000015,14.23
2011-07-25,2011,7,25,0,14.23,13.94,14.29,13.91,589800000.0,0.0132,0.012811387900355742,0.379999999999999,0.2900000000000009,14.41
2011-07-26,2011,7,26,1,14.41,14.29,14.45,14.27,476580000.0,0.0123,0.012649332396345692,0.17999999999999972,0.120000000000001,14.02
2011-07-27,2011,7,27,2,14.02,14.31,14.38,14.01,659320000.0,-0.0268,-0.02706453851492019,0.370000000000001,-0.2900000000000009,13.99
2011-07-28,2011,7,28,3,13.99,13.99,14.18,13.86,594020000.0,-0.002,-0.002139800285306692,0.3200000000000003,0.0,13.95
2011-07-29,2011,7,29,4,13.95,13.84,14.11,13.71,632580000.0,-0.0034000000000000002,-0.002859185132237374,0.3999999999999986,0.10999999999999943,14.17
2011-08-01,2011,8,1,0,14.17,14.21,14.27,14.01,612830000.0,0.0161,0.01577060931899643,0.2599999999999998,-0.040000000000000924,13.89
2011-08-02,2011,8,2,1,13.89,14.2,14.21,13.87,639540000.0,-0.019799999999999998,-0.019760056457304165,0.34000000000000163,-0.3099999999999987,14.02
2011-08-03,2011,8,3,2,14.02,13.96,14.06,13.65,732500000.0,0.009399999999999999,0.009359251259899226,0.41000000000000014,0.05999999999999872,13.48
2011-08-04,2011,8,4,3,13.48,13.91,13.98,13.48,871410000.0,-0.0387,-0.03851640513552057,0.5,-0.4299999999999997,13.34
2011-08-05,2011,8,5,4,13.34,13.59,13.7,12.95,1200000000.0,-0.009899999999999999,-0.010385756676557945,0.75,-0.25,12.61
2011-08-08,2011,8,8,0,12.61,12.92,13.13,12.61,1140000000.0,-0.0546,-0.05472263868065974,0.5200000000000014,-0.3100000000000005,13.36
2011-08-09,2011,8,9,1,13.36,12.9,13.38,12.68,1080000000.0,0.058899999999999994,0.059476605868358456,0.7000000000000011,0.4599999999999991,12.99
2011-08-10,2011,8,10,2,12.99,13.26,13.38,12.95,878650000.0,-0.0276,-0.02769461077844304,0.4300000000000015,-0.2699999999999996,13.35
2011-08-11,2011,8,11,3,13.35,13.23,13.41,13.03,741970000.0,0.0275,0.02771362586605086,0.3800000000000008,0.11999999999999922,13.46
2011-08-12,2011,8,12,4,13.46,13.5,13.56,13.37,528970000.0,0.0088,0.008239700374532033,0.19000000000000128,-0.03999999999999915,13.69
2011-08-15,2011,8,15,0,13.69,13.56,13.75,13.5,460540000.0,0.017,0.017087667161961306,0.25,0.129999999999999,13.59
2011-08-16,2011,8,16,1,13.59,13.63,13.69,13.43,498890000.0,-0.0076,-0.007304601899196461,0.2599999999999998,-0.040000000000000924,13.59
2011-08-17,2011,8,17,2,13.59,13.65,13.73,13.5,442060000.0,0.0,0.0,0.23000000000000043,-0.0600000000000005,13.07
2011-08-18,2011,8,18,3,13.07,13.24,13.31,12.91,851430000.0,-0.0378,-0.038263428991905823,0.40000000000000036,-0.16999999999999993,12.72
2011-08-19,2011,8,19,4,12.72,12.93,13.11,12.71,775880000.0,-0.0274,-0.026778882938025994,0.3999999999999986,-0.20999999999999908,12.73
2011-08-22,2011,8,22,0,12.73,13.02,13.03,12.68,535309999.99999994,0.0012,0.0007861635220125507,0.34999999999999964,-0.28999999999999915,13.34
2011-08-23,2011,8,23,1,13.34,12.87,13.34,12.75,656830000.0,0.0481,0.04791830322073842,0.5899999999999999,0.47000000000000064,13.43
2011-08-24,2011,8,24,2,13.43,13.34,13.53,13.24,626270000.0,0.0069,0.006746626686656709,0.28999999999999915,0.08999999999999986,13.35
2011-08-25,2011,8,25,3,13.35,13.04,13.41,13.04,871300000.0,-0.006500000000000001,-0.005956813104988856,0.370000000000001,0.3100000000000005,13.7
2011-08-26,2011,8,26,4,13.7,13.26,13.71,13.24,641480000.0,0.0264,0.02621722846441954,0.47000000000000064,0.4399999999999995,13.93
2011-08-29,2011,8,29,0,13.93,13.86,13.98,13.86,405250000.0,0.0167,0.016788321167883202,0.120000000000001,0.07000000000000028,13.93
2011-08-30,2011,8,30,1,13.93,13.87,13.99,13.79,417920000.0,0.0,0.0,0.20000000000000107,0.0600000000000005,13.74
2011-08-31,2011,8,31,2,13.74,13.95,14.0,13.64,522760000.0,-0.0132,-0.013639626704953334,0.35999999999999943,-0.20999999999999908,13.61
2011-09-01,2011,9,1,3,13.61,13.78,13.83,13.6,343720000.0,-0.009899999999999999,-0.009461426491994218,0.23000000000000043,-0.16999999999999993,13.36
2011-09-02,2011,9,2,4,13.36,13.38,13.5,13.28,439170000.0,-0.0183,-0.018368846436443764,0.22000000000000064,-0.02000000000000135,13.56
2011-09-06,2011,9,6,1,13.56,13.12,13.58,13.09,509700000.0,0.0152,0.014970059880239583,0.4900000000000002,0.4400000000000013,13.71
2011-09-07,2011,9,7,2,13.71,13.77,13.77,13.64,350580000.0,0.011000000000000001,0.01106194690265494,0.129999999999999,-0.05999999999999872,13.72
2011-09-08,2011,9,8,3,13.72,13.66,13.88,13.65,416160000.0,0.0005,0.0007293946024800047,0.23000000000000043,0.0600000000000005,13.48
2011-09-09,2011,9,9,4,13.48,13.71,13.79,13.39,565080000.0,-0.0173,-0.017492711370262426,0.3999999999999986,-0.23000000000000043,13.57
2011-09-12,2011,9,12,0,13.57,13.32,13.6,13.28,467830000.0,0.006500000000000001,0.00667655786350152,0.3200000000000003,0.25,13.74
2011-09-13,2011,9,13,1,13.74,13.65,13.79,13.58,440740000.0,0.0123,0.012527634487840889,0.20999999999999908,0.08999999999999986,13.9
2011-09-14,2011,9,14,2,13.9,13.82,14.01,13.78,534720000.0,0.012199999999999999,0.011644832605531397,0.23000000000000043,0.08000000000000007,14.03
2011-09-15,2011,9,15,3,14.03,13.98,14.06,13.92,417820000.0,0.009399999999999999,0.009352517985611541,0.14000000000000057,0.049999999999998934,14.3
2011-09-16,2011,9,16,4,14.3,14.13,14.3,14.11,698490000.0,0.0192,0.0192444761225945,0.19000000000000128,0.16999999999999993,14.7
2011-09-19,2011,9,19,0,14.7,14.18,14.76,14.11,823860000.0,0.0278,0.027972027972027913,0.6500000000000004,0.5199999999999996,14.77
2011-09-20,2011,9,20,1,14.77,14.83,15.1,14.69,775750000.0,0.0044,0.004761904761904745,0.41000000000000014,-0.0600000000000005,14.72
2011-09-21,2011,9,21,2,14.72,14.99,15.06,14.71,605980000.0,-0.0032,-0.003385240352064889,0.34999999999999964,-0.2699999999999996,14.35
2011-09-22,2011,9,22,3,14.35,14.32,14.64,14.17,968480000.0,-0.025,-0.025135869565217406,0.47000000000000064,0.02999999999999936,14.44
2011-09-23,2011,9,23,4,14.44,14.3,14.53,14.28,546480000.0,0.0062,0.006271777003484358,0.25,0.1399999999999988,14.4
2011-09-26,2011,9,26,0,14.4,14.28,14.43,13.97,812880000.0,-0.0028000000000000004,-0.0027700831024930483,0.4599999999999991,0.120000000000001,14.26
2011-09-27,2011,9,27,1,14.26,14.6,14.62,14.22,632500000.0,-0.0097,-0.009722222222222299,0.3999999999999986,-0.33999999999999986,14.18
2011-09-28,2011,9,28,2,14.18,14.29,14.42,14.16,429850000.0,-0.005600000000000001,-0.005610098176718092,0.2599999999999998,-0.10999999999999943,13.95
2011-09-29,2011,9,29,3,13.95,14.35,14.36,13.79,651370000.0,-0.016200000000000003,-0.016220028208744797,0.5700000000000003,-0.40000000000000036,13.62
2011-09-30,2011,9,30,4,13.62,13.83,13.89,13.61,548240000.0,-0.023700000000000002,-0.023655913978494647,0.28000000000000114,-0.21000000000000085,13.38
2011-10-03,2011,10,3,0,13.38,13.58,13.67,13.33,669080000.0,-0.0176,-0.017621145374449254,0.33999999999999986,-0.1999999999999993,13.3
2011-10-04,2011,10,4,1,13.3,13.38,13.64,12.65,1230000000.0,-0.005600000000000001,-0.005979073243647215,0.9900000000000002,-0.08000000000000007,13.51
2011-10-05,2011,10,5,2,13.51,13.14,13.56,12.87,786470000.0,0.0154,0.015789473684210353,0.6900000000000013,0.3699999999999992,13.48
2011-10-06,2011,10,6,3,13.48,13.33,13.74,13.28,812580000.0,-0.0023,-0.0022205773501109416,0.46000000000000085,0.15000000000000036,13.21
2011-10-07,2011,10,7,4,13.21,13.42,13.49,13.16,535620000.0,-0.020099999999999996,-0.02002967359050445,0.33000000000000007,-0.20999999999999908,13.89
2011-10-10,2011,10,10,0,13.89,13.54,13.89,13.51,442510000.0,0.051399999999999994,0.051476154428463206,0.3800000000000008,0.3500000000000014,14.3
2011-10-11,2011,10,11,1,14.3,14.02,14.4,13.98,605680000.0,0.029500000000000002,0.029517638588912876,0.41999999999999993,0.28000000000000114,14.36
2011-10-12,2011,10,12,2,14.36,14.55,14.62,14.29,622280000.0,0.004699999999999999,0.00419580419580412,0.33000000000000007,-0.19000000000000128,14.59
2011-10-13,2011,10,13,3,14.59,14.46,14.59,14.39,426180000.0,0.0155,0.016016713091921986,0.1999999999999993,0.129999999999999,15.07
2011-10-14,2011,10,14,4,15.07,14.89,15.07,14.83,573370000.0,0.0332,0.032899246058944565,0.2400000000000002,0.17999999999999972,15.0
2011-10-17,2011,10,17,0,15.0,15.06,15.24,14.85,686040000.0,-0.0048,-0.004644990046449915,0.39000000000000057,-0.0600000000000005,15.08
2011-10-18,2011,10,18,1,15.08,15.06,15.17,14.86,881600000.0,0.0054,0.005333333333333412,0.3100000000000005,0.019999999999999574,14.24
2011-10-19,2011,10,19,2,14.24,14.33,14.59,14.21,1100000000.0,-0.0559,-0.0557029177718833,0.379999999999999,-0.08999999999999986,14.12
2011-10-20,2011,10,20,3,14.12,14.29,14.3,14.08,549530000.0,-0.0083,-0.008426966292134908,0.22000000000000064,-0.16999999999999993,14.03
2011-10-21,2011,10,21,4,14.03,14.22,14.25,13.96,621240000.0,-0.0062,-0.006373937677053854,0.28999999999999915,-0.19000000000000128,14.49
2011-10-24,2011,10,24,0,14.49,14.15,14.52,14.12,502360000.0,0.032799999999999996,0.032786885245901676,0.40000000000000036,0.33999999999999986,14.21
2011-10-25,2011,10,25,1,14.21,14.47,14.52,14.19,430600000.0,-0.0197,-0.019323671497584516,0.33000000000000007,-0.2599999999999998,14.31
2011-10-26,2011,10,26,2,14.31,14.35,14.38,14.04,456300000.0,0.0070999999999999995,0.0070372976776917895,0.34000000000000163,-0.03999999999999915,14.45
2011-10-27,2011,10,27,3,14.45,14.56,14.61,14.35,494850000.0,0.0102,0.009783368273934334,0.2599999999999998,-0.11000000000000121,14.46
2011-10-28,2011,10,28,4,14.46,14.39,14.51,14.38,322840000.0,0.0006,0.0006920415224913601,0.129999999999999,0.07000000000000028,14.46
2011-10-31,2011,10,31,0,14.46,14.37,14.62,14.32,385630000.0,-0.0004,0.0,0.29999999999999893,0.09000000000000163,14.16
2011-11-01,2011,11,1,1,14.16,14.19,14.27,14.04,531789999.99999994,-0.0204,-0.020746887966805017,0.23000000000000043,-0.02999999999999936,14.19
2011-11-02,2011,11,2,2,14.19,14.29,14.3,14.11,328260000.0,0.0023,0.0021186440677964935,0.19000000000000128,-0.09999999999999964,14.4
2011-11-03,2011,11,3,3,14.4,14.25,14.41,14.12,441520000.0,0.014199999999999999,0.014799154334038223,0.2900000000000009,0.15000000000000036,14.29
2011-11-04,2011,11,4,4,14.29,14.36,14.41,14.26,302230000.0,-0.006999999999999999,-0.007638888888888973,0.15000000000000036,-0.07000000000000028,14.28
2011-11-07,2011,11,7,0,14.28,14.28,14.29,14.15,270260000.0,-0.0013,-0.0006997900629810427,0.1399999999999988,0.0,14.51
2011-11-08,2011,11,8,1,14.51,14.36,14.57,14.34,400440000.0,0.0163,0.016106442577030755,0.23000000000000043,0.15000000000000036,14.12
2011-11-09,2011,11,9,2,14.12,14.18,14.32,14.08,558680000.0,-0.027000000000000003,-0.026878015161957314,0.2400000000000002,-0.0600000000000005,13.76
2011-11-10,2011,11,10,3,13.76,14.18,14.19,13.65,744980000.0,-0.0255,-0.025495750708215303,0.5399999999999991,-0.41999999999999993,13.74
2011-11-11,2011,11,11,4,13.74,13.81,13.88,13.58,653780000.0,-0.0016,-0.0014534883720930258,0.3000000000000007,-0.07000000000000028,13.54
2011-11-14,2011,11,14,0,13.54,13.7,13.76,13.51,433060000.0,-0.0139,-0.01455604075691419,0.25,-0.16000000000000014,13.89
2011-11-15,2011,11,15,1,13.89,13.6,13.91,13.55,430980000.0,0.0252,0.025849335302806642,0.35999999999999943,0.2900000000000009,13.74
2011-11-16,2011,11,16,2,13.74,13.9,13.97,13.73,349210000.0,-0.0104,-0.010799136069114534,0.2400000000000002,-0.16000000000000014,13.48
2011-11-17,2011,11,17,3,13.48,13.71,13.73,13.41,480120000.0,-0.0191,-0.018922852983988325,0.3200000000000003,-0.23000000000000043,13.39
2011-11-18,2011,11,18,4,13.39,13.53,13.57,13.39,372080000.0,-0.006500000000000001,-0.00667655786350152,0.17999999999999972,-0.1399999999999988,13.18
2011-11-21,2011,11,21,0,13.18,13.23,13.27,13.07,448200000.0,-0.0158,-0.015683345780433178,0.1999999999999993,-0.05000000000000071,13.45
2011-11-22,2011,11,22,1,13.45,13.25,13.5,13.25,409300000.0,0.0203,0.020485584218512765,0.25,0.1999999999999993,13.11
2011-11-23,2011,11,23,2,13.11,13.38,13.42,13.1,428640000.0,-0.0253,-0.02527881040892188,0.3200000000000003,-0.27000000000000135,12.98
2011-11-25,2011,11,25,4,12.98,13.16,13.26,12.98,254760000.0,-0.009300000000000001,-0.009916094584286772,0.27999999999999936,-0.17999999999999972,13.43
2011-11-28,2011,11,28,0,13.43,13.3,13.45,13.23,346640000.0,0.0345,0.034668721109399,0.21999999999999886,0.129999999999999,13.33
2011-11-29,2011,11,29,1,13.33,13.42,13.53,13.22,376030000.0,-0.0078000000000000005,-0.007446016381235987,0.3099999999999987,-0.08999999999999986,13.65
2011-11-30,2011,11,30,2,13.65,13.62,13.65,13.51,406070000.0,0.0241,0.02400600150037513,0.14000000000000057,0.030000000000001137,13.85
2011-12-01,2011,12,1,3,13.85,13.66,13.89,13.6,387180000.0,0.015,0.0146520146520146,0.2900000000000009,0.1899999999999995,13.92
2011-12-02,2011,12,2,4,13.92,13.92,14.06,13.88,379270000.0,0.0046,0.005054151624548808,0.17999999999999972,0.0,14.04
2011-12-05,2011,12,5,0,14.04,14.05,14.16,13.94,357370000.0,0.0085,0.008620689655172376,0.22000000000000064,-0.010000000000001563,13.96
2011-12-06,2011,12,6,1,13.96,14.02,14.09,13.91,283800000.0,-0.0052,-0.005698005698005604,0.17999999999999972,-0.05999999999999872,13.9
2011-12-07,2011,12,7,2,13.9,13.93,13.96,13.81,305000000.0,-0.0048,-0.004297994269340966,0.15000000000000036,-0.02999999999999936,13.95
2011-12-08,2011,12,8,3,13.95,13.98,14.12,13.94,376360000.0,0.004,0.003597122302158251,0.17999999999999972,-0.030000000000001137,14.06
2011-12-09,2011,12,9,4,14.06,14.03,14.07,13.97,297140000.0,0.0076,0.007885304659498216,0.09999999999999964,0.030000000000001137,13.99
2011-12-12,2011,12,12,0,13.99,13.99,14.07,13.91,301070000.0,-0.0045000000000000005,-0.004978662873399764,0.16000000000000014,0.0,13.89
2011-12-13,2011,12,13,1,13.89,14.04,14.12,13.82,339140000.0,-0.0077,-0.0071479628305932685,0.29999999999999893,-0.14999999999999858,13.58
2011-12-14,2011,12,14,2,13.58,13.81,13.83,13.49,407160000.0,-0.0222,-0.022318214542836556,0.33999999999999986,-0.23000000000000043,13.53
2011-12-15,2011,12,15,3,13.53,13.69,13.7,13.51,256450000.0,-0.0033,-0.003681885125184192,0.1899999999999995,-0.16000000000000014,13.61
2011-12-16,2011,12,16,4,13.61,13.58,13.72,13.56,421580000.0,0.0055000000000000005,0.00591278640059123,0.16000000000000014,0.02999999999999936,13.65
2011-12-19,2011,12,19,0,13.65,13.66,13.74,13.59,235530000.0,0.0031,0.0029390154298309934,0.15000000000000036,-0.009999999999999787,14.14
2011-12-20,2011,12,20,1,14.14,13.85,14.15,13.83,337400000.0,0.0359,0.03589743589743599,0.3200000000000003,0.2900000000000009,14.16
2011-12-21,2011,12,21,2,14.16,14.17,14.19,14.0,262950000.0,0.0013,0.0014144271570013522,0.1899999999999995,-0.009999999999999787,14.23
2011-12-22,2011,12,22,3,14.23,14.18,14.25,14.15,202360000.0,0.0053,0.004943502824858781,0.09999999999999964,0.05000000000000071,14.4
2011-12-23,2011,12,23,4,14.4,14.27,14.41,14.27,269610000.0,0.012,0.01194659170765977,0.14000000000000057,0.13000000000000078,14.52
2011-12-27,2011,12,27,1,14.52,14.4,14.61,14.39,265230000.00000003,0.0079,0.008333333333333304,0.21999999999999886,0.11999999999999922,14.38
2011-12-28,2011,12,28,2,14.38,14.53,14.58,14.33,228860000.0,-0.0096,-0.009641873278236845,0.25,-0.14999999999999858,14.47
2011-12-29,2011,12,29,3,14.47,14.41,14.49,14.3,216160000.0,0.0062,0.006258692628650975,0.1899999999999995,0.0600000000000005,14.46
2011-12-30,2011,12,30,4,14.46,14.41,14.51,14.41,179780000.0,0.0,-0.0006910850034553828,0.09999999999999964,0.05000000000000071,14.69
2012-01-03,2012,1,3,1,14.69,14.62,14.73,14.61,302260000.0,0.0154,0.015905947441217094,0.120000000000001,0.07000000000000028,14.77
2012-01-04,2012,1,4,2,14.77,14.64,14.81,14.62,260240000.0,0.0054,0.005445881552076148,0.19000000000000128,0.129999999999999,14.93
2012-01-05,2012,1,5,3,14.93,14.82,14.95,14.74,271270000.0,0.0111,0.01083276912660791,0.20999999999999908,0.10999999999999943,15.09
2012-01-06,2012,1,6,4,15.09,14.99,15.1,14.97,318390000.0,0.0105,0.010716677829872845,0.129999999999999,0.09999999999999964,15.06
2012-01-09,2012,1,9,0,15.06,15.2,15.28,15.05,394020000.0,-0.0016,-0.001988071570576455,0.22999999999999865,-0.1399999999999988,15.12
2012-01-10,2012,1,10,1,15.12,15.21,15.21,15.05,258329999.99999997,0.0036,0.003984063745019917,0.16000000000000014,-0.09000000000000163,15.09
2012-01-11,2012,1,11,2,15.09,15.1,15.1,14.98,215190000.0,-0.0016,-0.001984126984126977,0.11999999999999922,-0.009999999999999787,15.05
2012-01-12,2012,1,12,3,15.05,15.08,15.1,14.96,212720000.0,-0.0027,-0.002650762094101977,0.1399999999999988,-0.02999999999999936,14.99
2012-01-13,2012,1,13,4,14.99,14.99,15.02,14.95,226160000.0,-0.0037,-0.003986710963455153,0.07000000000000028,0.0,15.17
2012-01-17,2012,1,17,1,15.17,15.15,15.21,15.11,242900000.0,0.0116,0.01200800533689117,0.10000000000000142,0.019999999999999574,15.33
2012-01-18,2012,1,18,2,15.33,15.25,15.34,15.22,276790000.0,0.0104,0.01054713249835193,0.11999999999999922,0.08000000000000007,15.28
2012-01-19,2012,1,19,3,15.28,15.36,15.41,15.23,261740000.0,-0.0032,-0.003261578604044413,0.17999999999999972,-0.08000000000000007,15.01
2012-01-20,2012,1,20,4,15.01,15.27,15.27,14.99,413970000.0,-0.0174,-0.017670157068062853,0.27999999999999936,-0.2599999999999998,15.26
2012-01-23,2012,1,23,0,15.26,15.1,15.3,15.08,306060000.0,0.0169,0.01665556295802806,0.22000000000000064,0.16000000000000014,15.01
2012-01-24,2012,1,24,1,15.01,15.18,15.18,14.98,547640000.0,-0.016399999999999998,-0.016382699868938366,0.1999999999999993,-0.16999999999999993,15.95
2012-01-25,2012,1,25,2,15.95,16.23,16.23,15.85,958260000.0,0.062400000000000004,0.06262491672218529,0.3800000000000008,-0.28000000000000114,15.88
2012-01-26,2012,1,26,3,15.88,16.01,16.03,15.83,324230000.0,-0.0045000000000000005,-0.004388714733542187,0.20000000000000107,-0.13000000000000078,15.97
2012-01-27,2012,1,27,4,15.97,15.87,16.02,15.85,299890000.0,0.006,0.005667506297229119,0.16999999999999993,0.10000000000000142,16.18
2012-01-30,2012,1,30,0,16.18,15.92,16.21,15.91,379330000.0,0.0128,0.013149655604257848,0.3000000000000007,0.2599999999999998,16.3
2012-01-31,2012,1,31,1,16.3,16.27,16.37,16.18,391910000.0,0.0077,0.007416563658838138,0.19000000000000128,0.030000000000001137,16.29
2012-02-01,2012,2,1,2,16.29,16.37,16.39,16.27,270040000.0,-0.0006,-0.0006134969325154449,0.120000000000001,-0.08000000000000185,16.25
2012-02-02,2012,2,2,3,16.25,16.28,16.33,16.21,186790000.0,-0.0023,-0.0024554941682013443,0.11999999999999744,-0.030000000000001137,16.42
2012-02-03,2012,2,3,4,16.42,16.33,16.43,16.27,286870000.0,0.01,0.010461538461538522,0.16000000000000014,0.09000000000000341,16.57
2012-02-06,2012,2,6,0,16.57,16.37,16.61,16.36,249680000.0,0.009300000000000001,0.009135200974421442,0.25,0.1999999999999993,16.74
2012-02-07,2012,2,7,1,16.74,16.62,16.78,16.59,316220000.0,0.0105,0.010259505129752489,0.19000000000000128,0.11999999999999744,17.02
2012-02-08,2012,2,8,2,17.02,16.8,17.03,16.77,407880000.0,0.0167,0.016726403823178027,0.26000000000000156,0.21999999999999886,17.61
2012-02-09,2012,2,9,3,17.61,17.17,17.74,17.16,884220000.0,0.0346,0.03466509988249111,0.5799999999999983,0.4399999999999977,17.62
2012-02-10,2012,2,10,4,17.62,17.53,17.77,17.45,631300000.0,0.0005,0.0005678591709257219,0.3200000000000003,0.08999999999999986,17.95
2012-02-13,2012,2,13,0,17.95,17.84,17.99,17.75,517210000.00000006,0.018600000000000002,0.018728717366628622,0.23999999999999844,0.10999999999999943,18.19
2012-02-14,2012,2,14,1,18.19,18.02,18.2,17.93,461930000.0,0.013600000000000001,0.013370473537604566,0.2699999999999996,0.1700000000000017,17.77
2012-02-15,2012,2,15,2,17.77,18.37,18.8,17.75,1510000000.0,-0.0231,-0.023089609675646106,1.0500000000000007,-0.6000000000000014,17.94
2012-02-16,2012,2,16,3,17.94,17.55,18.03,17.38,944550000.0,0.0091,0.009566685424873489,0.6500000000000021,0.39000000000000057,17.93
2012-02-17,2012,2,17,4,17.93,17.97,18.13,17.87,535789999.99999994,0.0,-0.0005574136008918984,0.259999999999998,-0.03999999999999915,18.39
2012-02-21,2012,2,21,1,18.39,18.1,18.39,18.0,605590000.0,0.0254,0.025655326268823275,0.39000000000000057,0.28999999999999915,18.32
2012-02-22,2012,2,22,2,18.32,18.32,18.41,18.18,483300000.0,-0.0034999999999999996,-0.0038064165307232223,0.23000000000000043,0.0,18.44
2012-02-23,2012,2,23,3,18.44,18.4,18.49,18.2,568030000.0,0.006500000000000001,0.0065502183406114245,0.28999999999999915,0.0400000000000027,18.66
2012-02-24,2012,2,24,4,18.66,18.56,18.67,18.52,415280000.0,0.011699999999999999,0.01193058568329719,0.15000000000000213,0.10000000000000142,18.78
2012-02-27,2012,2,27,0,18.78,18.62,18.87,18.44,547580000.0,0.0064,0.00643086816720273,0.4299999999999997,0.16000000000000014,19.12
2012-02-28,2012,2,28,1,19.12,18.86,19.12,18.78,600390000.0,0.0184,0.018104366347177825,0.33999999999999986,0.26000000000000156,19.37
2012-02-29,2012,2,29,2,19.37,19.34,19.56,19.13,952000000.0,0.0131,0.013075313807531463,0.4299999999999997,0.030000000000001137,19.45
2012-03-01,2012,3,1,3,19.45,19.58,19.58,19.24,683250000.0,0.0037,0.004130098089829559,0.33999999999999986,-0.129999999999999,19.47
2012-03-02,2012,3,2,4,19.47,19.44,19.53,19.38,431710000.0,0.0013,0.0010282776349614942,0.15000000000000213,0.029999999999997584,19.04
2012-03-05,2012,3,5,0,19.04,19.48,19.55,18.79,809120000.0,-0.022000000000000002,-0.022085259373395005,0.7600000000000016,-0.4400000000000013,18.94
2012-03-06,2012,3,6,1,18.94,18.7,19.06,18.44,810240000.0,-0.0054,-0.005252100840336005,0.6199999999999974,0.240000000000002,18.95
2012-03-07,2012,3,7,2,18.95,19.17,19.21,18.69,798520000.0,0.0008,0.000527983104540608,0.5199999999999996,-0.22000000000000242,19.36
2012-03-08,2012,3,8,3,19.36,19.1,19.39,19.0,516440000.00000006,0.0213,0.021635883905013253,0.39000000000000057,0.259999999999998,19.47
2012-03-09,2012,3,9,4,19.47,19.44,19.56,19.4,418900000.0,0.0059,0.005681818181818121,0.16000000000000014,0.029999999999997584,19.71
2012-03-12,2012,3,12,0,19.71,19.61,19.71,19.54,407280000.0,0.0125,0.012326656394453073,0.1700000000000017,0.10000000000000142,20.29
2012-03-13,2012,3,13,1,20.29,19.91,20.29,19.85,690850000.0,0.0292,0.029426686960933424,0.4399999999999977,0.379999999999999,21.06
2012-03-14,2012,3,14,2,21.06,20.64,21.24,20.55,1420000000.0,0.0378,0.03794972893050752,0.6899999999999977,0.41999999999999815,20.91
2012-03-15,2012,3,15,3,20.91,21.41,21.43,20.66,1160000000.0,-0.0068000000000000005,-0.00712250712250706,0.7699999999999996,-0.5,20.91
2012-03-16,2012,3,16,4,20.91,20.88,21.04,20.64,825490000.0,0.0,0.0,0.3999999999999986,0.030000000000001137,21.47
2012-03-19,2012,3,19,0,21.47,21.37,21.49,21.04,901240000.0,0.0265,0.02678144428503093,0.4499999999999993,0.09999999999999787,21.64
2012-03-20,2012,3,20,1,21.64,21.41,21.67,20.79,816670000.0,0.008100000000000001,0.007918025151374186,0.8800000000000026,0.23000000000000043,21.52
2012-03-21,2012,3,21,2,21.52,21.53,21.77,21.48,644040000.0,-0.005699999999999999,-0.005545286506469571,0.28999999999999915,-0.010000000000001563,21.4
2012-03-22,2012,3,22,3,21.4,21.35,21.59,21.27,624130000.0,-0.0052,-0.005576208178438735,0.3200000000000003,0.04999999999999716,21.29
2012-03-23,2012,3,23,4,21.29,21.45,21.49,21.23,430490000.0,-0.0055000000000000005,-0.005140186915887801,0.259999999999998,-0.16000000000000014,21.68
2012-03-26,2012,3,26,0,21.68,21.42,21.68,21.26,595740000.0,0.0183,0.018318459370596507,0.41999999999999815,0.259999999999998,21.95
2012-03-27,2012,3,27,1,21.95,21.65,22.01,21.64,607130000.0,0.0124,0.012453874538745469,0.370000000000001,0.3000000000000007,22.06
2012-03-28,2012,3,28,2,22.06,22.08,22.19,21.8,655460000.0,0.0051,0.005011389521640153,0.39000000000000057,-0.019999999999999574,21.78
2012-03-29,2012,3,29,3,21.78,21.88,22.02,21.69,608240000.0,-0.0126,-0.012692656391658952,0.3299999999999983,-0.09999999999999787,21.41
2012-03-30,2012,3,30,4,21.41,21.74,21.81,21.35,731040000.0,-0.0169,-0.016988062442607976,0.4599999999999973,-0.3299999999999983,22.09
2012-04-02,2012,4,2,0,22.09,21.49,22.1,21.44,598350000.0,0.0318,0.03176085941148998,0.6600000000000001,0.6000000000000014,22.48
2012-04-03,2012,4,3,1,22.48,22.4,22.58,22.23,834550000.0,0.0173,0.017655047532820323,0.34999999999999787,0.08000000000000185,22.3
2012-04-04,2012,4,4,2,22.3,22.3,22.35,22.04,572980000.0,-0.008,-0.008007117437722422,0.3100000000000023,0.0,22.63
2012-04-05,2012,4,5,3,22.63,22.39,22.67,22.26,641280000.0,0.015,0.014798206278026749,0.41000000000000014,0.23999999999999844,22.72
2012-04-09,2012,4,9,0,22.72,22.36,22.85,22.33,597540000.0,0.004,0.003977021652673329,0.5200000000000031,0.35999999999999943,22.44
2012-04-10,2012,4,10,1,22.44,22.85,23.0,22.36,889690000.0,-0.012199999999999999,-0.012323943661971759,0.6400000000000006,-0.41000000000000014,22.36
2012-04-11,2012,4,11,2,22.36,22.72,22.75,22.26,696610000.0,-0.0036,-0.0035650623885918886,0.48999999999999844,-0.35999999999999943,22.24
2012-04-12,2012,4,12,3,22.24,22.32,22.55,22.16,614330000.0,-0.0055000000000000005,-0.00536672629695889,0.39000000000000057,-0.08000000000000185,21.62
2012-04-13,2012,4,13,4,21.62,22.29,22.31,21.55,859650000.0,-0.0282,-0.027877697841726556,0.759999999999998,-0.6699999999999982,20.72
2012-04-16,2012,4,16,0,20.72,21.79,21.8,20.65,1050000000.0,-0.0415,-0.04162812210915834,1.1500000000000021,-1.0700000000000003,21.77
2012-04-17,2012,4,17,1,21.77,20.68,21.79,20.43,1030000000.0,0.051,0.05067567567567566,1.3599999999999994,1.0899999999999999,21.73
2012-04-18,2012,4,18,2,21.73,21.92,22.15,21.53,954530000.0,-0.0022,-0.0018373909049149706,0.6199999999999974,-0.19000000000000128,20.98
2012-04-19,2012,4,19,3,20.98,21.44,21.6,20.88,834710000.0,-0.0344,-0.034514496088357105,0.7200000000000024,-0.46000000000000085,20.46
2012-04-20,2012,4,20,4,20.46,21.12,21.24,20.37,1030000000.0,-0.0246,-0.024785510009532885,0.8699999999999974,-0.6600000000000001,20.42
2012-04-23,2012,4,23,0,20.42,20.38,20.6,19.88,966520000.0,-0.0022,-0.0019550342130987275,0.7200000000000024,0.0400000000000027,20.01
2012-04-24,2012,4,24,1,20.01,20.09,20.27,19.82,1080000000.0,-0.02,-0.02007835455435847,0.4499999999999993,-0.0799999999999983,21.79
2012-04-25,2012,4,25,2,21.79,21.99,22.07,21.64,905710000.0,0.08869999999999999,0.08895552223888048,0.4299999999999997,-0.1999999999999993,21.7
2012-04-26,2012,4,26,3,21.7,21.94,21.95,21.5,536070000.00000006,-0.0038,-0.004130335016062414,0.4499999999999993,-0.240000000000002,21.54
2012-04-27,2012,4,27,4,21.54,21.61,21.65,21.45,406770000.0,-0.0077,-0.007373271889400956,0.1999999999999993,-0.07000000000000028,20.86
2012-04-30,2012,4,30,0,20.86,21.35,21.37,20.82,506140000.0,-0.0315,-0.03156917363045497,0.5500000000000007,-0.490000000000002,20.79
2012-05-01,2012,5,1,1,20.79,20.89,21.31,20.76,611000000.0,-0.0032,-0.003355704697986628,0.5499999999999972,-0.10000000000000142,20.93
2012-05-02,2012,5,2,2,20.93,20.72,20.98,20.67,427620000.0,0.0066,0.006734006734006703,0.3099999999999987,0.21000000000000085,20.78
2012-05-03,2012,5,3,3,20.78,21.09,21.12,20.72,390550000.0,-0.0070999999999999995,-0.007166746297181059,0.40000000000000213,-0.3099999999999987,20.19
2012-05-04,2012,5,4,4,20.19,20.61,20.66,20.18,529990000.0,-0.0285,-0.028392685274302165,0.4800000000000004,-0.41999999999999815,20.34
2012-05-07,2012,5,7,0,20.34,20.05,20.46,20.04,460290000.0,0.0075,0.007429420505200568,0.4200000000000017,0.28999999999999915,20.29
2012-05-08,2012,5,8,1,20.29,20.34,20.41,19.95,497250000.0,-0.0023,-0.002458210422812246,0.46000000000000085,-0.05000000000000071,20.33
2012-05-09,2012,5,9,2,20.33,20.13,20.5,20.03,480700000.0,0.0018,0.0019714144898963504,0.46999999999999886,0.1999999999999993,20.38
2012-05-10,2012,5,10,3,20.38,20.52,20.57,20.3,333270000.0,0.0024,0.0024594195769798155,0.2699999999999996,-0.14000000000000057,20.24
2012-05-11,2012,5,11,4,20.24,20.18,20.52,20.16,399550000.0,-0.0067,-0.006869479882237517,0.35999999999999943,0.05999999999999872,19.94
2012-05-14,2012,5,14,0,19.94,20.09,20.27,19.91,352620000.0,-0.015,-0.014822134387351693,0.35999999999999943,-0.14999999999999858,19.76
2012-05-15,2012,5,15,1,19.76,20.05,20.11,19.71,476310000.0,-0.009000000000000001,-0.009027081243731194,0.3999999999999986,-0.28999999999999915,19.5
2012-05-16,2012,5,16,2,19.5,19.79,19.89,19.32,560900000.0,-0.0128,-0.013157894736842146,0.5700000000000003,-0.28999999999999915,18.93
2012-05-17,2012,5,17,3,18.93,19.48,19.55,18.93,717220000.0,-0.0292,-0.029230769230769282,0.620000000000001,-0.5500000000000007,18.94
2012-05-18,2012,5,18,4,18.94,19.07,19.41,18.65,732290000.0,0.0005,0.0005282620179609676,0.7600000000000016,-0.129999999999999,20.05
2012-05-21,2012,5,21,0,20.05,19.09,20.05,19.07,631090000.0,0.0583,0.0586061246040126,0.9800000000000004,0.9600000000000009,19.89
2012-05-22,2012,5,22,1,19.89,20.34,20.5,19.73,694790000.0,-0.0077,-0.007980049875311757,0.7699999999999996,-0.4499999999999993,20.38
2012-05-23,2012,5,23,2,20.38,19.91,20.46,19.76,584900000.0,0.024399999999999998,0.02463549522373043,0.6999999999999993,0.46999999999999886,20.19
2012-05-24,2012,5,24,3,20.19,20.57,20.59,20.04,496200000.0,-0.0092,-0.009322865554465043,0.5500000000000007,-0.379999999999999,20.08
2012-05-25,2012,5,25,4,20.08,20.16,20.21,19.95,328470000.0,-0.0054,-0.005448241703813972,0.26000000000000156,-0.08000000000000185,20.44
2012-05-29,2012,5,29,1,20.44,20.39,20.5,20.19,380510000.0,0.0177,0.017928286852589848,0.3099999999999987,0.05000000000000071,20.68
2012-05-30,2012,5,30,2,20.68,20.33,20.71,20.23,529419999.99999994,0.0121,0.011741682974559575,0.4800000000000004,0.3500000000000014,20.63
2012-05-31,2012,5,31,3,20.63,20.74,20.77,20.41,491910000.0,-0.0025,-0.0024177949709864865,0.35999999999999943,-0.10999999999999943,20.04
2012-06-01,2012,6,1,4,20.04,20.33,20.45,20.02,520980000.0,-0.028999999999999998,-0.0285991274842462,0.4299999999999997,-0.28999999999999915,20.15
2012-06-04,2012,6,4,0,20.15,20.05,20.27,19.59,556990000.0,0.0059,0.005489021956087692,0.6799999999999997,0.09999999999999787,20.1
2012-06-05,2012,6,5,1,20.1,20.05,20.23,19.94,388210000.0,-0.0026,-0.002481389578163684,0.28999999999999915,0.05000000000000071,20.41
2012-06-06,2012,6,6,2,20.41,20.28,20.49,20.2,401450000.0,0.015300000000000001,0.015422885572139222,0.28999999999999915,0.129999999999999,20.42
2012-06-07,2012,6,7,3,20.42,20.62,20.62,20.37,379970000.0,0.0005,0.0004899559039686086,0.25,-0.1999999999999993,20.73
2012-06-08,2012,6,8,4,20.73,20.41,20.74,20.32,347490000.0,0.015,0.015181194906953799,0.41999999999999815,0.3200000000000003,20.4
2012-06-11,2012,6,11,0,20.4,20.99,21.02,20.38,591260000.0,-0.0158,-0.01591895803183796,0.6400000000000006,-0.5899999999999999,20.58
2012-06-12,2012,6,12,1,20.58,20.52,20.59,20.24,435580000.0,0.0087,0.008823529411764675,0.3500000000000014,0.05999999999999872,20.43
2012-06-13,2012,6,13,2,20.43,20.52,20.66,20.37,293770000.0,-0.0069,-0.007288629737609242,0.28999999999999915,-0.08999999999999986,20.41
2012-06-14,2012,6,14,3,20.41,20.4,20.48,20.26,345840000.0,-0.0011,-0.0009789525208027117,0.21999999999999886,0.010000000000001563,20.5
2012-06-15,2012,6,15,4,20.5,20.39,20.52,20.34,335250000.0,0.0045000000000000005,0.004409603135717699,0.17999999999999972,0.10999999999999943,20.92
2012-06-18,2012,6,18,0,20.92,20.39,21.0,20.37,440410000.0,0.0203,0.0204878048780488,0.629999999999999,0.5300000000000011,20.98
2012-06-19,2012,6,19,1,20.98,20.84,21.07,20.82,361400000.0,0.0028000000000000004,0.002868068833651982,0.25,0.14000000000000057,20.92
2012-06-20,2012,6,20,2,20.92,21.01,21.04,20.74,359160000.0,-0.0028000000000000004,-0.0028598665395613843,0.3000000000000007,-0.08999999999999986,20.63
2012-06-21,2012,6,21,3,20.63,20.91,21.01,20.62,326510000.0,-0.0138,-0.013862332695984803,0.39000000000000057,-0.28000000000000114,20.79
2012-06-22,2012,6,22,4,20.79,20.68,20.79,20.55,284750000.0,0.0077,0.007755695588948175,0.23999999999999844,0.10999999999999943,20.38
2012-06-25,2012,6,25,0,20.38,20.62,20.71,20.37,304350000.0,-0.0195,-0.019721019721019695,0.33999999999999986,-0.240000000000002,20.43
2012-06-26,2012,6,26,1,20.43,20.4,20.52,20.26,276750000.0,0.0022,0.002453385672227748,0.259999999999998,0.030000000000001137,20.52
2012-06-27,2012,6,27,2,20.52,20.54,20.6,20.43,203060000.0,0.0043,0.004405286343612369,0.1700000000000017,-0.019999999999999574,20.32
2012-06-28,2012,6,28,3,20.32,20.42,20.5,20.2,283040000.0,-0.0095,-0.009746588693957059,0.3000000000000007,-0.10000000000000142,20.86
2012-06-29,2012,6,29,4,20.86,20.64,20.86,20.51,421440000.0,0.0263,0.026574803149606252,0.34999999999999787,0.21999999999999886,21.16
2012-07-02,2012,7,2,0,21.16,20.88,21.2,20.84,400090000.0,0.0146,0.014381591562799612,0.35999999999999943,0.28000000000000114,21.41
2012-07-03,2012,7,3,1,21.41,21.25,21.43,21.21,241710000.0,0.0116,0.011814744801512234,0.21999999999999886,0.16000000000000014,21.78
2012-07-05,2012,7,5,3,21.78,21.45,21.94,21.42,484380000.0,0.0176,0.017281644091545978,0.5199999999999996,0.33000000000000185,21.64
2012-07-06,2012,7,6,4,21.64,21.68,21.73,21.48,419030000.0,-0.0067,-0.006427915518824601,0.25,-0.03999999999999915,21.92
2012-07-09,2012,7,9,0,21.92,21.62,21.92,21.58,379400000.0,0.0132,0.012939001848428777,0.3400000000000034,0.3000000000000007,21.72
2012-07-10,2012,7,10,1,21.72,22.07,22.14,21.62,511960000.0,-0.009300000000000001,-0.009124087591241059,0.5199999999999996,-0.3500000000000014,21.59
2012-07-11,2012,7,11,2,21.59,21.65,21.7,21.33,469320000.0,-0.0062,-0.005985267034990693,0.370000000000001,-0.05999999999999872,21.39
2012-07-12,2012,7,12,3,21.39,21.44,21.55,21.17,427990000.0,-0.0091,-0.009263547938860528,0.379999999999999,-0.05000000000000071,21.61
2012-07-13,2012,7,13,4,21.61,21.53,21.69,21.43,311620000.0,0.0101,0.010285179990649818,0.26000000000000156,0.0799999999999983,21.68
2012-07-16,2012,7,16,0,21.68,21.61,21.84,21.61,301310000.0,0.0032,0.003239241092086953,0.23000000000000043,0.07000000000000028,21.68
2012-07-17,2012,7,17,1,21.68,21.81,21.84,21.54,293810000.0,0.0,0.0,0.3000000000000007,-0.129999999999999,21.65
2012-07-18,2012,7,18,2,21.65,21.66,21.73,21.56,252700000.0,-0.0011,-0.0013837638376383854,0.1700000000000017,-0.010000000000001563,21.94
2012-07-19,2012,7,19,3,21.94,21.83,21.98,21.64,436860000.0,0.013300000000000001,0.013394919168591368,0.33999999999999986,0.11000000000000298,21.58
2012-07-20,2012,7,20,4,21.58,21.89,21.94,21.56,397470000.0,-0.0163,-0.016408386508660167,0.38000000000000256,-0.3100000000000023,21.57
2012-07-23,2012,7,23,0,21.57,21.23,21.64,20.99,487980000.0,-0.0008,-0.0004633920296569505,0.6500000000000021,0.33999999999999986,21.46
2012-07-24,2012,7,24,1,21.46,21.69,21.77,21.38,565130000.0,-0.0048,-0.005099675475196963,0.39000000000000057,-0.23000000000000043,20.53
2012-07-25,2012,7,25,2,20.53,20.52,20.74,20.36,877260000.0,-0.0432,-0.04333643988816405,0.379999999999999,0.010000000000001563,20.53
2012-07-26,2012,7,26,3,20.53,20.71,20.73,20.37,406810000.0,0.0,0.0,0.35999999999999943,-0.17999999999999972,20.9
2012-07-27,2012,7,27,4,20.9,20.54,20.92,20.41,404050000.0,0.0179,0.018022406234778243,0.5100000000000016,0.35999999999999943,21.25
2012-07-30,2012,7,30,0,21.25,21.1,21.41,20.99,379140000.0,0.0169,0.01674641148325362,0.4200000000000017,0.14999999999999858,21.81
2012-07-31,2012,7,31,1,21.81,21.54,21.85,21.53,462330000.0,0.0264,0.026352941176470468,0.3200000000000003,0.2699999999999996,21.67
2012-08-01,2012,8,1,2,21.67,22.0,22.01,21.54,384500000.0,-0.006500000000000001,-0.006419073819348808,0.4700000000000024,-0.3299999999999983,21.71
2012-08-02,2012,8,2,3,21.71,21.53,21.81,21.44,332250000.0,0.0016,0.001845869866174299,0.36999999999999744,0.17999999999999972,21.99
2012-08-03,2012,8,3,4,21.99,21.92,22.07,21.84,344910000.0,0.013000000000000001,0.012897282358360185,0.23000000000000043,0.06999999999999673,22.23
2012-08-06,2012,8,6,0,22.23,22.05,22.32,21.97,302320000.0,0.0111,0.01091405184174632,0.3500000000000014,0.17999999999999972,22.18
2012-08-07,2012,8,7,1,22.18,22.24,22.32,22.07,290510000.0,-0.0026,-0.0022492127755285862,0.25,-0.05999999999999872,22.14
2012-08-08,2012,8,8,2,22.14,22.12,22.28,22.04,244700000.0,-0.0017000000000000001,-0.0018034265103696878,0.240000000000002,0.019999999999999574,22.17
2012-08-09,2012,8,9,3,22.17,22.07,22.2,22.06,221810000.0,0.0014000000000000002,0.0013550135501354532,0.14000000000000057,0.10000000000000142,22.2
2012-08-10,2012,8,10,4,22.2,22.1,22.21,22.1,195060000.0,0.0016,0.0013531799729362692,0.10999999999999943,0.09999999999999787,22.5
2012-08-13,2012,8,13,0,22.5,22.26,22.5,22.26,278830000.0,0.0134,0.013513513513513598,0.23999999999999844,0.23999999999999844,22.56
2012-08-14,2012,8,14,1,22.56,22.57,22.81,22.51,340170000.0,0.0027,0.002666666666666595,0.29999999999999716,-0.010000000000001563,22.53
2012-08-15,2012,8,15,2,22.53,22.55,22.64,22.42,257510000.0,-0.0014000000000000002,-0.0013297872340424233,0.21999999999999886,-0.019999999999999574,22.73
2012-08-16,2012,8,16,3,22.73,22.54,22.74,22.52,254780000.0,0.0087,0.008877052818464293,0.21999999999999886,0.19000000000000128,23.15
2012-08-17,2012,8,17,4,23.15,22.86,23.15,22.81,442760000.0,0.018500000000000003,0.018477782666080023,0.33999999999999986,0.28999999999999915,23.76
2012-08-20,2012,8,20,0,23.76,23.21,23.76,23.21,613380000.0,0.0263,0.026349892008639353,0.5500000000000007,0.5500000000000007,23.43
2012-08-21,2012,8,21,1,23.43,23.96,24.1,23.23,812710000.0,-0.0137,-0.01388888888888895,0.870000000000001,-0.5300000000000011,23.89
2012-08-22,2012,8,22,2,23.89,23.37,23.89,23.15,565320000.0,0.0195,0.01963294921041414,0.740000000000002,0.5199999999999996,23.67
2012-08-23,2012,8,23,3,23.67,23.79,23.92,23.61,420120000.0,-0.009300000000000001,-0.009208874005860124,0.3100000000000023,-0.11999999999999744,23.69
2012-08-24,2012,8,24,4,23.69,23.55,23.91,23.41,437340000.0,0.0009,0.0008449514152935045,0.5,0.14000000000000057,24.13
2012-08-27,2012,8,27,0,24.13,24.29,24.32,24.05,426910000.0,0.018799999999999997,0.018573237653018104,0.2699999999999996,-0.16000000000000014,24.1
2012-08-28,2012,8,28,1,24.1,24.11,24.15,23.95,267380000.0,-0.0013,-0.001243265644425895,0.1999999999999993,-0.00999999999999801,24.05
2012-08-29,2012,8,29,2,24.05,24.12,24.2,24.02,202800000.0,-0.002,-0.0020746887966804906,0.17999999999999972,-0.07000000000000028,23.71
2012-08-30,2012,8,30,3,23.71,23.95,23.98,23.67,302690000.0,-0.0143,-0.014137214137214138,0.3099999999999987,-0.23999999999999844,23.76
2012-08-31,2012,8,31,4,23.76,23.83,23.88,23.47,338320000.0,0.0021,0.002108814846056628,0.41000000000000014,-0.06999999999999673,24.11
2012-09-04,2012,9,4,1,24.11,23.78,24.11,23.73,367890000.0,0.0146,0.014730639730639705,0.379999999999999,0.3299999999999983,23.94
2012-09-05,2012,9,5,2,23.94,24.13,24.16,23.91,336360000.0,-0.006999999999999999,-0.007051016175860569,0.25,-0.18999999999999773,24.15
2012-09-06,2012,9,6,3,24.15,24.04,24.22,23.96,391380000.0,0.009000000000000001,0.008771929824561209,0.259999999999998,0.10999999999999943,24.3
2012-09-07,2012,9,7,4,24.3,24.22,24.37,24.13,329660000.0,0.0062,0.006211180124223725,0.240000000000002,0.08000000000000185,23.67
2012-09-10,2012,9,10,0,23.67,24.3,24.4,23.65,488000000.0,-0.026000000000000002,-0.025925925925925908,0.75,-0.629999999999999,23.59
2012-09-11,2012,9,11,1,23.59,23.75,23.93,23.45,503940000.0,-0.0032,-0.003379805661174573,0.4800000000000004,-0.16000000000000014,23.92
2012-09-12,2012,9,12,2,23.92,23.82,23.92,23.43,712220000.0,0.0139,0.013988978380669925,0.490000000000002,0.10000000000000142,24.39
2012-09-13,2012,9,13,3,24.39,24.19,24.48,24.1,598360000.0,0.0197,0.019648829431438086,0.379999999999999,0.1999999999999993,24.69
2012-09-14,2012,9,14,4,24.69,24.64,24.89,24.57,600470000.0,0.012199999999999999,0.012300123001230068,0.3200000000000003,0.05000000000000071,24.99
2012-09-17,2012,9,17,0,24.99,24.98,24.99,24.81,398030000.0,0.0123,0.012150668286755595,0.17999999999999972,0.00999999999999801,25.07
2012-09-18,2012,9,18,1,25.07,25.0,25.08,24.87,373500000.0,0.003,0.003201280512205029,0.2099999999999973,0.07000000000000028,25.07
2012-09-19,2012,9,19,2,25.07,25.01,25.14,24.98,326860000.0,0.0003,0.0,0.16000000000000014,0.05999999999999872,24.95
2012-09-20,2012,9,20,3,24.95,24.97,25.0,24.77,336570000.0,-0.0048,-0.004786597526924674,0.23000000000000043,-0.019999999999999574,25.0
2012-09-21,2012,9,21,4,25.0,25.09,25.18,24.98,571590000.0,0.002,0.002004008016032177,0.1999999999999993,-0.08999999999999986,24.67
2012-09-24,2012,9,24,0,24.67,24.53,24.83,24.39,639750000.0,-0.013300000000000001,-0.013199999999999878,0.4399999999999977,0.14000000000000057,24.05
2012-09-25,2012,9,25,1,24.05,24.58,24.74,24.04,518760000.0,-0.025,-0.025131738954195404,0.6999999999999993,-0.5299999999999976,23.76
2012-09-26,2012,9,26,2,23.76,23.88,24.02,23.61,576700000.0,-0.0124,-0.012058212058212003,0.41000000000000014,-0.11999999999999744,24.33
2012-09-27,2012,9,27,3,24.33,23.72,24.36,23.58,594090000.0,0.024300000000000002,0.023989898989898784,0.7800000000000011,0.6099999999999994,23.83
2012-09-28,2012,9,28,4,23.83,24.24,24.33,23.81,535110000.0,-0.0209,-0.02055076037813397,0.5199999999999996,-0.41000000000000014,23.55
2012-10-01,2012,10,1,0,23.55,23.97,24.17,23.45,543580000.0,-0.0116,-0.011749895090222284,0.7200000000000024,-0.41999999999999815,23.62
2012-10-02,2012,10,2,1,23.62,23.64,23.8,23.24,627990000.0,0.0029,0.002972399150743099,0.5600000000000023,-0.019999999999999574,23.98
2012-10-03,2012,10,3,2,23.98,23.74,23.99,23.67,424280000.0,0.015300000000000001,0.015241320914479273,0.31999999999999673,0.240000000000002,23.81
2012-10-04,2012,10,4,3,23.81,23.97,24.08,23.77,370760000.0,-0.0069,-0.007089241034195282,0.3099999999999987,-0.16000000000000014,23.31
2012-10-05,2012,10,5,4,23.31,23.76,23.79,23.26,594010000.0,-0.0213,-0.020999580008399854,0.5299999999999976,-0.45000000000000284,22.79
2012-10-08,2012,10,8,0,22.79,23.1,23.13,22.72,637980000.0,-0.022099999999999998,-0.022308022308022313,0.41000000000000014,-0.3100000000000023,22.71
2012-10-09,2012,10,9,1,22.71,22.81,22.87,22.27,838600000.0,-0.0036,-0.003510311540149136,0.6000000000000014,-0.09999999999999787,22.89
2012-10-10,2012,10,10,2,22.89,22.85,23.03,22.75,510360000.0,0.008,0.00792602377807139,0.28000000000000114,0.03999999999999915,22.43
2012-10-11,2012,10,11,3,22.43,23.09,23.11,22.43,546080000.0,-0.02,-0.0200961118392311,0.6799999999999997,-0.6600000000000001,22.49
2012-10-12,2012,10,12,4,22.49,22.48,22.69,22.33,460020000.0,0.0026,0.002674988854213023,0.360000000000003,0.00999999999999801,22.67
2012-10-15,2012,10,15,0,22.67,22.58,22.68,22.28,432500000.0,0.008,0.008003557136505357,0.3999999999999986,0.09000000000000341,23.21
2012-10-16,2012,10,16,1,23.21,22.69,23.22,22.54,549770000.0,0.023700000000000002,0.02382002646669612,0.6799999999999997,0.5199999999999996,23.02
2012-10-17,2012,10,17,2,23.02,23.17,23.31,23.0,389310000.0,-0.008,-0.008186126669538996,0.3099999999999987,-0.15000000000000213,22.59
2012-10-18,2012,10,18,3,22.59,22.84,22.93,22.5,476620000.0,-0.018600000000000002,-0.018679409209383158,0.4299999999999997,-0.25,21.78
2012-10-19,2012,10,19,4,21.78,22.54,22.56,21.77,744080000.0,-0.036000000000000004,-0.03585657370517925,0.7899999999999991,-0.759999999999998,22.64
2012-10-22,2012,10,22,0,22.64,21.87,22.69,21.81,546730000.0,0.0397,0.03948576675849402,0.8800000000000026,0.7699999999999996,21.91
2012-10-23,2012,10,23,1,21.91,22.54,22.64,21.85,707150000.0,-0.0326,-0.03224381625441697,0.7899999999999991,-0.629999999999999,22.03
2012-10-24,2012,10,24,2,22.03,22.19,22.38,21.81,558530000.0,0.005699999999999999,0.005476951163852162,0.5700000000000003,-0.16000000000000014,21.77
2012-10-25,2012,10,25,3,21.77,22.14,22.21,21.63,656330000.0,-0.0118,-0.011802088061734106,0.5800000000000018,-0.370000000000001,21.57
2012-10-26,2012,10,26,4,21.57,21.77,21.93,21.11,1020000000.0,-0.0091,-0.009186954524575075,0.8200000000000003,-0.1999999999999993,21.26
2012-10-31,2012,10,31,2,21.26,21.25,21.5,20.99,510000000.0,-0.0144,-0.014371812702827946,0.5100000000000016,0.010000000000001563,21.3
2012-11-01,2012,11,1,3,21.3,21.36,21.54,21.22,361450000.0,0.002,0.0018814675446847673,0.3200000000000003,-0.05999999999999872,20.6
2012-11-02,2012,11,2,4,20.6,21.28,21.32,20.53,599370000.0,-0.0331,-0.032863849765258135,0.7899999999999991,-0.6799999999999997,20.88
2012-11-05,2012,11,5,0,20.88,20.84,20.99,20.63,529289999.99999994,0.013600000000000001,0.013592233009708687,0.35999999999999943,0.03999999999999915,20.82
2012-11-06,2012,11,6,1,20.82,21.08,21.1,20.72,374920000.0,-0.003,-0.002873563218390718,0.38000000000000256,-0.259999999999998,19.93
2012-11-07,2012,11,7,2,19.93,20.49,20.52,19.85,793650000.0,-0.0426,-0.04274735830931797,0.6699999999999982,-0.5599999999999987,19.21
2012-11-08,2012,11,8,3,19.21,20.02,20.08,19.12,1060000000.0,-0.0363,-0.03612644254892117,0.9599999999999973,-0.8099999999999987,19.54
2012-11-09,2012,11,9,4,19.54,19.3,19.82,19.06,929910000.0,0.0173,0.017178552837064043,0.7600000000000016,0.23999999999999844,19.39
2012-11-12,2012,11,12,0,19.39,19.79,19.8,19.24,515799999.99999994,-0.0077,-0.007676560900716445,0.5600000000000023,-0.3999999999999986,19.39
2012-11-13,2012,11,13,1,19.39,19.25,19.66,19.16,533210000.00000006,0.0,0.0,0.5,0.14000000000000057,19.17
2012-11-14,2012,11,14,2,19.17,19.48,19.55,19.15,477170000.0,-0.0111,-0.011346054667354277,0.40000000000000213,-0.3099999999999987,18.77
2012-11-15,2012,11,15,3,18.77,19.2,19.27,18.66,789910000.0,-0.021,-0.02086593635889422,0.6099999999999994,-0.4299999999999997,18.85
2012-11-16,2012,11,16,4,18.85,18.76,18.93,18.06,1270000000.0,0.0039000000000000003,0.004262120404901593,0.870000000000001,0.08999999999999986,20.2
2012-11-19,2012,11,19,0,20.2,19.31,20.27,19.28,823170000.0,0.0721,0.07161803713527837,0.9899999999999984,0.8900000000000006,20.03
2012-11-20,2012,11,20,1,20.03,20.43,20.43,19.81,642750000.0,-0.0085,-0.008415841584158312,0.620000000000001,-0.3999999999999986,20.06
2012-11-21,2012,11,21,2,20.06,20.15,20.26,19.88,373230000.0,0.0014000000000000002,0.0014977533699449541,0.38000000000000256,-0.08999999999999986,20.41
2012-11-23,2012,11,23,4,20.41,20.26,20.43,20.09,272830000.0,0.0174,0.017447657028913266,0.33999999999999986,0.14999999999999858,21.05
2012-11-26,2012,11,26,0,21.05,20.57,21.07,20.49,630580000.0,0.0315,0.03135717785399317,0.5800000000000018,0.4800000000000004,20.88
2012-11-27,2012,11,27,1,20.88,21.06,21.09,20.72,533309999.99999994,-0.008100000000000001,-0.008076009501187698,0.370000000000001,-0.17999999999999972,20.82
2012-11-28,2012,11,28,2,20.82,20.62,20.92,20.44,521059999.99999994,-0.0031,-0.002873563218390718,0.4800000000000004,0.1999999999999993,21.05
2012-11-29,2012,11,29,3,21.05,21.08,21.22,20.9,514700000.00000006,0.011000000000000001,0.011047070124879932,0.3200000000000003,-0.029999999999997584,20.9
2012-11-30,2012,11,30,4,20.9,20.96,21.01,20.81,391300000.0,-0.0069,-0.0071258907363421775,0.20000000000000284,-0.060000000000002274,20.94
2012-12-03,2012,12,3,0,20.94,21.2,21.24,20.91,364280000.0,0.0016,0.001913875598086312,0.3299999999999983,-0.259999999999998,20.57
2012-12-04,2012,12,4,1,20.57,20.78,20.78,20.43,557930000.0,-0.0176,-0.0176695319961796,0.3500000000000014,-0.21000000000000085,19.24
2012-12-05,2012,12,5,2,19.24,20.32,20.33,19.24,1040000000.0,-0.0643,-0.06465726786582415,1.0899999999999999,-1.0800000000000018,19.54
2012-12-06,2012,12,6,3,19.54,18.89,19.76,18.52,1180000000.0,0.015700000000000002,0.015592515592515621,1.240000000000002,0.6499999999999986,19.04
2012-12-07,2012,12,7,4,19.04,19.76,19.83,18.93,787770000.0,-0.0256,-0.025588536335721557,0.8999999999999986,-0.7200000000000024,18.92
2012-12-10,2012,12,10,0,18.92,18.75,19.23,18.63,630480000.0,-0.0064,-0.006302521008403228,0.6000000000000014,0.1700000000000017,19.34
2012-12-11,2012,12,11,1,19.34,19.28,19.63,19.19,592340000.0,0.0218,0.022198731501057,0.4399999999999977,0.05999999999999872,19.25
2012-12-12,2012,12,12,2,19.25,19.56,19.57,19.15,487130000.0,-0.0044,-0.004653567735263708,0.4200000000000017,-0.3099999999999987,18.92
2012-12-13,2012,12,13,3,18.92,18.97,19.2,18.78,625260000.0,-0.0173,-0.017142857142857015,0.41999999999999815,-0.04999999999999716,18.21
2012-12-14,2012,12,14,4,18.21,18.38,18.5,18.06,1010000000.0,-0.037599999999999995,-0.03752642706131082,0.4400000000000013,-0.16999999999999815,18.53
2012-12-17,2012,12,17,0,18.53,18.18,18.57,17.9,758940000.0,0.0177,0.0175727622185613,0.6700000000000017,0.3500000000000014,19.07
2012-12-18,2012,12,18,1,19.07,18.75,19.1,18.58,625670000.0,0.028999999999999998,0.029141932002158644,0.5200000000000031,0.3200000000000003,18.8
2012-12-19,2012,12,19,2,18.8,18.98,19.06,18.77,449360000.0,-0.014199999999999999,-0.014158363922391115,0.28999999999999915,-0.17999999999999972,18.63
2012-12-20,2012,12,20,3,18.63,18.93,18.94,18.53,481690000.0,-0.0087,-0.0090425531914895,0.41000000000000014,-0.3000000000000007,18.55
2012-12-21,2012,12,21,4,18.55,18.3,18.56,18.22,596520000.0,-0.0046,-0.004294149221685362,0.33999999999999986,0.25,18.58
2012-12-24,2012,12,24,0,18.58,18.58,18.72,18.53,175750000.0,0.0016,0.0016172506738543202,0.18999999999999773,0.0,18.32
2012-12-26,2012,12,26,2,18.32,18.54,18.55,18.25,302440000.0,-0.0138,-0.01399354144241105,0.3000000000000007,-0.21999999999999886,18.39
2012-12-27,2012,12,27,3,18.39,18.34,18.44,18.02,455120000.0,0.004,0.003820960698689868,0.4200000000000017,0.05000000000000071,18.2
2012-12-28,2012,12,28,4,18.2,18.22,18.37,18.15,354280000.0,-0.0106,-0.010331702011963095,0.22000000000000242,-0.019999999999999574,19.01
2012-12-31,2012,12,31,0,19.01,18.23,19.12,18.18,659490000.0,0.0443,0.04450549450549457,0.9400000000000013,0.7800000000000011,19.61
2013-01-02,2013,1,2,2,19.61,19.78,19.82,19.34,560500000.0,0.0317,0.03156233561283517,0.4800000000000004,-0.1700000000000017,19.36
2013-01-03,2013,1,3,3,19.36,19.57,19.63,19.32,352960000.0,-0.0126,-0.012748597654258065,0.3099999999999987,-0.21000000000000085,18.82
2013-01-04,2013,1,4,4,18.82,19.18,19.24,18.78,594330000.0,-0.0278,-0.02789256198347101,0.4599999999999973,-0.35999999999999943,18.71
2013-01-07,2013,1,7,0,18.71,18.64,18.9,18.4,484150000.0,-0.0059,-0.0058448459086077875,0.5,0.07000000000000028,18.76
2013-01-08,2013,1,8,1,18.76,18.9,19.0,18.62,458710000.0,0.0027,0.0026723677177979965,0.379999999999999,-0.13999999999999702,18.47
2013-01-09,2013,1,9,2,18.47,18.66,18.75,18.43,407600000.0,-0.015600000000000001,-0.01545842217484028,0.3200000000000003,-0.19000000000000128,18.7
2013-01-10,2013,1,10,3,18.7,18.88,18.88,18.41,601140000.0,0.0124,0.012452625879805224,0.46999999999999886,-0.17999999999999972,18.58
2013-01-11,2013,1,11,4,18.58,18.61,18.76,18.54,350760000.0,-0.0060999999999999995,-0.0064171122994652885,0.22000000000000242,-0.030000000000001137,17.92
2013-01-14,2013,1,14,0,17.92,17.95,18.12,17.8,734180000.0,-0.035699999999999996,-0.03552206673842828,0.3200000000000003,-0.029999999999997584,17.35
2013-01-15,2013,1,15,1,17.35,17.8,17.82,17.26,876770000.0,-0.0315,-0.0318080357142857,0.5599999999999987,-0.4499999999999993,18.07
2013-01-16,2013,1,16,2,18.07,17.67,18.19,17.59,690800000.0,0.0415,0.04149855907780964,0.6000000000000014,0.3999999999999986,17.95
2013-01-17,2013,1,17,3,17.95,18.23,18.24,17.93,453650000.0,-0.0067,-0.006640841173215284,0.3099999999999987,-0.28000000000000114,17.86
2013-01-18,2013,1,18,4,17.86,17.8,17.94,17.73,473150000.0,-0.0053,-0.005013927576601684,0.21000000000000085,0.05999999999999872,18.03
2013-01-22,2013,1,22,1,18.03,18.02,18.14,17.74,461550000.0,0.0095,0.009518477043673146,0.40000000000000213,0.010000000000001563,18.36
2013-01-23,2013,1,23,2,18.36,18.17,18.39,18.03,861500000.0,0.0183,0.01830282861896837,0.35999999999999943,0.18999999999999773,16.09
2013-01-24,2013,1,24,3,16.09,16.43,16.63,16.08,1460000000.0,-0.1235,-0.12363834422657949,0.5500000000000007,-0.33999999999999986,15.71
2013-01-25,2013,1,25,4,15.71,16.13,16.29,15.54,1210000000.0,-0.0236,-0.023617153511497735,0.75,-0.41999999999999815,16.07
2013-01-28,2013,1,28,0,16.07,15.64,16.19,15.57,785520000.0,0.0226,0.02291534054742206,0.620000000000001,0.4299999999999997,16.37
2013-01-29,2013,1,29,1,16.37,16.37,16.44,16.15,571070000.0,0.018799999999999997,0.01866832607342883,0.2900000000000027,0.0,16.32
2013-01-30,2013,1,30,2,16.32,16.32,16.52,16.23,417150000.0,-0.0031,-0.0030543677458766405,0.28999999999999915,0.0,16.27
2013-01-31,2013,1,31,3,16.27,16.32,16.4,16.25,319330000.0,-0.0029,-0.0030637254901960675,0.14999999999999858,-0.05000000000000071,16.2
2013-02-01,2013,2,1,4,16.2,16.4,16.41,16.01,539470000.0,-0.0040999999999999995,-0.004302397049784856,0.3999999999999986,-0.1999999999999993,15.8
2013-02-04,2013,2,4,0,15.8,16.21,16.28,15.79,477120000.0,-0.024900000000000002,-0.024691358024691246,0.490000000000002,-0.41000000000000014,16.35
2013-02-05,2013,2,5,1,16.35,15.86,16.42,15.79,573350000.0,0.0351,0.034810126582278444,0.6300000000000026,0.490000000000002,16.33
2013-02-06,2013,2,6,2,16.33,16.3,16.66,16.16,593700000.0,-0.0011,-0.0012232415902142524,0.5,0.029999999999997584,16.72
2013-02-07,2013,2,7,3,16.72,16.54,16.79,16.22,704580000.0,0.023799999999999998,0.02388242498469073,0.5700000000000003,0.17999999999999972,16.96
2013-02-08,2013,2,8,4,16.96,16.93,17.1,16.72,633160000.0,0.0144,0.014354066985646119,0.38000000000000256,0.030000000000001137,17.14
2013-02-11,2013,2,11,0,17.14,17.02,17.32,16.9,517429999.99999994,0.0104,0.010613207547169878,0.4200000000000017,0.120000000000001,16.71
2013-02-12,2013,2,12,1,16.71,17.13,17.23,16.71,609050000.0,-0.025099999999999997,-0.025087514585764303,0.5199999999999996,-0.41999999999999815,16.68
2013-02-13,2013,2,13,2,16.68,16.69,16.92,16.54,475210000.0,-0.0019,-0.0017953321364453378,0.38000000000000256,-0.010000000000001563,16.66
2013-02-14,2013,2,14,3,16.66,16.59,16.84,16.57,355510000.0,-0.0009,-0.0011990407673860837,0.2699999999999996,0.07000000000000028,16.43
2013-02-15,2013,2,15,4,16.43,16.74,16.79,16.43,391930000.0,-0.0138,-0.013805522208883536,0.35999999999999943,-0.3099999999999987,16.43
2013-02-19,2013,2,19,1,16.43,16.47,16.53,16.21,435780000.0,-0.0004,0.0,0.3200000000000003,-0.03999999999999915,16.03
2013-02-20,2013,2,20,2,16.03,16.35,16.35,16.03,476300000.0,-0.0242,-0.024345709068776533,0.3200000000000003,-0.3200000000000003,15.93
2013-02-21,2013,2,21,3,15.93,15.93,16.04,15.81,447180000.0,-0.0062,-0.006238303181534732,0.22999999999999865,0.0,16.1
2013-02-22,2013,2,22,4,16.1,16.04,16.13,15.95,330650000.0,0.0106,0.010671688637790444,0.17999999999999972,0.060000000000002274,15.81
2013-02-25,2013,2,25,0,15.81,16.21,16.25,15.81,372580000.0,-0.0178,-0.01801242236024847,0.4399999999999995,-0.40000000000000036,16.03
2013-02-26,2013,2,26,1,16.03,15.85,16.13,15.63,501500000.0,0.0139,0.013915243516761544,0.4999999999999982,0.1800000000000015,15.88
2013-02-27,2013,2,27,2,15.88,16.02,16.16,15.74,587350000.0,-0.0098,-0.009357454772301987,0.41999999999999993,-0.1399999999999988,15.76
2013-02-28,2013,2,28,3,15.76,15.86,16.0,15.76,322520000.0,-0.0070999999999999995,-0.007556675062972307,0.2400000000000002,-0.09999999999999964,15.37
2013-03-01,2013,3,1,4,15.37,15.64,15.65,15.36,552450000.0,-0.0248,-0.024746192893401076,0.2900000000000009,-0.27000000000000135,15.0
2013-03-04,2013,3,4,0,15.0,15.28,15.29,14.96,582740000.0,-0.0242,-0.02407286922576446,0.3299999999999983,-0.27999999999999936,15.4
2013-03-05,2013,3,5,1,15.4,15.05,15.54,15.03,638430000.0,0.0264,0.026666666666666616,0.5099999999999998,0.34999999999999964,15.2
2013-03-06,2013,3,6,2,15.2,15.52,15.54,15.16,460250000.0,-0.0127,-0.012987012987013102,0.379999999999999,-0.3200000000000003,15.38
2013-03-07,2013,3,7,3,15.38,15.16,15.43,15.04,468470000.0,0.0116,0.011842105263158098,0.39000000000000057,0.22000000000000064,15.42
2013-03-08,2013,3,8,4,15.42,15.35,15.55,15.31,391600000.0,0.0026,0.002600780234070177,0.2400000000000002,0.07000000000000028,15.64
2013-03-11,2013,3,11,0,15.64,15.35,15.68,15.18,474230000.0,0.014199999999999999,0.014267185473411104,0.5,0.2900000000000009,15.3
2013-03-12,2013,3,12,1,15.3,15.56,15.67,15.27,465910000.0,-0.0216,-0.021739130434782594,0.40000000000000036,-0.2599999999999998,15.3
2013-03-13,2013,3,13,2,15.3,15.3,15.52,15.19,405820000.0,0.0,0.0,0.33000000000000007,0.0,15.45
2013-03-14,2013,3,14,3,15.45,15.46,15.52,15.37,303880000.0,0.0097,0.009803921568627416,0.15000000000000036,-0.010000000000001563,15.84
2013-03-15,2013,3,15,4,15.84,15.64,15.87,15.62,643960000.0,0.0258,0.025242718446601975,0.25,0.1999999999999993,16.28
2013-03-18,2013,3,18,0,16.28,15.77,16.34,15.76,606200000.0,0.027200000000000002,0.0277777777777779,0.5800000000000001,0.5100000000000016,16.23
2013-03-19,2013,3,19,1,16.23,16.41,16.46,16.02,526770000.0,-0.0027,-0.0030712530712531105,0.4400000000000013,-0.17999999999999972,16.15
2013-03-20,2013,3,20,2,16.15,16.34,16.34,16.06,308660000.0,-0.0053,-0.0049291435613063594,0.28000000000000114,-0.19000000000000128,16.17
2013-03-21,2013,3,21,3,16.17,16.08,16.36,16.07,383250000.0,0.0014000000000000002,0.0012383900928794045,0.28999999999999915,0.09000000000000341,16.5
2013-03-22,2013,3,22,4,16.5,16.23,16.5,16.18,395100000.0,0.0203,0.020408163265305923,0.3200000000000003,0.2699999999999996,16.56
2013-03-25,2013,3,25,0,16.56,16.6,16.78,16.49,501130000.0,0.0036,0.0036363636363636598,0.2900000000000027,-0.0400000000000027,16.47
2013-03-26,2013,3,26,1,16.47,16.62,16.64,16.45,294290000.0,-0.0053,-0.005434782608695676,0.19000000000000128,-0.15000000000000213,16.15
2013-03-27,2013,3,27,2,16.15,16.3,16.31,16.1,331410000.0,-0.0196,-0.01942926533090472,0.2099999999999973,-0.15000000000000213,15.81
2013-03-28,2013,3,28,3,15.81,16.06,16.14,15.77,442980000.0,-0.0208,-0.021052631578947212,0.370000000000001,-0.24999999999999822,15.32
2013-04-01,2013,4,1,0,15.32,15.78,15.85,15.28,389730000.0,-0.0311,-0.03099304237824163,0.5700000000000003,-0.4599999999999991,15.35
2013-04-02,2013,4,2,1,15.35,15.27,15.65,15.23,529770000.0,0.0021,0.001958224543080922,0.41999999999999993,0.08000000000000007,15.43
2013-04-03,2013,4,3,2,15.43,15.41,15.62,15.37,363220000.0,0.0051,0.005211726384364734,0.25,0.019999999999999574,15.28
2013-04-04,2013,4,4,3,15.28,15.49,15.54,15.19,358660000.0,-0.009899999999999999,-0.009721322099805585,0.34999999999999964,-0.21000000000000085,15.11
2013-04-05,2013,4,5,4,15.11,15.16,15.18,14.99,383690000.0,-0.0106,-0.011125654450261813,0.1899999999999995,-0.05000000000000071,15.22
2013-04-08,2013,4,8,0,15.22,15.17,15.27,15.09,301060000.0,0.0070999999999999995,0.007279947054930513,0.17999999999999972,0.05000000000000071,15.25
2013-04-09,2013,4,9,1,15.25,15.23,15.3,15.1,306750000.0,0.0018,0.001971090670170872,0.20000000000000107,0.019999999999999574,15.56
2013-04-10,2013,4,10,2,15.56,15.29,15.61,15.21,375930000.0,0.0204,0.020327868852459074,0.3999999999999986,0.27000000000000135,15.51
2013-04-11,2013,4,11,3,15.51,15.49,15.64,15.4,328620000.0,-0.0031,-0.0032133676092545027,0.2400000000000002,0.019999999999999574,15.35
2013-04-12,2013,4,12,4,15.35,15.51,15.51,15.32,238730000.0,-0.0104,-0.010315925209542276,0.1899999999999995,-0.16000000000000014,14.99
2013-04-15,2013,4,15,0,14.99,15.25,15.28,14.98,317520000.0,-0.0232,-0.023452768729641638,0.29999999999999893,-0.2599999999999998,15.22
2013-04-16,2013,4,16,1,15.22,15.06,15.24,15.02,305770000.0,0.0152,0.015343562374916742,0.22000000000000064,0.16000000000000014,14.39
2013-04-17,2013,4,17,2,14.39,15.01,15.02,14.22,945050000.0,-0.055,-0.05453350854139294,0.7999999999999989,-0.6199999999999992,14.0
2013-04-18,2013,4,18,3,14.0,14.46,14.49,13.92,666300000.0,-0.026699999999999998,-0.02710215427380125,0.5700000000000003,-0.46000000000000085,13.95
2013-04-19,2013,4,19,4,13.95,13.86,14.27,13.75,609270000.0,-0.0039000000000000003,-0.0035714285714286698,0.5199999999999996,0.08999999999999986,14.24
2013-04-22,2013,4,22,0,14.24,14.02,14.36,13.97,429920000.0,0.0208,0.02078853046594986,0.3899999999999988,0.22000000000000064,14.5
2013-04-23,2013,4,23,1,14.5,14.43,14.59,14.24,664240000.0,0.0187,0.018258426966292207,0.34999999999999964,0.07000000000000028,14.48
2013-04-24,2013,4,24,2,14.48,14.05,14.83,14.02,969830000.0,-0.0016,-0.0013793103448275223,0.8100000000000005,0.4299999999999997,14.58
2013-04-25,2013,4,25,3,14.58,14.69,14.78,14.54,384840000.0,0.0072,0.006906077348066253,0.2400000000000002,-0.10999999999999943,14.9
2013-04-26,2013,4,26,4,14.9,14.64,14.96,14.58,764280000.0,0.0216,0.021947873799725626,0.3800000000000008,0.2599999999999998,15.36
2013-04-29,2013,4,29,0,15.36,15.02,15.49,15.0,640330000.0,0.031,0.0308724832214764,0.4900000000000002,0.33999999999999986,15.81
2013-04-30,2013,4,30,1,15.81,15.54,15.9,15.43,691540000.0,0.0294,0.029296875,0.47000000000000064,0.27000000000000135,15.69
2013-05-01,2013,5,1,2,15.69,15.87,15.89,15.51,507160000.0,-0.0079,-0.007590132827324569,0.3800000000000008,-0.17999999999999972,15.91
2013-05-02,2013,5,2,3,15.91,15.78,16.02,15.74,422030000.0,0.014199999999999999,0.014021669853409913,0.27999999999999936,0.13000000000000078,16.07
2013-05-03,2013,5,3,4,16.07,16.12,16.19,16.04,361530000.0,0.01,0.010056568196103122,0.15000000000000213,-0.05000000000000071,16.45
2013-05-06,2013,5,6,0,16.45,16.28,16.51,16.23,496640000.0,0.023799999999999998,0.023646546359676446,0.28000000000000114,0.16999999999999815,16.38
2013-05-07,2013,5,7,1,16.38,16.61,16.63,16.2,483750000.0,-0.0045000000000000005,-0.004255319148936176,0.4299999999999997,-0.23000000000000043,16.57
2013-05-08,2013,5,8,2,16.57,16.39,16.62,16.28,472600000.0,0.0113,0.01159951159951178,0.33999999999999986,0.17999999999999972,16.31
2013-05-09,2013,5,9,3,16.31,16.42,16.54,16.27,398750000.0,-0.0152,-0.015691007845504035,0.2699999999999996,-0.11000000000000298,16.18
2013-05-10,2013,5,10,4,16.18,16.36,16.42,16.09,334850000.0,-0.0083,-0.00797057020232983,0.33000000000000185,-0.17999999999999972,16.24
2013-05-13,2013,5,13,0,16.24,16.13,16.35,16.12,317110000.0,0.0039000000000000003,0.003708281829418958,0.23000000000000043,0.10999999999999943,15.85
2013-05-14,2013,5,14,1,15.85,16.21,16.26,15.79,447120000.0,-0.0239,-0.02401477832512311,0.4700000000000024,-0.3600000000000012,15.32
2013-05-15,2013,5,15,2,15.32,15.68,15.75,15.08,741610000.0,-0.0338,-0.03343848580441633,0.6699999999999999,-0.35999999999999943,15.52
2013-05-16,2013,5,16,3,15.52,15.12,15.64,14.96,603470000.0,0.0134,0.01305483028720622,0.6799999999999997,0.40000000000000036,15.47
2013-05-17,2013,5,17,4,15.47,15.68,15.72,15.39,428080000.0,-0.003,-0.00322164948453596,0.33000000000000007,-0.20999999999999908,15.82
2013-05-20,2013,5,20,0,15.82,15.43,15.92,15.36,451580000.0,0.0223,0.02262443438914019,0.5600000000000005,0.39000000000000057,15.7
2013-05-21,2013,5,21,1,15.7,15.65,15.91,15.51,456300000.0,-0.0074,-0.007585335018963413,0.40000000000000036,0.049999999999998934,15.76
2013-05-22,2013,5,22,2,15.76,15.86,16.01,15.65,443260000.0,0.0039000000000000003,0.003821656050955413,0.3600000000000012,-0.09999999999999964,15.79
2013-05-23,2013,5,23,3,15.79,15.57,15.93,15.56,353380000.0,0.0018,0.0019035532994924331,0.3699999999999992,0.21999999999999886,15.9
2013-05-24,2013,5,24,4,15.9,15.74,15.92,15.73,276430000.0,0.0068000000000000005,0.006966434452184922,0.1899999999999995,0.16000000000000014,15.77
2013-05-28,2013,5,28,1,15.77,16.07,16.11,15.74,386150000.0,-0.0083,-0.008176100628930816,0.3699999999999992,-0.3000000000000007,15.89
2013-05-29,2013,5,29,2,15.89,15.71,15.98,15.69,330780000.0,0.008,0.007609384908053407,0.2900000000000009,0.17999999999999972,16.13
2013-05-30,2013,5,30,3,16.13,15.92,16.23,15.88,353710000.0,0.0149,0.01510383889238498,0.34999999999999964,0.20999999999999908,16.06
2013-05-31,2013,5,31,4,16.06,16.16,16.32,16.05,384300000.0,-0.0040999999999999995,-0.004339739615623062,0.2699999999999996,-0.10000000000000142,16.1
2013-06-03,2013,6,3,0,16.1,16.1,16.16,15.8,372350000.0,0.0022,0.0024906600249068322,0.35999999999999943,0.0,16.05
2013-06-04,2013,6,4,1,16.05,16.19,16.23,15.98,292730000.0,-0.0031,-0.0031055900621118626,0.25,-0.14000000000000057,15.9
2013-06-05,2013,6,5,2,15.9,15.92,16.1,15.85,290590000.0,-0.009300000000000001,-0.009345794392523366,0.2500000000000018,-0.019999999999999574,15.66
2013-06-06,2013,6,6,3,15.66,15.91,15.96,15.5,417070000.0,-0.0149,-0.015094339622641506,0.46000000000000085,-0.25,15.78
2013-06-07,2013,6,7,4,15.78,15.59,15.83,15.46,404740000.0,0.0076,0.007662835249041988,0.3699999999999992,0.1899999999999995,15.67
2013-06-10,2013,6,10,0,15.67,15.88,16.04,15.6,450360000.0,-0.0066,-0.0069708491761723,0.4399999999999995,-0.21000000000000085,15.63
2013-06-11,2013,6,11,1,15.63,15.56,15.81,15.48,286380000.0,-0.0029,-0.00255264837268665,0.33000000000000007,0.07000000000000028,15.44
2013-06-12,2013,6,12,2,15.44,15.7,15.76,15.41,265430000.0,-0.0124,-0.012156110044785784,0.34999999999999964,-0.2599999999999998,15.57
2013-06-13,2013,6,13,3,15.57,15.45,15.61,15.31,286110000.0,0.0087,0.008419689119171014,0.29999999999999893,0.120000000000001,15.36
2013-06-14,2013,6,14,4,15.36,15.55,15.58,15.3,272080000.0,-0.013600000000000001,-0.013487475915221592,0.27999999999999936,-0.19000000000000128,15.43
2013-06-17,2013,6,17,0,15.43,15.41,15.56,15.37,259440000.0,0.0045000000000000005,0.004557291666666741,0.19000000000000128,0.019999999999999574,15.42
2013-06-18,2013,6,18,1,15.42,15.41,15.53,15.36,195160000.0,-0.0005,-0.0006480881399870686,0.16999999999999993,0.009999999999999787,15.11
2013-06-19,2013,6,19,2,15.11,15.41,15.42,15.11,311030000.0,-0.0203,-0.020103761348897575,0.3100000000000005,-0.3000000000000007,14.89
2013-06-20,2013,6,20,3,14.89,14.97,15.21,14.83,357500000.0,-0.0146,-0.014559894109860916,0.3800000000000008,-0.08000000000000007,14.77
2013-06-21,2013,6,21,4,14.77,14.95,15.0,14.57,481250000.0,-0.008,-0.008059100067159264,0.4299999999999997,-0.17999999999999972,14.38
2013-06-24,2013,6,24,0,14.38,14.55,14.59,14.22,480750000.0,-0.0265,-0.026404874746106866,0.3699999999999992,-0.16999999999999993,14.38
2013-06-25,2013,6,25,1,14.38,14.49,14.56,14.24,314340000.0,0.0,0.0,0.3200000000000003,-0.10999999999999943,14.22
2013-06-26,2013,6,26,2,14.22,14.42,14.46,14.13,367950000.0,-0.0113,-0.011126564673157202,0.33000000000000007,-0.1999999999999993,14.06
2013-06-27,2013,6,27,3,14.06,14.26,14.34,14.05,337400000.0,-0.0108,-0.011251758087201136,0.28999999999999915,-0.1999999999999993,14.16
2013-06-28,2013,6,28,4,14.16,13.98,14.3,13.89,578640000.0,0.006999999999999999,0.007112375533428139,0.41000000000000014,0.17999999999999972,14.61
2013-07-01,2013,7,1,0,14.61,14.38,14.72,14.33,391170000.0,0.032,0.03177966101694918,0.39000000000000057,0.22999999999999865,14.95
2013-07-02,2013,7,2,1,14.95,14.64,15.06,14.62,470090000.0,0.0227,0.0232717316906228,0.4400000000000013,0.3099999999999987,15.03
2013-07-03,2013,7,3,2,15.03,15.03,15.11,14.91,240930000.0,0.0055000000000000005,0.005351170568561825,0.1999999999999993,0.0,14.91
2013-07-05,2013,7,5,4,14.91,15.01,15.12,14.83,274080000.0,-0.008,-0.007984031936127733,0.28999999999999915,-0.09999999999999964,14.82
2013-07-08,2013,7,8,0,14.82,15.0,15.04,14.67,298310000.0,-0.005699999999999999,-0.006036217303822977,0.3699999999999992,-0.17999999999999972,15.08
2013-07-09,2013,7,9,1,15.08,14.77,15.12,14.66,352690000.0,0.0176,0.01754385964912286,0.4599999999999991,0.3100000000000005,15.03
2013-07-10,2013,7,10,2,15.03,14.99,15.17,14.94,281400000.0,-0.0038,-0.003315649867374093,0.23000000000000043,0.03999999999999915,15.26
2013-07-11,2013,7,11,3,15.26,15.11,15.29,15.04,326480000.0,0.015600000000000001,0.015302727877578137,0.25,0.15000000000000036,15.23
2013-07-12,2013,7,12,4,15.23,15.27,15.35,15.12,279640000.0,-0.0018,-0.001965923984272533,0.23000000000000043,-0.03999999999999915,15.27
2013-07-15,2013,7,15,0,15.27,15.18,15.41,15.17,242170000.0,0.0022,0.0026263952724885353,0.2400000000000002,0.08999999999999986,15.36
2013-07-16,2013,7,16,1,15.36,15.23,15.38,15.15,216540000.0,0.0064,0.005893909626718985,0.23000000000000043,0.129999999999999,15.37
2013-07-17,2013,7,17,2,15.37,15.35,15.44,15.29,199060000.0,0.0,0.0006510416666667407,0.15000000000000036,0.019999999999999574,15.42
2013-07-18,2013,7,18,3,15.42,15.48,15.53,15.38,219040000.0,0.0034000000000000002,0.003253090435914263,0.14999999999999858,-0.0600000000000005,15.18
2013-07-19,2013,7,19,4,15.18,15.47,15.5,15.16,268780000.0,-0.0158,-0.015564202334630406,0.33999999999999986,-0.2900000000000009,15.23
2013-07-22,2013,7,22,0,15.23,15.34,15.35,15.2,207990000.0,0.0032,0.0032938076416337836,0.15000000000000036,-0.10999999999999943,14.96
2013-07-23,2013,7,23,1,14.96,15.21,15.25,14.95,369390000.0,-0.0172,-0.017728168089297447,0.3000000000000007,-0.25,15.73
2013-07-24,2013,7,24,2,15.73,15.68,15.88,15.54,592060000.0,0.051399999999999994,0.05147058823529416,0.34000000000000163,0.05000000000000071,15.66
2013-07-25,2013,7,25,3,15.66,15.74,15.76,15.56,229680000.0,-0.0046,-0.004450095359186279,0.1999999999999993,-0.08000000000000007,15.75
2013-07-26,2013,7,26,4,15.75,15.55,15.75,15.51,200280000.0,0.005699999999999999,0.005747126436781658,0.2400000000000002,0.1999999999999993,15.99
2013-07-29,2013,7,29,0,15.99,15.74,16.07,15.72,248440000.0,0.0154,0.015238095238095273,0.34999999999999964,0.25,16.19
2013-07-30,2013,7,30,1,16.19,16.07,16.33,16.04,309420000.0,0.0123,0.012507817385866149,0.28999999999999915,0.120000000000001,16.16
2013-07-31,2013,7,31,2,16.16,16.25,16.33,16.05,322960000.0,-0.0017000000000000001,-0.0018529956763434496,0.2799999999999976,-0.08999999999999986,16.31
2013-08-01,2013,8,1,3,16.31,16.28,16.31,16.19,206250000.0,0.0092,0.009282178217821624,0.11999999999999744,0.029999999999997584,16.52
2013-08-02,2013,8,2,4,16.52,16.36,16.53,16.31,274780000.0,0.0128,0.012875536480686733,0.22000000000000242,0.16000000000000014,16.77
2013-08-05,2013,8,5,0,16.77,16.6,16.81,16.51,318850000.0,0.0149,0.015133171912832921,0.29999999999999716,0.16999999999999815,16.62
2013-08-06,2013,8,6,1,16.62,16.71,16.85,16.51,334910000.0,-0.0089,-0.008944543828264706,0.33999999999999986,-0.08999999999999986,16.61
2013-08-07,2013,8,7,2,16.61,16.56,16.68,16.49,298860000.0,-0.0006,-0.0006016847172082285,0.19000000000000128,0.05000000000000071,16.46
2013-08-08,2013,8,8,3,16.46,16.57,16.57,16.36,256000000.0,-0.0085,-0.00903070439494269,0.21000000000000085,-0.10999999999999943,16.23
2013-08-09,2013,8,9,4,16.23,16.38,16.44,16.2,267620000.0,-0.014199999999999999,-0.013973268529769212,0.240000000000002,-0.14999999999999858,16.69
2013-08-12,2013,8,12,0,16.69,16.32,16.74,16.31,364430000.0,0.028399999999999998,0.028342575477510845,0.4299999999999997,0.370000000000001,17.48
2013-08-13,2013,8,13,1,17.48,16.82,17.67,16.72,881940000.0,0.0475,0.04733373277411612,0.9500000000000028,0.6600000000000001,17.8
2013-08-14,2013,8,14,2,17.8,17.78,18.01,17.62,756370000.0,0.0182,0.01830663615560635,0.39000000000000057,0.019999999999999574,17.78
2013-08-15,2013,8,15,3,17.78,17.73,17.94,17.47,490290000.0,-0.0012,-0.0011235955056179137,0.4700000000000024,0.05000000000000071,17.94
2013-08-16,2013,8,16,4,17.94,17.86,17.96,17.82,362300000.0,0.0089,0.008998875140607376,0.14000000000000057,0.08000000000000185,18.13
2013-08-19,2013,8,19,0,18.13,18.01,18.35,18.0,510520000.0,0.0108,0.010590858416945181,0.3500000000000014,0.11999999999999744,17.9
2013-08-20,2013,8,20,1,17.9,18.2,18.23,17.89,358690000.0,-0.0131,-0.012686155543298439,0.33999999999999986,-0.3000000000000007,17.94
2013-08-21,2013,8,21,2,17.94,17.99,18.11,17.9,335880000.0,0.0026,0.0022346368715084886,0.21000000000000085,-0.04999999999999716,17.96
2013-08-22,2013,8,22,3,17.96,18.03,18.06,17.79,244210000.0,0.0012,0.0011148272017837968,0.2699999999999996,-0.07000000000000028,17.89
2013-08-23,2013,8,23,4,17.89,17.97,17.98,17.83,222730000.0,-0.0039000000000000003,-0.0038975501113586164,0.15000000000000213,-0.0799999999999983,17.96
2013-08-26,2013,8,26,0,17.96,17.88,18.22,17.87,330960000.0,0.0039000000000000003,0.003912800447177123,0.34999999999999787,0.08000000000000185,17.45
2013-08-27,2013,8,27,1,17.45,17.79,17.95,17.37,424190000.0,-0.0286,-0.028396436525612523,0.5799999999999983,-0.33999999999999986,17.53
2013-08-28,2013,8,28,2,17.53,17.36,17.71,17.36,307610000.0,0.004699999999999999,0.004584527220630408,0.3500000000000014,0.1700000000000017,17.56
2013-08-29,2013,8,29,3,17.56,17.56,17.73,17.54,239660000.0,0.0016,0.0017113519680547196,0.19000000000000128,0.0,17.4
2013-08-30,2013,8,30,4,17.4,17.57,17.61,17.37,272400000.0,-0.0091,-0.009111617312072884,0.23999999999999844,-0.1700000000000017,17.45
2013-09-03,2013,9,3,1,17.45,17.61,17.88,17.41,332100000.0,0.0028000000000000004,0.00287356321839094,0.46999999999999886,-0.16000000000000014,17.81
2013-09-04,2013,9,4,2,17.81,17.84,17.94,17.72,345030000.0,0.0207,0.020630372492836724,0.22000000000000242,-0.030000000000001137,17.69
2013-09-05,2013,9,5,3,17.69,17.87,17.88,17.63,236370000.0,-0.0069,-0.006737787759685476,0.25,-0.17999999999999972,17.79
2013-09-06,2013,9,6,4,17.79,17.8,17.83,17.5,359530000.0,0.006,0.005652911249293346,0.3299999999999983,-0.010000000000001563,18.08
2013-09-09,2013,9,9,0,18.08,18.04,18.14,17.98,340690000.0,0.016,0.01630129286115789,0.16000000000000014,0.03999999999999915,17.67
2013-09-10,2013,9,10,1,17.67,18.08,18.12,17.48,743200000.0,-0.022799999999999997,-0.022676991150442305,0.6400000000000006,-0.4099999999999966,16.7
2013-09-11,2013,9,11,2,16.7,16.68,16.92,16.6,898690000.0,-0.054400000000000004,-0.05489530277306187,0.3200000000000003,0.019999999999999574,16.88
2013-09-12,2013,9,12,3,16.88,16.73,16.98,16.64,404050000.0,0.0106,0.010778443113772518,0.33999999999999986,0.14999999999999858,16.6
2013-09-13,2013,9,13,4,16.6,16.76,16.85,16.6,298830000.0,-0.0165,-0.016587677725118377,0.25,-0.16000000000000014,16.08
2013-09-16,2013,9,16,0,16.08,16.46,16.49,15.97,548550000.0,-0.0318,-0.03132530120481947,0.5199999999999978,-0.38000000000000256,16.26
2013-09-17,2013,9,17,1,16.26,16.0,16.42,15.98,399380000.0,0.0116,0.011194029850746468,0.4400000000000013,0.26000000000000156,16.6
2013-09-18,2013,9,18,2,16.6,16.54,16.66,16.45,456860000.0,0.0206,0.02091020910209096,0.21000000000000085,0.060000000000002274,16.87
2013-09-19,2013,9,19,3,16.87,16.81,16.99,16.76,404540000.0,0.016399999999999998,0.016265060240963747,0.22999999999999687,0.060000000000002274,16.69
2013-09-20,2013,9,20,4,16.69,17.07,17.09,16.64,699300000.0,-0.0104,-0.010669828097213951,0.4499999999999993,-0.379999999999999,17.52
2013-09-23,2013,9,23,0,17.52,17.72,17.75,17.24,762110000.0,0.049699999999999994,0.04973037747153963,0.5100000000000016,-0.1999999999999993,17.47
2013-09-24,2013,9,24,1,17.47,17.67,17.7,17.42,364340000.0,-0.0031,-0.0028538812785388057,0.2799999999999976,-0.20000000000000284,17.2
2013-09-25,2013,9,25,2,17.2,17.47,17.49,17.19,316960000.0,-0.0155,-0.015455065827132186,0.29999999999999716,-0.2699999999999996,17.36
2013-09-26,2013,9,26,3,17.36,17.36,17.45,17.28,237220000.0,0.0097,0.009302325581395321,0.16999999999999815,0.0,17.24
2013-09-27,2013,9,27,4,17.24,17.28,17.31,17.17,228040000.0,-0.0070999999999999995,-0.00691244239631339,0.13999999999999702,-0.0400000000000027,17.03
2013-09-30,2013,9,30,0,17.03,17.04,17.2,16.94,260160000.00000003,-0.0124,-0.012180974477958073,0.259999999999998,-0.00999999999999801,17.43
2013-10-01,2013,10,1,1,17.43,17.09,17.47,17.09,353880000.0,0.0235,0.0234879624192601,0.379999999999999,0.33999999999999986,17.48
2013-10-02,2013,10,2,2,17.48,17.34,17.56,17.28,289180000.0,0.0033,0.002868617326448719,0.2799999999999976,0.14000000000000057,17.26
2013-10-03,2013,10,3,3,17.26,17.52,17.58,17.17,322750000.0,-0.0126,-0.012585812356979309,0.4099999999999966,-0.259999999999998,17.25
2013-10-04,2013,10,4,4,17.25,17.28,17.31,17.09,258870000.0,-0.0008,-0.0005793742757822518,0.21999999999999886,-0.030000000000001137,17.42
2013-10-07,2013,10,7,0,17.42,17.38,17.59,17.33,312290000.0,0.0098,0.009855072463768266,0.26000000000000156,0.0400000000000027,17.18
2013-10-08,2013,10,8,1,17.18,17.5,17.52,17.16,290920000.0,-0.013999999999999999,-0.013777267508610858,0.35999999999999943,-0.3200000000000003,17.38
2013-10-09,2013,10,9,2,17.38,17.31,17.42,17.08,301730000.0,0.011699999999999999,0.011641443538998875,0.3400000000000034,0.07000000000000028,17.49
2013-10-10,2013,10,10,3,17.49,17.55,17.58,17.39,278600000.0,0.0063,0.006329113924050667,0.18999999999999773,-0.060000000000002274,17.6
2013-10-11,2013,10,11,4,17.6,17.39,17.64,17.33,267740000.0,0.006500000000000001,0.00628930817610085,0.3100000000000023,0.21000000000000085,17.72
2013-10-14,2013,10,14,0,17.72,17.49,17.77,17.48,261899999.99999997,0.0066,0.006818181818181612,0.28999999999999915,0.23000000000000043,17.81
2013-10-15,2013,10,15,1,17.81,17.77,17.93,17.7,320070000.0,0.0053,0.005079006772009009,0.23000000000000043,0.03999999999999915,17.9
2013-10-16,2013,10,16,2,17.9,17.89,17.95,17.83,251100000.0,0.0049,0.005053340819764163,0.120000000000001,0.00999999999999801,18.02
2013-10-17,2013,10,17,3,18.02,17.86,18.03,17.85,253590000.0,0.0068000000000000005,0.006703910614525244,0.17999999999999972,0.16000000000000014,18.17
2013-10-18,2013,10,18,4,18.17,18.07,18.19,18.06,290540000.0,0.0087,0.008324084350721517,0.13000000000000256,0.10000000000000142,18.62
2013-10-21,2013,10,21,0,18.62,18.28,18.72,18.27,398110000.0,0.0245,0.024766097963676348,0.4499999999999993,0.33999999999999986,18.57
2013-10-22,2013,10,22,1,18.57,18.8,18.87,18.14,534059999.99999994,-0.0029,-0.0026852846401719255,0.7300000000000004,-0.23000000000000043,18.75
2013-10-23,2013,10,23,2,18.75,18.54,18.77,18.54,313720000.0,0.0098,0.009693053311793154,0.23000000000000043,0.21000000000000085,19.0
2013-10-24,2013,10,24,3,19.0,18.75,19.02,18.66,384760000.0,0.0132,0.01333333333333342,0.35999999999999943,0.25,18.78
2013-10-25,2013,10,25,4,18.78,18.98,19.04,18.75,337790000.0,-0.011200000000000002,-0.011578947368421022,0.28999999999999915,-0.1999999999999993,18.92
2013-10-28,2013,10,28,0,18.92,18.89,18.96,18.69,550440000.0,0.0074,0.007454739084132189,0.2699999999999996,0.030000000000001137,18.45
2013-10-29,2013,10,29,1,18.45,19.15,19.26,18.38,635810000.0,-0.024900000000000002,-0.02484143763213542,0.8800000000000026,-0.6999999999999993,18.75
2013-10-30,2013,10,30,2,18.75,18.56,18.84,18.46,354160000.0,0.0159,0.016260162601626105,0.379999999999999,0.19000000000000128,18.67
2013-10-31,2013,10,31,3,18.67,18.75,18.84,18.62,275700000.0,-0.0042,-0.00426666666666653,0.21999999999999886,-0.0799999999999983,18.57
2013-11-01,2013,11,1,4,18.57,18.71,18.74,18.42,274890000.0,-0.0051,-0.005356186395286677,0.31999999999999673,-0.14000000000000057,18.81
2013-11-04,2013,11,4,0,18.81,18.61,18.81,18.53,244630000.0,0.0129,0.012924071082390798,0.2799999999999976,0.1999999999999993,18.77
2013-11-05,2013,11,5,1,18.77,18.73,18.89,18.68,265470000.00000003,-0.0025,-0.0021265284423178654,0.21000000000000085,0.03999999999999915,18.6
2013-11-06,2013,11,6,2,18.6,18.72,18.74,18.51,223380000.0,-0.0086,-0.009057005860415468,0.22999999999999687,-0.11999999999999744,18.3
2013-11-07,2013,11,7,3,18.3,18.56,18.69,18.3,262620000.0,-0.016200000000000003,-0.016129032258064502,0.39000000000000057,-0.259999999999998,18.59
2013-11-08,2013,11,8,4,18.59,18.38,18.61,18.31,279320000.0,0.015700000000000002,0.015846994535519077,0.3000000000000007,0.21000000000000085,18.54
2013-11-11,2013,11,11,0,18.54,18.57,18.63,18.37,227450000.0,-0.0029,-0.002689618074233513,0.259999999999998,-0.030000000000001137,18.57
2013-11-12,2013,11,12,1,18.57,18.49,18.71,18.46,204460000.0,0.0019,0.0016181229773464256,0.25,0.08000000000000185,18.59
2013-11-13,2013,11,13,2,18.59,18.5,18.65,18.46,197220000.0,0.0012,0.001077005923532548,0.18999999999999773,0.08999999999999986,18.86
2013-11-14,2013,11,14,3,18.86,18.67,18.9,18.64,282420000.0,0.014499999999999999,0.01452393760086057,0.259999999999998,0.18999999999999773,18.75
2013-11-15,2013,11,15,4,18.75,18.81,18.9,18.73,317920000.0,-0.006,-0.005832449628844105,0.16999999999999815,-0.05999999999999872,18.52
2013-11-18,2013,11,18,0,18.52,18.75,18.83,18.51,244950000.0,-0.0121,-0.012266666666666648,0.31999999999999673,-0.23000000000000043,18.56
2013-11-19,2013,11,19,1,18.56,18.54,18.69,18.5,208940000.0,0.0018,0.002159827213822796,0.19000000000000128,0.019999999999999574,18.39
2013-11-20,2013,11,20,2,18.39,18.54,18.59,18.37,194180000.0,-0.0088,-0.009159482758620552,0.21999999999999886,-0.14999999999999858,18.61
2013-11-21,2013,11,21,3,18.61,18.49,18.61,18.35,262029999.99999997,0.011899999999999999,0.011963023382272953,0.259999999999998,0.120000000000001,18.56
2013-11-22,2013,11,22,4,18.56,18.55,18.65,18.52,223730000.0,-0.0026,-0.002686727565824887,0.129999999999999,0.00999999999999801,18.7
2013-11-25,2013,11,25,0,18.7,18.61,18.78,18.61,229390000.0,0.0076,0.007543103448275801,0.1700000000000017,0.08999999999999986,19.05
2013-11-26,2013,11,26,1,19.05,18.72,19.15,18.71,401380000.0,0.0184,0.018716577540107027,0.4399999999999977,0.33000000000000185,19.5
2013-11-27,2013,11,27,2,19.5,19.15,19.5,19.05,363450000.0,0.0235,0.023622047244094446,0.4499999999999993,0.3500000000000014,19.86
2013-11-29,2013,11,29,4,19.86,19.62,19.94,19.56,318130000.0,0.018500000000000003,0.01846153846153853,0.38000000000000256,0.23999999999999844,19.69
2013-12-02,2013,12,2,0,19.69,19.93,20.15,19.67,472540000.0,-0.0087,-0.008559919436052277,0.4799999999999969,-0.23999999999999844,20.23
2013-12-03,2013,12,3,1,20.23,19.94,20.23,19.92,450970000.0,0.0274,0.027425088877602866,0.3099999999999987,0.28999999999999915,20.18
2013-12-04,2013,12,4,2,20.18,20.2,20.33,20.03,377810000.0,-0.0023,-0.0024715768660406034,0.29999999999999716,-0.019999999999999574,20.28
2013-12-05,2013,12,5,3,20.28,20.45,20.54,20.23,447580000.0,0.0051,0.0049554013875123815,0.3099999999999987,-0.16999999999999815,20.0
2013-12-06,2013,12,6,4,20.0,20.21,20.24,19.98,344350000.0,-0.0139,-0.013806706114398493,0.259999999999998,-0.21000000000000085,20.23
2013-12-09,2013,12,9,0,20.23,20.03,20.34,20.03,320490000.0,0.011399999999999999,0.011500000000000066,0.3099999999999987,0.1999999999999993,20.2
2013-12-10,2013,12,10,1,20.2,20.13,20.28,20.04,278270000.0,-0.0016,-0.0014829461196244065,0.240000000000002,0.07000000000000028,20.05
2013-12-11,2013,12,11,2,20.05,20.25,20.39,19.99,359720000.0,-0.0074,-0.007425742574257321,0.40000000000000213,-0.1999999999999993,20.02
2013-12-12,2013,12,12,3,20.02,20.08,20.19,20.0,262290000.00000003,-0.0015,-0.0014962593516210099,0.19000000000000128,-0.05999999999999872,19.8
2013-12-13,2013,12,13,4,19.8,20.1,20.1,19.77,332820000.0,-0.0109,-0.01098901098901095,0.33000000000000185,-0.3000000000000007,19.91
2013-12-16,2013,12,16,0,19.91,19.82,20.09,19.82,282590000.0,0.0055000000000000005,0.005555555555555536,0.2699999999999996,0.08999999999999986,19.82
2013-12-17,2013,12,17,1,19.82,19.85,19.98,19.76,229900000.0,-0.0045000000000000005,-0.0045203415369161615,0.21999999999999886,-0.030000000000001137,19.67
2013-12-18,2013,12,18,2,19.67,19.63,19.69,19.24,565860000.0,-0.0076,-0.007568113017154321,0.45000000000000284,0.0400000000000027,19.44
2013-12-19,2013,12,19,3,19.44,19.62,19.64,19.42,320960000.0,-0.0115,-0.011692933401118433,0.21999999999999886,-0.17999999999999972,19.61
2013-12-20,2013,12,20,4,19.61,19.48,19.7,19.46,436410000.0,0.0084,0.008744855967078191,0.23999999999999844,0.129999999999999,20.36
2013-12-23,2013,12,23,0,20.36,20.29,20.38,20.1,501310000.0,0.0384,0.038245792962774194,0.2799999999999976,0.07000000000000028,20.27
2013-12-24,2013,12,24,1,20.27,20.35,20.42,20.22,167560000.0,-0.0042,-0.004420432220039294,0.20000000000000284,-0.08000000000000185,20.14
2013-12-26,2013,12,26,3,20.14,20.29,20.34,20.12,204010000.0,-0.0066,-0.006413418845584551,0.21999999999999886,-0.14999999999999858,20.0
2013-12-27,2013,12,27,4,20.0,20.14,20.16,19.98,225890000.0,-0.0068000000000000005,-0.006951340615690249,0.17999999999999972,-0.14000000000000057,19.8
2013-12-30,2013,12,30,0,19.8,19.91,20.0,19.73,253630000.0,-0.009899999999999999,-0.010000000000000009,0.2699999999999996,-0.10999999999999943,20.04
2013-12-31,2013,12,31,1,20.04,19.79,20.05,19.79,223280000.0,0.011699999999999999,0.012121212121211977,0.26000000000000156,0.25,19.75
2014-01-02,2014,1,2,3,19.75,19.85,19.89,19.72,235170000.0,-0.0141,-0.01447105788423153,0.1700000000000017,-0.10000000000000142,19.32
2014-01-03,2014,1,3,4,19.32,19.74,19.77,19.3,393220000.0,-0.022000000000000002,-0.02177215189873416,0.46999999999999886,-0.41999999999999815,19.43
2014-01-06,2014,1,6,0,19.43,19.19,19.53,19.06,413440000.0,0.0055000000000000005,0.005693581780538359,0.4700000000000024,0.23999999999999844,19.29
2014-01-07,2014,1,7,1,19.29,19.44,19.5,19.21,317730000.0,-0.0072,-0.0072053525476067914,0.28999999999999915,-0.15000000000000213,19.41
2014-01-08,2014,1,8,2,19.41,19.24,19.48,19.24,258750000.0,0.0063,0.0062208398133749565,0.240000000000002,0.1700000000000017,19.16
2014-01-09,2014,1,9,3,19.16,19.53,19.53,19.12,279620000.0,-0.0128,-0.01287995878413184,0.41000000000000014,-0.370000000000001,19.03
2014-01-10,2014,1,10,4,19.03,19.28,19.31,18.97,305280000.0,-0.0067,-0.006784968684759862,0.33999999999999986,-0.25,19.13
2014-01-13,2014,1,13,0,19.13,18.93,19.37,18.92,379440000.0,0.0052,0.005254860746190193,0.4499999999999993,0.1999999999999993,19.51
2014-01-14,2014,1,14,1,19.51,19.22,19.53,19.2,334940000.0,0.0199,0.0198640878201779,0.33000000000000185,0.2900000000000027,19.91
2014-01-15,2014,1,15,2,19.91,19.77,20.01,19.7,393890000.0,0.020099999999999996,0.02050230650948226,0.3100000000000023,0.14000000000000057,19.79
2014-01-16,2014,1,16,3,19.79,19.82,19.89,19.7,229890000.0,-0.005600000000000001,-0.006027122049221512,0.19000000000000128,-0.030000000000001137,19.31
2014-01-17,2014,1,17,4,19.31,19.7,19.72,19.28,433710000.0,-0.0245,-0.024254674077817118,0.4399999999999977,-0.39000000000000057,19.61
2014-01-21,2014,1,21,1,19.61,19.32,19.65,19.3,329020000.0,0.0155,0.015535991714137776,0.34999999999999787,0.28999999999999915,19.7
2014-01-22,2014,1,22,2,19.7,19.68,19.9,19.56,380880000.0,0.0044,0.004589495155532974,0.33999999999999986,0.019999999999999574,19.86
2014-01-23,2014,1,23,3,19.86,19.64,19.87,19.46,403910000.0,0.0085,0.008121827411167626,0.41000000000000014,0.21999999999999886,19.5
2014-01-24,2014,1,24,4,19.5,19.79,19.84,19.46,433540000.0,-0.0182,-0.01812688821752262,0.379999999999999,-0.28999999999999915,19.66
2014-01-27,2014,1,27,0,19.66,19.65,19.81,19.49,576880000.0,0.008100000000000001,0.00820512820512831,0.3200000000000003,0.010000000000001563,18.09
2014-01-28,2014,1,28,1,18.09,18.17,18.39,17.93,1070000000.0000001,-0.0799,-0.07985757884028488,0.46000000000000085,-0.08000000000000185,17.88
2014-01-29,2014,1,29,2,17.88,18.0,18.12,17.81,503770000.0,-0.011399999999999999,-0.011608623548922115,0.3100000000000023,-0.120000000000001,17.85
2014-01-30,2014,1,30,3,17.85,17.95,18.09,17.74,679050000.0,-0.0019,-0.001677852348993203,0.3500000000000014,-0.09999999999999787,17.88
2014-01-31,2014,1,31,4,17.88,17.68,17.91,17.63,465350000.0,0.0016,0.001680672268907335,0.28000000000000114,0.1999999999999993,17.91
2014-02-03,2014,2,3,0,17.91,17.95,18.13,17.83,402480000.0,0.0019,0.001677852348993314,0.3000000000000007,-0.03999999999999915,18.17
2014-02-04,2014,2,4,1,18.17,18.07,18.19,17.96,377090000.0,0.014499999999999999,0.014517029592406638,0.23000000000000043,0.10000000000000142,18.31
2014-02-05,2014,2,5,2,18.31,18.09,18.4,18.08,329290000.0,0.0075,0.007705008255365797,0.3200000000000003,0.21999999999999886,18.3
2014-02-06,2014,2,6,3,18.3,18.22,18.34,18.14,257990000.0,0.0,-0.0005461496450026582,0.1999999999999993,0.08000000000000185,18.56
2014-02-07,2014,2,7,4,18.56,18.62,18.68,18.48,374550000.0,0.013999999999999999,0.014207650273224015,0.1999999999999993,-0.060000000000002274,18.89
2014-02-10,2014,2,10,0,18.89,18.52,19.0,18.5,345800000.0,0.0179,0.01778017241379315,0.5,0.370000000000001,19.14
2014-02-11,2014,2,11,1,19.14,18.95,19.21,18.91,282690000.0,0.0132,0.013234515616728393,0.3000000000000007,0.19000000000000128,19.14
2014-02-12,2014,2,12,2,19.14,19.18,19.27,19.04,308510000.0,0.0,0.0,0.23000000000000043,-0.03999999999999915,19.44
2014-02-13,2014,2,13,3,19.44,19.09,19.46,19.08,307840000.0,0.0159,0.01567398119122254,0.38000000000000256,0.3500000000000014,19.43
2014-02-14,2014,2,14,4,19.43,19.37,19.5,19.33,273870000.0,-0.0008,-0.0005144032921811093,0.1700000000000017,0.05999999999999872,19.5
2014-02-18,2014,2,18,1,19.5,19.5,19.69,19.49,261230000.00000003,0.0037,0.0036026762738035067,0.20000000000000284,0.0,19.19
2014-02-19,2014,2,19,2,19.19,19.46,19.53,19.08,314220000.0,-0.0158,-0.015897435897435863,0.45000000000000284,-0.2699999999999996,18.97
2014-02-20,2014,2,20,3,18.97,19.04,19.18,18.89,306120000.0,-0.0116,-0.011464304325169539,0.28999999999999915,-0.07000000000000028,18.76
2014-02-21,2014,2,21,4,18.76,19.03,19.09,18.74,279030000.0,-0.0111,-0.011070110701106861,0.3500000000000014,-0.2699999999999996,18.84
2014-02-24,2014,2,24,0,18.84,18.68,18.93,18.66,289460000.0,0.0044,0.004264392324093702,0.2699999999999996,0.16000000000000014,18.64
2014-02-25,2014,2,25,1,18.64,18.91,18.91,18.61,232990000.0,-0.0104,-0.010615711252653925,0.3000000000000007,-0.2699999999999996,18.48
2014-02-26,2014,2,26,2,18.48,18.7,18.75,18.41,276530000.0,-0.009000000000000001,-0.008583690987124526,0.33999999999999986,-0.21999999999999886,18.85
2014-02-27,2014,2,27,3,18.85,18.47,18.88,18.43,302230000.0,0.0199,0.02002164502164505,0.4499999999999993,0.38000000000000256,18.79
2014-02-28,2014,2,28,4,18.79,18.9,19.03,18.65,372300000.0,-0.0027,-0.0031830238726792137,0.38000000000000256,-0.10999999999999943,18.85
2014-03-03,2014,3,3,0,18.85,18.69,18.95,18.67,239140000.0,0.0029,0.0031931878658861823,0.2799999999999976,0.16000000000000014,18.97
2014-03-04,2014,3,4,1,18.97,18.96,19.02,18.85,259540000.00000003,0.0066,0.006366047745357983,0.16999999999999815,0.00999999999999801,19.01
2014-03-05,2014,3,5,2,19.01,18.96,19.1,18.9,200260000.0,0.0021,0.0021085925144967987,0.20000000000000284,0.05000000000000071,18.96
2014-03-06,2014,3,6,3,18.96,19.03,19.09,18.86,185690000.0,-0.003,-0.002630194634402949,0.23000000000000043,-0.07000000000000028,18.94
2014-03-07,2014,3,7,4,18.94,18.97,19.0,18.79,221660000.0,-0.0006,-0.001054852320675037,0.21000000000000085,-0.029999999999997584,18.96
2014-03-10,2014,3,10,0,18.96,18.87,19.05,18.87,178770000.0,0.0009,0.001055966209081216,0.17999999999999972,0.08999999999999986,19.15
2014-03-11,2014,3,11,1,19.15,19.12,19.24,19.02,280800000.0,0.0097,0.010021097046413407,0.21999999999999886,0.029999999999997584,19.16
2014-03-12,2014,3,12,2,19.16,19.09,19.19,19.0,200780000.0,0.001,0.0005221932114882755,0.19000000000000128,0.07000000000000028,18.95
2014-03-13,2014,3,13,3,18.95,19.19,19.27,18.9,257740000.0,-0.0111,-0.01096033402922758,0.370000000000001,-0.240000000000002,18.74
2014-03-14,2014,3,14,4,18.74,18.89,18.96,18.68,237200000.0,-0.011200000000000002,-0.011081794195250683,0.28000000000000114,-0.15000000000000213,18.81
2014-03-17,2014,3,17,0,18.81,18.85,18.93,18.78,199540000.0,0.0039000000000000003,0.003735325506937004,0.14999999999999858,-0.0400000000000027,18.98
2014-03-18,2014,3,18,1,18.98,18.78,19.0,18.76,209650000.0,0.0088,0.009037745879851178,0.23999999999999844,0.1999999999999993,18.97
2014-03-19,2014,3,19,2,18.97,19.01,19.15,18.89,224760000.0,0.0,-0.0005268703898841931,0.259999999999998,-0.0400000000000027,18.88
2014-03-20,2014,3,20,3,18.88,18.92,19.02,18.83,208400000.0,-0.0048,-0.004744333157617242,0.19000000000000128,-0.0400000000000027,19.03
2014-03-21,2014,3,21,4,19.03,19.0,19.06,18.8,374450000.0,0.0079,0.007944915254237461,0.259999999999998,0.030000000000001137,19.26
2014-03-24,2014,3,24,0,19.26,19.23,19.3,19.11,355700000.0,0.011899999999999999,0.012086179716237488,0.19000000000000128,0.030000000000001137,19.46
2014-03-25,2014,3,25,1,19.46,19.34,19.49,19.27,282290000.0,0.0108,0.01038421599169248,0.21999999999999886,0.120000000000001,19.28
2014-03-26,2014,3,26,2,19.28,19.52,19.61,19.24,299770000.0,-0.0096,-0.009249743062692661,0.370000000000001,-0.23999999999999844,19.19
2014-03-27,2014,3,27,3,19.19,19.29,19.34,19.11,222030000.0,-0.0043,-0.004668049792531104,0.23000000000000043,-0.09999999999999787,19.17
2014-03-28,2014,3,28,4,19.17,19.23,19.25,19.08,200560000.0,-0.0011,-0.0010422094841062712,0.1700000000000017,-0.05999999999999872,19.17
2014-03-31,2014,3,31,0,19.17,19.26,19.31,19.14,168670000.0,0.0,0.0,0.16999999999999815,-0.08999999999999986,19.34
2014-04-01,2014,4,1,1,19.34,19.21,19.35,19.17,200760000.0,0.0091,0.008868022952529975,0.17999999999999972,0.129999999999999,19.38
2014-04-02,2014,4,2,2,19.38,19.37,19.41,19.29,180420000.0,0.0017000000000000001,0.0020682523267838704,0.120000000000001,0.00999999999999801,19.24
2014-04-03,2014,4,3,3,19.24,19.34,19.37,19.2,162590000.0,-0.0069,-0.007223942208462342,0.1700000000000017,-0.10000000000000142,18.99
2014-04-04,2014,4,4,4,18.99,19.28,19.29,18.95,275250000.0,-0.0129,-0.01299376299376298,0.33999999999999986,-0.2900000000000027,18.7
2014-04-07,2014,4,7,0,18.7,18.86,18.96,18.64,289850000.0,-0.015700000000000002,-0.015271195365982093,0.3200000000000003,-0.16000000000000014,18.69
2014-04-08,2014,4,8,1,18.69,18.76,18.79,18.52,243890000.0,0.0,-0.0005347593582886168,0.2699999999999996,-0.07000000000000028,18.94
2014-04-09,2014,4,9,2,18.94,18.67,18.95,18.64,206170000.0,0.0131,0.013376136971642527,0.3099999999999987,0.2699999999999996,18.7
2014-04-10,2014,4,10,3,18.7,18.95,19.01,18.68,239650000.0,-0.0129,-0.012671594508975814,0.33000000000000185,-0.25,18.56
2014-04-11,2014,4,11,4,18.56,18.54,18.67,18.47,271900000.0,-0.0074,-0.007486631016042855,0.20000000000000284,0.019999999999999574,18.63
2014-04-14,2014,4,14,0,18.63,18.64,18.65,18.47,205780000.0,0.004,0.0037715517241379004,0.17999999999999972,-0.010000000000001563,18.5
2014-04-15,2014,4,15,1,18.5,18.58,18.63,18.26,266490000.0,-0.0070999999999999995,-0.006977992485238782,0.36999999999999744,-0.0799999999999983,18.54
2014-04-16,2014,4,16,2,18.54,18.5,18.61,18.36,214930000.0,0.002,0.00216216216216214,0.25,0.03999999999999915,18.75
2014-04-17,2014,4,17,3,18.75,18.57,18.85,18.54,284430000.0,0.011399999999999999,0.011326860841424091,0.3100000000000023,0.17999999999999972,18.97
2014-04-21,2014,4,21,0,18.97,18.76,19.0,18.71,182680000.0,0.011899999999999999,0.011733333333333373,0.28999999999999915,0.2099999999999973,18.99
2014-04-22,2014,4,22,1,18.99,18.87,18.99,18.8,202660000.0,0.001,0.0010542962572481773,0.18999999999999773,0.11999999999999744,18.74
2014-04-23,2014,4,23,2,18.74,18.89,18.97,18.73,394940000.0,-0.0131,-0.013164823591363839,0.23999999999999844,-0.15000000000000213,20.28
2014-04-24,2014,4,24,3,20.28,20.29,20.36,20.03,759910000.0,0.08199999999999999,0.08217716115261497,0.3299999999999983,-0.00999999999999801,20.43
2014-04-25,2014,4,25,4,20.43,20.16,20.43,20.14,390280000.0,0.0073,0.007396449704141883,0.28999999999999915,0.2699999999999996,21.22
2014-04-28,2014,4,28,0,21.22,20.46,21.28,20.45,669490000.0,0.0387,0.03866862457170828,0.8300000000000018,0.759999999999998,21.15
2014-04-29,2014,4,29,1,21.15,21.2,21.28,21.05,337380000.0,-0.003,-0.0032987747408105283,0.23000000000000043,-0.05000000000000071,21.07
2014-04-30,2014,4,30,2,21.07,21.17,21.41,21.06,456880000.0,-0.0038,-0.003782505910165379,0.3500000000000014,-0.10000000000000142,21.12
2014-05-01,2014,5,1,3,21.12,21.14,21.24,20.94,244210000.0,0.0024,0.0023730422401520013,0.29999999999999716,-0.019999999999999574,21.16
2014-05-02,2014,5,2,4,21.16,21.15,21.22,21.06,191510000.0,0.0019,0.0018939393939394478,0.16000000000000014,0.010000000000001563,21.46
2014-05-05,2014,5,5,0,21.46,21.08,21.46,21.07,287070000.0,0.0141,0.01417769376181477,0.39000000000000057,0.38000000000000256,21.23
2014-05-06,2014,5,6,1,21.23,21.49,21.59,21.23,374570000.0,-0.0109,-0.01071761416589001,0.35999999999999943,-0.259999999999998,21.15
2014-05-07,2014,5,7,2,21.15,21.26,21.33,20.99,282860000.0,-0.0034999999999999996,-0.0037682524729157896,0.33999999999999986,-0.11000000000000298,21.0
2014-05-08,2014,5,8,3,21.0,21.01,21.23,20.94,230300000.0,-0.0073,-0.007092198581560183,0.28999999999999915,-0.010000000000001563,20.91
2014-05-09,2014,5,9,4,20.91,20.88,20.94,20.73,291600000.0,-0.0042,-0.004285714285714226,0.21000000000000085,0.030000000000001137,21.17
2014-05-12,2014,5,12,0,21.17,20.98,21.2,20.98,213300000.0,0.0124,0.012434241989478734,0.21999999999999886,0.19000000000000128,21.21
2014-05-13,2014,5,13,1,21.21,21.14,21.23,21.1,159740000.0,0.0016,0.0018894662257911143,0.129999999999999,0.07000000000000028,21.21
2014-05-14,2014,5,14,2,21.21,21.16,21.34,21.13,166400000.0,0.0,0.0,0.21000000000000085,0.05000000000000071,21.03
2014-05-15,2014,5,15,3,21.03,21.24,21.31,21.0,230850000.0,-0.0085,-0.008486562942008447,0.3099999999999987,-0.2099999999999973,21.34
2014-05-16,2014,5,16,4,21.34,21.02,21.34,20.91,276370000.0,0.0148,0.014740846409890596,0.4299999999999997,0.3200000000000003,21.59
2014-05-19,2014,5,19,0,21.59,21.35,21.69,21.33,317760000.0,0.0118,0.011715089034676662,0.360000000000003,0.23999999999999844,21.6
2014-05-20,2014,5,20,1,21.6,21.59,21.66,21.45,234840000.0,0.0,0.0004631773969430153,0.21000000000000085,0.010000000000001563,21.65
2014-05-21,2014,5,21,2,21.65,21.57,21.67,21.5,197000000.0,0.0026,0.0023148148148146586,0.1700000000000017,0.0799999999999983,21.69
2014-05-22,2014,5,22,3,21.69,21.66,21.78,21.57,200880000.0,0.0016,0.0018475750577369165,0.21000000000000085,0.030000000000001137,21.93
2014-05-23,2014,5,23,4,21.93,21.69,21.95,21.66,232210000.0,0.0113,0.011065006915629283,0.28999999999999915,0.23999999999999844,22.34
2014-05-27,2014,5,27,1,22.34,22.0,22.35,21.99,348870000.0,0.0187,0.018695850433196437,0.360000000000003,0.33999999999999986,22.29
2014-05-28,2014,5,28,2,22.29,22.36,22.49,22.28,315690000.0,-0.0026,-0.0022381378692928333,0.2099999999999973,-0.07000000000000028,22.69
2014-05-29,2014,5,29,3,22.69,22.42,22.75,22.42,376470000.0,0.0182,0.01794526693584575,0.3299999999999983,0.2699999999999996,22.61
2014-05-30,2014,5,30,4,22.61,22.78,23.01,22.46,564020000.0,-0.0037,-0.00352578228294409,0.5500000000000007,-0.1700000000000017,22.45
2014-06-02,2014,6,2,0,22.45,22.64,22.67,22.23,369350000.0,-0.0069,-0.0070765148164528835,0.4400000000000013,-0.19000000000000128,22.77
2014-06-03,2014,6,3,1,22.77,22.44,22.81,22.44,292930000.0,0.0141,0.014253897550111416,0.36999999999999744,0.3299999999999983,23.03
2014-06-04,2014,6,4,2,23.03,22.77,23.14,22.72,335480000.0,0.011399999999999999,0.011418533157663724,0.4200000000000017,0.26000000000000156,23.12
2014-06-05,2014,6,5,3,23.12,23.08,23.19,22.95,303800000.0,0.0039000000000000003,0.0039079461571862595,0.240000000000002,0.0400000000000027,23.06
2014-06-06,2014,6,6,4,23.06,23.21,23.26,23.02,350480000.0,-0.0027,-0.002595155709342656,0.240000000000002,-0.15000000000000213,23.42
2014-06-09,2014,6,9,0,23.42,23.17,23.47,22.94,301660000.0,0.016,0.015611448395490113,0.5299999999999976,0.25,23.56
2014-06-10,2014,6,10,1,23.56,23.68,23.76,23.39,251110000.0,0.0059,0.00597779675491017,0.370000000000001,-0.120000000000001,23.47
2014-06-11,2014,6,11,2,23.47,23.53,23.69,23.37,182720000.0,-0.0040999999999999995,-0.0038200339558573937,0.3200000000000003,-0.060000000000002274,23.07
2014-06-12,2014,6,12,3,23.07,23.51,23.53,22.98,219000000.0,-0.0167,-0.01704303365999138,0.5500000000000007,-0.4400000000000013,22.82
2014-06-13,2014,6,13,4,22.82,23.05,23.11,22.72,218100000.0,-0.0109,-0.010836584308625885,0.39000000000000057,-0.23000000000000043,23.05
2014-06-16,2014,6,16,0,23.05,22.88,23.19,22.86,142250000.0,0.0101,0.010078878177037787,0.33000000000000185,0.1700000000000017,23.02
2014-06-17,2014,6,17,1,23.02,23.08,23.17,22.95,118910000.0,-0.0013,-0.0013015184381779399,0.22000000000000242,-0.05999999999999872,23.05
2014-06-18,2014,6,18,2,23.05,23.07,23.07,22.84,134060000.0,0.0011,0.0013032145960034658,0.23000000000000043,-0.019999999999999574,22.97
2014-06-19,2014,6,19,3,22.97,23.07,23.08,22.83,142110000.0,-0.0034999999999999996,-0.003470715835141025,0.25,-0.10000000000000142,22.73
2014-06-20,2014,6,20,4,22.73,22.96,23.14,22.73,403590000.0,-0.0103,-0.01044841097083149,0.41000000000000014,-0.23000000000000043,22.71
2014-06-23,2014,6,23,0,22.71,22.83,22.91,22.65,174780000.0,-0.0009,-0.0008798944126704455,0.26000000000000156,-0.11999999999999744,22.57
2014-06-24,2014,6,24,1,22.57,22.69,22.93,22.55,156140000.0,-0.0060999999999999995,-0.006164685160722216,0.379999999999999,-0.120000000000001,22.59
2014-06-25,2014,6,25,2,22.59,22.55,22.67,22.41,147470000.0,0.0009,0.0008861320336730483,0.26000000000000156,0.03999999999999915,22.73
2014-06-26,2014,6,26,3,22.73,22.59,22.76,22.45,130520000.00000001,0.006,0.00619743249225313,0.3100000000000023,0.14000000000000057,23.0
2014-06-27,2014,6,27,4,23.0,22.7,23.0,22.69,256120000.0,0.011899999999999999,0.011878574571051459,0.3099999999999987,0.3000000000000007,23.23
2014-06-30,2014,6,30,0,23.23,23.02,23.43,23.02,198360000.0,0.0103,0.010000000000000009,0.41000000000000014,0.21000000000000085,23.38
2014-07-01,2014,7,1,1,23.38,23.38,23.52,23.28,152890000.0,0.0063,0.0064571674558759895,0.23999999999999844,0.0,23.37
2014-07-02,2014,7,2,2,23.37,23.47,23.51,23.27,113860000.0,-0.0004,-0.00042771599657820403,0.240000000000002,-0.09999999999999787,23.51
2014-07-03,2014,7,3,3,23.51,23.42,23.52,23.3,91570000.0,0.0059,0.005990586221651606,0.21999999999999886,0.08999999999999986,23.99
2014-07-07,2014,7,7,0,23.99,23.53,24.0,23.52,225870000.0,0.0206,0.020416843896214232,0.4800000000000004,0.4599999999999973,23.84
2014-07-08,2014,7,8,1,23.84,24.07,24.2,23.48,260890000.0,-0.0064,-0.0062526052521884035,0.7199999999999989,-0.23000000000000043,23.85
2014-07-09,2014,7,9,2,23.85,23.86,23.99,23.69,145750000.0,0.0004,0.000419463087248495,0.29999999999999716,-0.00999999999999801,23.76
2014-07-10,2014,7,10,3,23.76,23.44,23.89,23.38,158740000.0,-0.0037,-0.0037735849056603765,0.5100000000000016,0.3200000000000003,23.81
2014-07-11,2014,7,11,4,23.81,23.84,23.97,23.72,136070000.0,0.0019,0.002104377104376942,0.25,-0.030000000000001137,24.11
2014-07-14,2014,7,14,0,24.11,23.97,24.22,23.91,171240000.0,0.0129,0.012599748005039935,0.3099999999999987,0.14000000000000057,23.83
2014-07-15,2014,7,15,1,23.83,24.2,24.21,23.76,182780000.0,-0.011699999999999999,-0.011613438407299892,0.4499999999999993,-0.370000000000001,23.69
2014-07-16,2014,7,16,2,23.69,24.24,24.27,23.68,214010000.0,-0.005699999999999999,-0.005874947545111087,0.5899999999999999,-0.5499999999999972,23.27
2014-07-17,2014,7,17,3,23.27,23.76,23.82,23.14,229190000.0,-0.0178,-0.01772899957788099,0.6799999999999997,-0.490000000000002,23.61
2014-07-18,2014,7,18,4,23.61,23.41,23.68,23.25,199950000.0,0.0144,0.014611087236785503,0.4299999999999997,0.1999999999999993,23.48
2014-07-21,2014,7,21,0,23.48,23.75,23.75,23.43,156320000.0,-0.0052,-0.005506141465480674,0.3200000000000003,-0.2699999999999996,23.68
2014-07-22,2014,7,22,1,23.68,23.67,23.72,23.53,220790000.0,0.0083,0.008517887563884052,0.18999999999999773,0.00999999999999801,24.3
2014-07-23,2014,7,23,2,24.3,23.85,24.47,23.79,371670000.0,0.026099999999999998,0.026182432432432456,0.6799999999999997,0.4499999999999993,24.26
2014-07-24,2014,7,24,3,24.26,24.26,24.33,24.1,182920000.0,-0.0016,-0.0016460905349794386,0.22999999999999687,0.0,24.42
2014-07-25,2014,7,25,4,24.42,24.21,24.46,24.16,173880000.0,0.0066,0.0065952184666118185,0.3000000000000007,0.21000000000000085,24.75
2014-07-28,2014,7,28,0,24.75,24.45,24.81,24.39,221270000.0,0.0138,0.013513513513513375,0.41999999999999815,0.3000000000000007,24.59
2014-07-29,2014,7,29,1,24.59,24.83,24.86,24.56,172570000.0,-0.006500000000000001,-0.006464646464646506,0.3000000000000007,-0.23999999999999844,24.54
2014-07-30,2014,7,30,2,24.54,24.61,24.67,24.42,132039999.99999999,-0.0023,-0.0020333468889792705,0.25,-0.07000000000000028,23.9
2014-07-31,2014,7,31,3,23.9,24.29,24.36,23.83,227370000.0,-0.026000000000000002,-0.026079869600652006,0.5300000000000011,-0.39000000000000057,24.03
2014-08-01,2014,8,1,4,24.03,23.73,24.16,23.7,194050000.0,0.0055000000000000005,0.005439330543933085,0.46000000000000085,0.3000000000000007,23.9
2014-08-04,2014,8,4,0,23.9,24.09,24.15,23.79,159830000.0,-0.005600000000000001,-0.005409904286308942,0.35999999999999943,-0.19000000000000128,23.78
2014-08-05,2014,8,5,1,23.78,23.84,23.92,23.59,223730000.0,-0.0049,-0.005020920502091908,0.33000000000000185,-0.05999999999999872,23.74
2014-08-06,2014,8,6,2,23.74,23.69,23.87,23.68,154230000.0,-0.0017000000000000001,-0.001682085786375187,0.19000000000000128,0.04999999999999716,23.62
2014-08-07,2014,8,7,3,23.62,23.73,23.99,23.52,186840000.0,-0.0051,-0.005054759898904693,0.46999999999999886,-0.10999999999999943,23.68
2014-08-08,2014,8,8,4,23.68,23.57,23.7,23.32,167460000.0,0.0028000000000000004,0.002540220152413175,0.379999999999999,0.10999999999999943,24.0
2014-08-11,2014,8,11,0,24.0,23.82,24.02,23.71,146340000.0,0.0132,0.013513513513513598,0.3099999999999987,0.17999999999999972,23.99
2014-08-12,2014,8,12,1,23.99,24.01,24.22,23.9,135180000.0,0.0,-0.0004166666666667318,0.3200000000000003,-0.020000000000003126,24.31
2014-08-13,2014,8,13,2,24.31,24.04,24.31,24.01,127670000.0,0.0132,0.01333889120466858,0.29999999999999716,0.2699999999999996,24.38
2014-08-14,2014,8,14,3,24.38,24.33,24.39,24.2,112460000.0,0.0027,0.002879473467708671,0.19000000000000128,0.05000000000000071,24.5
2014-08-15,2014,8,15,4,24.5,24.48,24.55,24.22,195810000.0,0.0049,0.004922067268252617,0.33000000000000185,0.019999999999999574,24.79
2014-08-18,2014,8,18,0,24.79,24.62,24.84,24.5,190290000.0,0.012,0.011836734693877471,0.33999999999999986,0.16999999999999815,25.13
2014-08-19,2014,8,19,1,25.13,24.85,25.17,24.83,277600000.0,0.0138,0.013715207745058411,0.3400000000000034,0.2799999999999976,25.14
2014-08-20,2014,8,20,2,25.14,25.11,25.27,24.99,210800000.0,0.0004,0.0003979307600479043,0.28000000000000114,0.030000000000001137,25.15
2014-08-21,2014,8,21,3,25.15,25.14,25.24,25.03,133910000.0,0.0,0.0003977724741446309,0.2099999999999973,0.00999999999999801,25.33
2014-08-22,2014,8,22,4,25.33,25.07,25.37,25.05,176740000.0,0.0074,0.007157057654075594,0.3200000000000003,0.259999999999998,25.39
2014-08-25,2014,8,25,0,25.39,25.45,25.54,25.32,161080000.0,0.0022,0.0023687327279906523,0.21999999999999886,-0.05999999999999872,25.22
2014-08-26,2014,8,26,1,25.22,25.35,25.38,25.22,132610000.00000001,-0.0064,-0.006695549428909042,0.16000000000000014,-0.13000000000000256,25.53
2014-08-27,2014,8,27,2,25.53,25.25,25.64,25.17,209480000.0,0.0123,0.012291831879460924,0.46999999999999886,0.28000000000000114,25.56
2014-08-28,2014,8,28,3,25.56,25.4,25.69,25.39,273840000.0,0.0012,0.001175088131609714,0.3000000000000007,0.16000000000000014,25.63
2014-08-29,2014,8,29,4,25.63,25.72,25.73,25.55,178380000.0,0.0024,0.0027386541471048353,0.17999999999999972,-0.08999999999999986,25.83
2014-09-02,2014,9,2,1,25.83,25.76,25.93,25.68,214260000.0,0.0078000000000000005,0.007803355442840498,0.25,0.06999999999999673,24.74
2014-09-03,2014,9,3,2,24.74,25.77,25.8,24.65,501680000.0,-0.042199999999999994,-0.04219899341850564,1.1500000000000021,-1.0300000000000011,24.53
2014-09-04,2014,9,4,3,24.53,24.71,25.02,24.45,342870000.0,-0.0083,-0.008488278092158352,0.5700000000000003,-0.17999999999999972,24.74
2014-09-05,2014,9,5,4,24.74,24.7,24.85,24.58,233830000.0,0.0087,0.008560945780676565,0.2700000000000031,0.03999999999999915,24.59
2014-09-08,2014,9,8,0,24.59,24.83,24.83,24.51,185430000.0,-0.0062,-0.006063055780113125,0.31999999999999673,-0.23999999999999844,24.5
2014-09-09,2014,9,9,1,24.5,24.77,25.77,24.03,759390000.0,-0.0038,-0.0036600244001626647,1.7399999999999984,-0.2699999999999996,25.25
2014-09-10,2014,9,10,2,25.25,24.5,25.28,24.44,403480000.0,0.030699999999999998,0.030612244897959107,0.8399999999999999,0.75,25.36
2014-09-11,2014,9,11,3,25.36,25.1,25.36,24.91,249600000.0,0.0043,0.00435643564356436,0.4499999999999993,0.259999999999998,25.42
2014-09-12,2014,9,12,4,25.42,25.3,25.55,25.27,256390000.0,0.0023,0.0023659305993690705,0.28000000000000114,0.120000000000001,25.41
2014-09-15,2014,9,15,0,25.41,25.7,25.76,25.36,245270000.0,-0.0003,-0.0003933910306845867,0.40000000000000213,-0.28999999999999915,25.22
2014-09-16,2014,9,16,1,25.22,24.95,25.32,24.72,267630000.0,-0.0076,-0.00747737111373481,0.6000000000000014,0.2699999999999996,25.4
2014-09-17,2014,9,17,2,25.4,25.32,25.45,25.15,243710000.0,0.0070999999999999995,0.007137192704202988,0.3000000000000007,0.0799999999999983,25.45
2014-09-18,2014,9,18,3,25.45,25.48,25.59,25.39,149200000.0,0.0021,0.0019685039370078705,0.1999999999999993,-0.030000000000001137,25.24
2014-09-19,2014,9,19,4,25.24,25.57,25.59,25.13,283610000.0,-0.008199999999999999,-0.008251473477406734,0.46000000000000085,-0.33000000000000185,25.26
2014-09-22,2014,9,22,0,25.26,25.45,25.53,25.15,211150000.0,0.001,0.0007923930269415624,0.38000000000000256,-0.18999999999999773,25.66
2014-09-23,2014,9,23,1,25.66,25.15,25.74,25.14,253610000.0,0.015600000000000001,0.015835312747426666,0.5999999999999979,0.5100000000000016,25.44
2014-09-24,2014,9,24,2,25.44,25.54,25.71,25.3,240690000.0,-0.0087,-0.008573655494933718,0.41000000000000014,-0.09999999999999787,24.47
2014-09-25,2014,9,25,3,24.47,25.13,25.18,24.43,400370000.0,-0.0381,-0.03812893081761015,0.75,-0.6600000000000001,25.19
2014-09-26,2014,9,26,4,25.19,24.63,25.19,24.6,249480000.0,0.0294,0.02942378422558245,0.5899999999999999,0.5600000000000023,25.03
2014-09-29,2014,9,29,0,25.03,24.66,25.11,24.66,199070000.0,-0.0064,-0.006351726875744368,0.4499999999999993,0.370000000000001,25.19
2014-09-30,2014,9,30,1,25.19,25.2,25.39,25.13,221060000.0,0.0064,0.006392329204954139,0.26000000000000156,-0.00999999999999801,24.8
2014-10-01,2014,10,1,2,24.8,25.15,25.17,24.67,205970000.0,-0.015600000000000001,-0.015482334259626862,0.5,-0.34999999999999787,24.98
2014-10-02,2014,10,2,3,24.98,24.82,25.06,24.51,191030000.0,0.0073,0.007258064516129092,0.5499999999999972,0.16000000000000014,24.91
2014-10-03,2014,10,3,4,24.91,24.86,25.05,24.76,173880000.0,-0.0028000000000000004,-0.002802241793434801,0.28999999999999915,0.05000000000000071,24.91
2014-10-06,2014,10,6,0,24.91,24.99,25.16,24.85,148200000.0,0.0,0.0,0.3099999999999987,-0.0799999999999983,24.69
2014-10-07,2014,10,7,1,24.69,24.86,25.03,24.68,168380000.0,-0.0087,-0.008831794460056108,0.3500000000000014,-0.16999999999999815,25.2
2014-10-08,2014,10,8,2,25.2,24.69,25.28,24.58,229620000.0,0.0208,0.020656136087484622,0.7000000000000028,0.509999999999998,25.25
2014-10-09,2014,10,9,3,25.25,25.39,25.59,25.15,309510000.0,0.0022,0.001984126984126977,0.4400000000000013,-0.14000000000000057,25.18
2014-10-10,2014,10,10,4,25.18,25.17,25.51,25.08,265329999.99999997,-0.0029,-0.0027722772277227747,0.43000000000000327,0.00999999999999801,24.95
2014-10-13,2014,10,13,0,24.95,25.33,25.44,24.95,214330000.0,-0.0091,-0.009134233518665602,0.490000000000002,-0.379999999999999,24.69
2014-10-14,2014,10,14,1,24.69,25.1,25.13,24.64,254750000.0,-0.0106,-0.010420841683366655,0.48999999999999844,-0.41000000000000014,24.39
2014-10-15,2014,10,15,2,24.39,24.49,24.79,23.8,403730000.0,-0.0123,-0.012150668286755817,0.9899999999999984,-0.09999999999999787,24.07
2014-10-16,2014,10,16,3,24.07,23.89,24.43,23.85,288620000.0,-0.0131,-0.013120131201312057,0.5799999999999983,0.17999999999999972,24.42
2014-10-17,2014,10,17,4,24.42,24.38,24.75,24.2,272720000.0,0.0146,0.014540922309929538,0.5500000000000007,0.0400000000000027,24.94
2014-10-20,2014,10,20,0,24.94,24.58,24.99,24.56,310070000.0,0.021400000000000002,0.02129402129402136,0.4299999999999997,0.360000000000003,25.62
2014-10-21,2014,10,21,1,25.62,25.75,25.75,25.32,378500000.0,0.027200000000000002,0.027265437048917374,0.4299999999999997,-0.129999999999999,25.75
2014-10-22,2014,10,22,2,25.75,25.71,26.03,25.65,273050000.0,0.0051,0.0050741608118656245,0.38000000000000256,0.03999999999999915,26.21
2014-10-23,2014,10,23,3,26.21,26.02,26.26,25.91,284300000.0,0.0179,0.017864077669903056,0.3500000000000014,0.19000000000000128,26.31
2014-10-24,2014,10,24,4,26.31,26.3,26.37,26.13,188220000.0,0.0037,0.0038153376573826225,0.240000000000002,0.00999999999999801,26.28
2014-10-27,2014,10,27,0,26.28,26.21,26.37,26.17,136750000.0,-0.001,-0.0011402508551880963,0.1999999999999993,0.07000000000000028,26.68
2014-10-28,2014,10,28,1,26.68,26.35,26.68,26.34,192240000.0,0.0155,0.01522070015220689,0.33999999999999986,0.3299999999999983,26.83
2014-10-29,2014,10,29,2,26.83,26.66,26.84,26.59,210750000.0,0.005600000000000001,0.005622188905547221,0.25,0.16999999999999815,26.75
2014-10-30,2014,10,30,3,26.75,26.74,26.84,26.48,162620000.0,-0.0034000000000000002,-0.002981736861721873,0.35999999999999943,0.010000000000001563,27.0
2014-10-31,2014,10,31,4,27.0,27.0,27.01,26.8,178560000.0,0.0095,0.009345794392523255,0.21000000000000085,0.0,27.35
2014-11-03,2014,11,3,0,27.35,27.06,27.58,27.0,209130000.0,0.013000000000000001,0.012962962962963065,0.5799999999999983,0.2900000000000027,27.15
2014-11-04,2014,11,4,1,27.15,27.34,27.37,26.93,166300000.0,-0.0073,-0.007312614259597949,0.4400000000000013,-0.19000000000000128,27.22
2014-11-05,2014,11,5,2,27.22,27.27,27.33,27.03,149740000.0,0.0024,0.0025782688766113893,0.29999999999999716,-0.05000000000000071,27.17
2014-11-06,2014,11,6,3,27.17,27.15,27.2,26.95,139870000.0,-0.0015,-0.0018368846436442876,0.25,0.020000000000003126,27.25
2014-11-07,2014,11,7,4,27.25,27.19,27.33,27.14,134770000.0,0.0029,0.002944423997055523,0.18999999999999773,0.05999999999999872,27.21
2014-11-10,2014,11,10,0,27.21,27.25,27.33,27.17,108780000.0,-0.0017000000000000001,-0.0014678899082568586,0.1599999999999966,-0.03999999999999915,27.42
2014-11-11,2014,11,11,1,27.42,27.17,27.44,27.1,109770000.0,0.008,0.007717750826901959,0.33999999999999986,0.25,27.81
2014-11-12,2014,11,12,2,27.81,27.34,27.86,27.34,187770000.0,0.0141,0.014223194748358647,0.5199999999999996,0.46999999999999886,28.2
2014-11-13,2014,11,13,3,28.2,27.95,28.36,27.9,238090000.0,0.0141,0.014023732470334505,0.46000000000000085,0.25,28.55
2014-11-14,2014,11,14,4,28.55,28.29,28.55,28.26,176250000.0,0.0121,0.012411347517730542,0.28999999999999915,0.26000000000000156,28.5
2014-11-17,2014,11,17,0,28.5,28.57,29.32,28.33,186990000.0,-0.0017000000000000001,-0.0017513134851138146,0.990000000000002,-0.07000000000000028,28.87
2014-11-18,2014,11,18,1,28.87,28.49,28.92,28.47,176900000.0,0.013000000000000001,0.012982456140350873,0.45000000000000284,0.38000000000000256,28.67
2014-11-19,2014,11,19,2,28.67,28.86,28.93,28.45,167480000.0,-0.0069,-0.006927606511950124,0.4800000000000004,-0.18999999999999773,29.08
2014-11-20,2014,11,20,3,29.08,28.73,29.22,28.71,173580000.0,0.0143,0.014300662713637724,0.509999999999998,0.34999999999999787,29.12
2014-11-21,2014,11,21,4,29.12,29.38,29.39,29.01,228720000.0,0.0014000000000000002,0.0013755158184320937,0.379999999999999,-0.259999999999998,29.66
2014-11-24,2014,11,24,0,29.66,29.21,29.69,29.16,189800000.0,0.018500000000000003,0.018543956043955978,0.5300000000000011,0.4499999999999993,29.4
2014-11-25,2014,11,25,1,29.4,29.77,29.94,29.36,275360000.0,-0.0086,-0.008766014834794333,0.5800000000000018,-0.370000000000001,29.75
2014-11-26,2014,11,26,2,29.75,29.49,29.77,29.46,163330000.0,0.011899999999999999,0.011904761904761862,0.3099999999999987,0.26000000000000156,29.73
2014-11-28,2014,11,28,4,29.73,29.82,29.85,29.51,99260000.0,-0.0006,-0.0006722689075630006,0.33999999999999986,-0.08999999999999986,28.77
2014-12-01,2014,12,1,0,28.77,29.7,29.81,27.82,335260000.0,-0.0325,-0.03229061553985879,1.9899999999999984,-0.9299999999999997,28.66
2014-12-02,2014,12,2,1,28.66,28.38,28.94,28.19,237400000.0,-0.0038,-0.00382342718109141,0.75,0.28000000000000114,28.98
2014-12-03,2014,12,3,2,28.98,28.94,29.09,28.78,172250000.0,0.0113,0.011165387299371998,0.3099999999999987,0.03999999999999915,28.87
2014-12-04,2014,12,4,3,28.87,28.94,29.3,28.82,168620000.0,-0.0038,-0.003795721187025536,0.4800000000000004,-0.07000000000000028,28.75
2014-12-05,2014,12,5,4,28.75,29.0,29.02,28.66,153280000.0,-0.0042,-0.004156563907170119,0.35999999999999943,-0.25,28.1
2014-12-08,2014,12,8,0,28.1,28.52,28.66,27.91,230660000.0,-0.0226,-0.022608695652173827,0.75,-0.41999999999999815,28.53
2014-12-09,2014,12,9,1,28.53,27.55,28.58,27.34,240830000.0,0.015300000000000001,0.01530249110320292,1.2399999999999984,0.9800000000000004,27.99
2014-12-10,2014,12,10,2,27.99,28.6,28.71,27.89,178260000.0,-0.019,-0.018927444794952786,0.8200000000000003,-0.610000000000003,27.91
2014-12-11,2014,12,11,3,27.91,28.07,28.45,27.83,165890000.0,-0.0029,-0.0028581636298677937,0.620000000000001,-0.16000000000000014,27.43
2014-12-12,2014,12,12,4,27.43,27.61,27.97,27.4,224110000.0,-0.0169,-0.01719813686850591,0.5700000000000003,-0.17999999999999972,27.06
2014-12-15,2014,12,15,0,27.06,27.67,27.9,26.59,268870000.0,-0.0137,-0.013488880787459023,1.3099999999999987,-0.610000000000003,26.69
2014-12-16,2014,12,16,1,26.69,26.59,27.54,26.57,243160000.0,-0.0137,-0.01367331855136722,0.9699999999999989,0.10000000000000142,27.35
2014-12-17,2014,12,17,2,27.35,26.78,27.46,26.7,213650000.0,0.025,0.02472836268265266,0.7600000000000016,0.5700000000000003,28.16
2014-12-18,2014,12,18,3,28.16,27.97,28.16,27.67,236020000.0,0.0296,0.029616087751371145,0.48999999999999844,0.19000000000000128,27.94
2014-12-19,2014,12,19,4,27.94,28.07,28.31,27.92,353720000.0,-0.0077,-0.0078125,0.389999999999997,-0.129999999999999,28.24
2014-12-22,2014,12,22,0,28.24,28.04,28.37,27.99,180670000.0,0.0104,0.010737294201861092,0.38000000000000256,0.1999999999999993,28.14
2014-12-23,2014,12,23,1,28.14,28.31,28.33,28.11,104110000.0,-0.0034999999999999996,-0.003541076487252104,0.21999999999999886,-0.16999999999999815,28.0
2014-12-24,2014,12,24,2,28.0,28.15,28.18,28.0,57920000.0,-0.004699999999999999,-0.00497512437810943,0.17999999999999972,-0.14999999999999858,28.5
2014-12-26,2014,12,26,4,28.5,28.02,28.63,28.0,134880000.0,0.0177,0.017857142857142794,0.629999999999999,0.4800000000000004,28.48
2014-12-29,2014,12,29,0,28.48,28.45,28.69,28.42,110400000.0,-0.0007000000000000001,-0.00070175438596487,0.2699999999999996,0.030000000000001137,28.13
2014-12-30,2014,12,30,1,28.13,28.41,28.48,28.03,119530000.0,-0.012199999999999999,-0.012289325842696708,0.4499999999999993,-0.28000000000000114,27.59
2014-12-31,2014,12,31,2,27.59,28.2,28.28,27.55,165610000.0,-0.019,-0.01919658727337359,0.7300000000000004,-0.6099999999999994,27.33
2015-01-02,2015,1,2,4,27.33,27.85,27.86,26.84,212820000.0,-0.0095,-0.009423704240666964,1.0199999999999996,-0.5200000000000031,26.56
2015-01-05,2015,1,5,0,26.56,27.07,27.16,26.35,257140000.0,-0.0282,-0.028174167581412335,0.8099999999999987,-0.5100000000000016,26.57
2015-01-06,2015,1,6,1,26.57,26.64,26.86,26.16,263190000.0,0.0,0.0003765060240963347,0.6999999999999993,-0.07000000000000028,26.94
2015-01-07,2015,1,7,2,26.94,26.8,27.05,26.67,160420000.0,0.013999999999999999,0.013925479864508983,0.379999999999999,0.14000000000000057,27.97
2015-01-08,2015,1,8,3,27.97,27.31,28.04,27.17,237460000.0,0.0384,0.03823311061618395,0.8699999999999974,0.6600000000000001,28.0
2015-01-09,2015,1,9,4,28.0,28.17,28.31,27.55,214800000.0,0.0011,0.0010725777618878496,0.759999999999998,-0.1700000000000017,27.31
2015-01-12,2015,1,12,0,27.31,28.15,28.16,27.2,198600000.0,-0.0246,-0.02464285714285719,0.9600000000000009,-0.8399999999999999,27.56
2015-01-13,2015,1,13,1,27.56,27.86,28.2,27.23,268370000.0,0.0089,0.009154155986818013,0.9699999999999989,-0.3000000000000007,27.45
2015-01-14,2015,1,14,2,27.45,27.26,27.62,27.13,195830000.0,-0.0038,-0.003991291727140744,0.490000000000002,0.18999999999999773,26.7
2015-01-15,2015,1,15,3,26.7,27.5,27.51,26.67,240060000.0,-0.0271,-0.02732240437158473,0.8399999999999999,-0.8000000000000007,26.5
2015-01-16,2015,1,16,4,26.5,26.76,26.9,26.3,314050000.0,-0.0078000000000000005,-0.0074906367041198685,0.5999999999999979,-0.26000000000000156,27.18
2015-01-20,2015,1,20,1,27.18,26.96,27.22,26.63,199600000.0,0.0258,0.02566037735849047,0.5899999999999999,0.21999999999999886,27.39
2015-01-21,2015,1,21,2,27.39,27.24,27.76,27.07,194300000.0,0.0076,0.007726269315673218,0.6900000000000013,0.15000000000000213,28.1
2015-01-22,2015,1,22,3,28.1,27.57,28.12,27.43,215190000.0,0.026000000000000002,0.02592186929536333,0.6900000000000013,0.5300000000000011,28.25
2015-01-23,2015,1,23,4,28.25,28.08,28.44,27.88,185860000.0,0.0052,0.005338078291814874,0.5600000000000023,0.1700000000000017,28.27
2015-01-26,2015,1,26,0,28.27,28.43,28.59,28.2,222460000.0,0.0011,0.000707964601769806,0.39000000000000057,-0.16000000000000014,27.28
2015-01-27,2015,1,27,1,27.28,28.1,28.12,27.26,382280000.0,-0.035,-0.035019455252918275,0.8599999999999994,-0.8200000000000003,28.83
2015-01-28,2015,1,28,2,28.83,29.41,29.53,28.83,585910000.0,0.0565,0.05681818181818166,0.7000000000000028,-0.5800000000000018,29.73
2015-01-29,2015,1,29,3,29.73,29.08,29.8,28.89,337750000.0,0.0311,0.031217481789802326,0.9100000000000001,0.6500000000000021,29.29
2015-01-30,2015,1,30,4,29.29,29.6,30.0,29.21,334980000.0,-0.0146,-0.014799865455768613,0.7899999999999991,-0.3100000000000023,29.66
2015-02-02,2015,2,2,0,29.66,29.51,29.79,29.02,250960000.0,0.0125,0.012632297712529938,0.7699999999999996,0.14999999999999858,29.66
2015-02-03,2015,2,3,1,29.66,29.63,29.77,29.4,207660000.0,0.0002,0.0,0.370000000000001,0.030000000000001137,29.89
2015-02-04,2015,2,4,2,29.89,29.63,30.13,29.58,280600000.0,0.0077,0.007754551584625791,0.5500000000000007,0.26000000000000156,29.99
2015-02-05,2015,2,5,3,29.99,30.0,30.06,29.81,168980000.0,0.0032,0.0033456005352960894,0.25,-0.010000000000001563,29.73
2015-02-06,2015,2,6,4,29.73,30.0,30.06,29.61,174830000.0,-0.0084,-0.008669556518839494,0.4499999999999993,-0.2699999999999996,29.93
2015-02-09,2015,2,9,0,29.93,29.64,29.96,29.61,155560000.0,0.0066,0.006727211570803915,0.3500000000000014,0.28999999999999915,30.5
2015-02-10,2015,2,10,1,30.5,30.04,30.54,30.04,248030000.0,0.0192,0.0190444370197127,0.5,0.46000000000000085,31.22
2015-02-11,2015,2,11,2,31.22,30.69,31.23,30.63,294250000.0,0.023399999999999997,0.023606557377049198,0.6000000000000014,0.5299999999999976,31.61
2015-02-12,2015,2,12,3,31.61,31.51,31.87,31.39,297900000.0,0.0127,0.012491992312620104,0.4800000000000004,0.09999999999999787,31.77
2015-02-13,2015,2,13,4,31.77,31.82,31.82,31.41,217090000.0,0.0049,0.005061689338816899,0.41000000000000014,-0.05000000000000071,31.96
2015-02-17,2015,2,17,1,31.96,31.87,32.22,31.73,252610000.0,0.0059,0.005980484734025904,0.48999999999999844,0.08999999999999986,32.18
2015-02-18,2015,2,18,2,32.18,31.91,32.19,31.86,179570000.0,0.0069,0.006883604505631968,0.3299999999999983,0.2699999999999996,32.11
2015-02-19,2015,2,19,3,32.11,32.12,32.26,32.08,149450000.0,-0.0021,-0.0021752641392168703,0.17999999999999972,-0.00999999999999801,32.37
2015-02-20,2015,2,20,4,32.37,32.15,32.38,32.01,195790000.0,0.008100000000000001,0.008097165991902688,0.37000000000000455,0.21999999999999886,33.25
2015-02-23,2015,2,23,0,33.25,32.51,33.25,32.42,283900000.0,0.0271,0.02718566573988279,0.8299999999999983,0.740000000000002,33.04
2015-02-24,2015,2,24,1,33.04,33.24,33.4,32.79,276910000.0,-0.0062,-0.006315789473684275,0.6099999999999994,-0.20000000000000284,32.2
2015-02-25,2015,2,25,2,32.2,32.89,32.9,32.04,298850000.0,-0.0256,-0.025423728813559254,0.8599999999999994,-0.6899999999999977,32.6
2015-02-26,2015,2,26,3,32.6,32.2,32.72,31.65,365150000.0,0.0126,0.012422360248447228,1.0700000000000003,0.3999999999999986,32.12
2015-02-27,2015,2,27,4,32.12,32.5,32.64,32.06,248060000.0,-0.015,-0.014723926380368235,0.5799999999999983,-0.38000000000000256,32.27
2015-03-02,2015,3,2,0,32.27,32.31,32.57,32.08,192390000.0,0.0049,0.004669987546700005,0.490000000000002,-0.03999999999999915,32.34
2015-03-03,2015,3,3,1,32.34,32.24,32.38,32.02,151270000.0,0.0021,0.002169197396963085,0.35999999999999943,0.10000000000000142,32.13
2015-03-04,2015,3,4,2,32.13,32.28,32.39,32.08,126670000.0,-0.0063,-0.006493506493506551,0.3100000000000023,-0.14999999999999858,31.6
2015-03-05,2015,3,5,3,31.6,32.15,32.19,31.44,226070000.0,-0.0166,-0.016495487083722393,0.7499999999999964,-0.5499999999999972,31.65
2015-03-06,2015,3,6,4,31.65,32.1,32.34,31.57,291370000.0,0.0015,0.0015822784810126667,0.7700000000000031,-0.45000000000000284,31.78
2015-03-09,2015,3,9,0,31.78,31.99,32.39,31.26,354110000.0,0.0043,0.004107424960505535,1.129999999999999,-0.2099999999999973,31.13
2015-03-10,2015,3,10,1,31.13,31.6,31.81,30.95,275430000.0,-0.0207,-0.020453115166771618,0.8599999999999994,-0.4700000000000024,30.56
2015-03-11,2015,3,11,2,30.56,31.19,31.19,30.53,275760000.0,-0.0182,-0.018310311596530737,0.6600000000000001,-0.6300000000000026,31.11
2015-03-12,2015,3,12,3,31.11,30.58,31.23,30.41,193450000.0,0.0181,0.01799738219895297,0.8200000000000003,0.5300000000000011,30.9
2015-03-13,2015,3,13,4,30.9,31.1,31.35,30.65,207310000.0,-0.0069,-0.0067502410800386325,0.7000000000000028,-0.20000000000000284,31.24
2015-03-16,2015,3,16,0,31.24,30.97,31.24,30.72,143500000.0,0.011000000000000001,0.011003236245954673,0.5199999999999996,0.2699999999999996,31.76
2015-03-17,2015,3,17,1,31.76,31.48,31.83,31.41,204090000.0,0.0167,0.016645326504481472,0.41999999999999815,0.28000000000000114,32.12
2015-03-18,2015,3,18,2,32.12,31.75,32.29,31.59,261079999.99999997,0.0113,0.011335012594458238,0.6999999999999993,0.36999999999999744,31.87
2015-03-19,2015,3,19,3,31.87,32.19,32.31,31.85,183240000.0,-0.0076,-0.007783312577833046,0.46000000000000085,-0.31999999999999673,31.48
2015-03-20,2015,3,20,4,31.48,32.06,32.1,31.29,274780000.0,-0.0125,-0.012237213680577397,0.8100000000000023,-0.5800000000000018,31.8
2015-03-23,2015,3,23,0,31.8,31.78,31.96,31.63,150840000.0,0.0104,0.010165184243964509,0.33000000000000185,0.019999999999999574,31.67
2015-03-24,2015,3,24,1,31.67,31.81,32.01,31.64,131370000.0,-0.0040999999999999995,-0.004088050314465352,0.36999999999999744,-0.13999999999999702,30.84
2015-03-25,2015,3,25,2,30.84,31.64,31.7,30.84,206620000.0,-0.026099999999999998,-0.02620776760341026,0.8599999999999994,-0.8000000000000007,31.06
2015-03-26,2015,3,26,3,31.06,30.69,31.22,30.65,190290000.0,0.006999999999999999,0.007133592736705552,0.5700000000000003,0.36999999999999744,30.81
2015-03-27,2015,3,27,4,30.81,31.14,31.17,30.73,158180000.0,-0.008,-0.008048937540244716,0.4400000000000013,-0.33000000000000185,31.59
2015-03-30,2015,3,30,0,31.59,31.01,31.6,31.0,188400000.0,0.0253,0.025316455696202667,0.6000000000000014,0.5799999999999983,31.11
2015-03-31,2015,3,31,1,31.11,31.52,31.62,31.09,168360000.0,-0.0154,-0.015194681861348536,0.5300000000000011,-0.41000000000000014,31.06
2015-04-01,2015,4,1,2,31.06,31.2,31.28,30.77,162490000.0,-0.0014000000000000002,-0.0016072002571521082,0.5100000000000016,-0.14000000000000057,31.33
2015-04-02,2015,4,2,3,31.33,31.26,31.39,31.05,128880000.0,0.0086,0.008692852543464191,0.33999999999999986,0.06999999999999673,31.84
2015-04-06,2015,4,6,0,31.84,31.12,31.88,31.08,148780000.0,0.016200000000000003,0.016278327481646926,0.8000000000000007,0.7199999999999989,31.5
2015-04-07,2015,4,7,1,31.5,31.91,32.03,31.5,140050000.0,-0.0105,-0.010678391959799027,0.5300000000000011,-0.41000000000000014,31.4
2015-04-08,2015,4,8,2,31.4,31.46,31.6,31.24,149320000.0,-0.0033,-0.0031746031746032743,0.360000000000003,-0.060000000000002274,31.64
2015-04-09,2015,4,9,3,31.64,31.46,31.65,31.17,129940000.0,0.0076,0.007643312101910826,0.4799999999999969,0.17999999999999972,31.77
2015-04-10,2015,4,10,4,31.77,31.49,31.8,31.32,160750000.0,0.0043,0.004108723135271886,0.4800000000000004,0.28000000000000114,31.71
2015-04-13,2015,4,13,0,31.71,32.09,32.14,31.65,145460000.0,-0.002,-0.0018885741265344258,0.490000000000002,-0.38000000000000256,31.58
2015-04-14,2015,4,14,1,31.58,31.75,31.82,31.48,102100000.0,-0.0043,-0.004099653106275691,0.33999999999999986,-0.1700000000000017,31.69
2015-04-15,2015,4,15,2,31.69,31.6,31.78,31.5,115880000.0,0.0038,0.003483217226092572,0.28000000000000114,0.08999999999999986,31.54
2015-04-16,2015,4,16,3,31.54,31.57,31.77,31.53,113480000.0,-0.0048,-0.00473335437046396,0.23999999999999844,-0.030000000000001137,31.19
2015-04-17,2015,4,17,4,31.19,31.39,31.53,31.11,207830000.0,-0.0113,-0.01109701965757759,0.4200000000000017,-0.1999999999999993,31.9
2015-04-20,2015,4,20,0,31.9,31.39,32.03,31.29,188220000.0,0.022799999999999997,0.022763706316126786,0.740000000000002,0.509999999999998,31.73
2015-04-21,2015,4,21,1,31.73,32.03,32.05,31.67,129740000.00000001,-0.0054,-0.005329153605015624,0.37999999999999545,-0.3000000000000007,32.15
2015-04-22,2015,4,22,2,32.15,31.75,32.22,31.58,150620000.0,0.013500000000000002,0.013236684525685494,0.6400000000000006,0.3999999999999986,32.42
2015-04-23,2015,4,23,3,32.42,32.08,32.6,32.03,183080000.0,0.008199999999999999,0.008398133748056091,0.5700000000000003,0.3400000000000034,32.57
2015-04-24,2015,4,24,4,32.57,32.62,32.66,32.31,178100000.0,0.004699999999999999,0.004626773596545286,0.3499999999999943,-0.04999999999999716,33.16
2015-04-27,2015,4,27,0,33.16,33.08,33.28,32.79,387820000.0,0.0182,0.018114829597789317,0.490000000000002,0.0799999999999983,32.64
2015-04-28,2015,4,28,1,32.64,33.61,33.63,32.39,475700000.0,-0.0158,-0.01568154402895039,1.240000000000002,-0.9699999999999989,32.16
2015-04-29,2015,4,29,2,32.16,32.54,32.9,32.08,253540000.0,-0.0147,-0.014705882352941346,0.8200000000000003,-0.38000000000000256,31.29
2015-04-30,2015,4,30,3,31.29,31.88,31.97,31.15,332780000.0,-0.0271,-0.027052238805970075,0.8200000000000003,-0.5899999999999999,32.24
2015-05-01,2015,5,1,4,32.24,31.52,32.53,31.33,234050000.0,0.0304,0.030361137743688094,1.2000000000000028,0.7200000000000024,32.17
2015-05-04,2015,5,4,0,32.17,32.38,32.64,32.06,203950000.0,-0.0019,-0.002171215880893307,0.5799999999999983,-0.21000000000000085,31.45
2015-05-05,2015,5,5,1,31.45,32.04,32.11,31.44,197090000.0,-0.0225,-0.022381100404103238,0.6699999999999982,-0.5899999999999999,31.25
2015-05-06,2015,5,6,2,31.25,31.64,31.69,30.84,288560000.0,-0.0063,-0.006359300476947549,0.8500000000000014,-0.39000000000000057,31.32
2015-05-07,2015,5,7,3,31.32,31.19,31.52,31.0,175760000.0,0.002,0.0022400000000000198,0.5199999999999996,0.129999999999999,31.91
2015-05-08,2015,5,8,4,31.91,31.67,31.91,31.53,222200000.0,0.018799999999999997,0.01883780332056184,0.379999999999999,0.23999999999999844,31.58
2015-05-11,2015,5,11,0,31.58,31.85,31.89,31.41,168140000.0,-0.0102,-0.01034158570980892,0.4800000000000004,-0.2700000000000031,31.47
2015-05-12,2015,5,12,1,31.47,31.4,31.72,31.2,192640000.0,-0.0036,-0.003483217226092461,0.5199999999999996,0.07000000000000028,31.5
2015-05-13,2015,5,13,2,31.5,31.54,31.8,31.47,138780000.0,0.0012,0.0009532888465204614,0.33000000000000185,-0.03999999999999915,32.24
2015-05-14,2015,5,14,3,32.24,31.85,32.24,31.79,180810000.0,0.0233,0.023492063492063453,0.45000000000000284,0.39000000000000057,32.19
2015-05-15,2015,5,15,4,32.19,32.27,32.37,32.05,152830000.0,-0.0014000000000000002,-0.0015508684863524413,0.3200000000000003,-0.0800000000000054,32.55
2015-05-18,2015,5,18,0,32.55,32.1,32.68,32.09,203530000.0,0.011000000000000001,0.011183597390493905,0.5899999999999963,0.44999999999999574,32.52
2015-05-19,2015,5,19,1,32.52,32.67,32.72,32.41,178530000.0,-0.0009,-0.0009216589861749114,0.3100000000000023,-0.14999999999999858,32.51
2015-05-20,2015,5,20,2,32.51,32.5,32.74,32.33,145820000.0,0.0,-0.0003075030750309127,0.4100000000000037,0.00999999999999801,32.85
2015-05-21,2015,5,21,3,32.85,32.52,32.91,32.46,158920000.0,0.0102,0.010458320516764097,0.44999999999999574,0.3299999999999983,33.13
2015-05-22,2015,5,22,4,33.13,32.9,33.24,32.85,182380000.0,0.0088,0.00852359208523601,0.39000000000000057,0.23000000000000398,32.4
2015-05-26,2015,5,26,1,32.4,33.15,33.23,32.28,282790000.0,-0.022000000000000002,-0.022034409900392515,0.9499999999999957,-0.75,33.01
2015-05-27,2015,5,27,2,33.01,32.58,33.06,32.51,183330000.0,0.0187,0.018827160493827044,0.5500000000000043,0.4299999999999997,32.94
2015-05-28,2015,5,28,3,32.94,32.97,32.99,32.78,122930000.0,-0.002,-0.0021205695243865508,0.21000000000000085,-0.030000000000001137,32.57
2015-05-29,2015,5,29,4,32.57,32.81,32.86,32.47,203540000.0,-0.011399999999999999,-0.011232544019429191,0.39000000000000057,-0.240000000000002,32.63
2015-06-01,2015,6,1,0,32.63,32.8,32.85,32.51,128449999.99999999,0.002,0.001842186060792228,0.3400000000000034,-0.1699999999999946,32.49
2015-06-02,2015,6,2,1,32.49,32.47,32.66,32.33,134670000.0,-0.0044,-0.0042905301869445855,0.3299999999999983,0.020000000000003126,32.53
2015-06-03,2015,6,3,2,32.53,32.67,32.74,32.47,123930000.0,0.0012,0.001231148045552466,0.2700000000000031,-0.14000000000000057,32.34
2015-06-04,2015,6,4,3,32.34,32.4,32.65,32.23,153800000.0,-0.0058,-0.005840762373193864,0.4200000000000017,-0.05999999999999517,32.16
2015-06-05,2015,6,5,4,32.16,32.38,32.42,32.09,142510000.0,-0.0055000000000000005,-0.00556586270872006,0.3299999999999983,-0.22000000000000597,31.95
2015-06-08,2015,6,8,0,31.95,32.22,32.3,31.71,210700000.0,-0.0066,-0.006529850746268551,0.5899999999999963,-0.2699999999999996,31.85
2015-06-09,2015,6,9,1,31.85,31.67,32.02,31.41,224300000.0,-0.003,-0.00312989045383405,0.610000000000003,0.17999999999999972,32.22
2015-06-10,2015,6,10,2,32.22,31.98,32.33,31.96,156350000.0,0.0115,0.011616954474097163,0.36999999999999744,0.23999999999999844,32.15
2015-06-11,2015,6,11,3,32.15,32.29,32.54,32.12,141560000.0,-0.0023,-0.0021725636250775615,0.4200000000000017,-0.14000000000000057,31.79
2015-06-12,2015,6,12,4,31.79,32.05,32.08,31.78,147540000.0,-0.011000000000000001,-0.011197511664074677,0.29999999999999716,-0.259999999999998,31.73
2015-06-15,2015,6,15,0,31.73,31.52,31.81,31.43,175960000.0,-0.002,-0.0018873859704309215,0.379999999999999,0.21000000000000085,31.9
2015-06-16,2015,6,16,1,31.9,31.76,31.96,31.59,125980000.0,0.0054,0.005357705641348742,0.370000000000001,0.13999999999999702,31.83
2015-06-17,2015,6,17,2,31.83,31.93,31.97,31.68,131669999.99999999,-0.0024,-0.0021943573667712046,0.28999999999999915,-0.10000000000000142,31.97
2015-06-18,2015,6,18,3,31.97,31.81,32.08,31.81,141630000.0,0.0046,0.0043983663210807045,0.2699999999999996,0.16000000000000014,31.65
2015-06-19,2015,6,19,4,31.65,31.93,31.95,31.6,218870000.0,-0.01,-0.010009383797309979,0.34999999999999787,-0.28000000000000114,31.9
2015-06-22,2015,6,22,0,31.9,31.87,32.01,31.77,136160000.0,0.008,0.00789889415481837,0.23999999999999844,0.029999999999997584,31.76
2015-06-23,2015,6,23,1,31.76,31.87,31.9,31.72,121080000.0,-0.0045000000000000005,-0.004388714733542187,0.17999999999999972,-0.10999999999999943,32.03
2015-06-24,2015,6,24,2,32.03,31.8,32.45,31.78,221120000.0,0.0085,0.00850125944584379,0.6700000000000017,0.23000000000000043,31.88
2015-06-25,2015,6,25,3,31.88,32.22,32.3,31.88,127750000.0,-0.0048,-0.004683109584764367,0.41999999999999815,-0.33999999999999986,31.69
2015-06-26,2015,6,26,4,31.69,31.92,32.0,31.63,176270000.0,-0.0059,-0.005959849435382636,0.370000000000001,-0.23000000000000043,31.13
2015-06-29,2015,6,29,0,31.13,31.36,31.62,31.12,196650000.0,-0.0175,-0.0176711896497318,0.5,-0.23000000000000043,31.36
2015-06-30,2015,6,30,1,31.36,31.39,31.53,31.22,177480000.0,0.0072,0.007388371345968592,0.3100000000000023,-0.030000000000001137,31.65
2015-07-01,2015,7,1,2,31.65,31.73,31.74,31.5,120960000.0,0.009399999999999999,0.009247448979591733,0.23999999999999844,-0.08000000000000185,31.61
2015-07-02,2015,7,2,3,31.61,31.61,31.67,31.44,108840000.0,-0.0013,-0.0012638230647709081,0.23000000000000043,0.0,31.5
2015-07-06,2015,7,6,0,31.5,31.24,31.56,31.21,112240000.0,-0.0034999999999999996,-0.0034799114204365766,0.34999999999999787,0.26000000000000156,31.42
2015-07-07,2015,7,7,1,31.42,31.47,31.54,30.94,187790000.0,-0.0025,-0.0025396825396825085,0.5999999999999979,-0.04999999999999716,30.64
2015-07-08,2015,7,8,2,30.64,31.12,31.16,30.64,243050000.0,-0.0248,-0.024824952259707267,0.5199999999999996,-0.4800000000000004,30.02
2015-07-09,2015,7,9,3,30.02,30.96,31.01,29.81,314380000.0,-0.0204,-0.020234986945169786,1.2000000000000028,-0.9400000000000013,30.82
2015-07-10,2015,7,10,4,30.82,30.49,30.96,30.3,245420000.0,0.026699999999999998,0.02664890073284476,0.6600000000000001,0.33000000000000185,31.42
2015-07-13,2015,7,13,0,31.42,31.26,31.44,31.08,165760000.0,0.019299999999999998,0.01946787800129801,0.360000000000003,0.16000000000000014,31.4
2015-07-14,2015,7,14,1,31.4,31.51,31.59,31.26,127070000.0,-0.0004,-0.0006365372374285139,0.3299999999999983,-0.11000000000000298,31.7
2015-07-15,2015,7,15,2,31.7,31.43,31.79,31.4,134600000.0,0.0096,0.009554140127388644,0.39000000000000057,0.2699999999999996,32.13
2015-07-16,2015,7,16,3,32.13,31.93,32.14,31.84,144890000.0,0.013300000000000001,0.013564668769716182,0.3000000000000007,0.20000000000000284,32.4
2015-07-17,2015,7,17,4,32.4,32.27,32.4,32.08,184660000.0,0.0086,0.008403361344537785,0.3200000000000003,0.12999999999999545,33.02
2015-07-20,2015,7,20,0,33.02,32.74,33.24,32.67,235600000.0,0.0189,0.019135802469135932,0.5700000000000003,0.28000000000000114,32.69
2015-07-21,2015,7,21,1,32.69,33.21,33.23,32.58,307030000.0,-0.01,-0.009993943064809385,0.6499999999999986,-0.5200000000000031,31.31
2015-07-22,2015,7,22,2,31.31,30.5,31.38,30.5,461800000.0,-0.042300000000000004,-0.04221474457020491,0.879999999999999,0.8099999999999987,31.29
2015-07-23,2015,7,23,3,31.29,31.55,31.77,31.26,204000000.0,-0.0005,-0.0006387735547748186,0.509999999999998,-0.26000000000000156,31.13
2015-07-24,2015,7,24,4,31.13,31.33,31.43,30.98,168650000.0,-0.0053,-0.005113454777884274,0.4499999999999993,-0.1999999999999993,30.69
2015-07-27,2015,7,27,0,30.69,30.77,30.9,30.53,177820000.0,-0.0139,-0.014134275618374437,0.36999999999999744,-0.0799999999999983,30.84
2015-07-28,2015,7,28,1,30.84,30.84,30.98,30.64,134470000.0,0.005,0.004887585532746819,0.33999999999999986,0.0,30.75
2015-07-29,2015,7,29,2,30.75,30.79,30.88,30.57,148050000.0,-0.0032,-0.0029182879377431803,0.3099999999999987,-0.03999999999999915,30.59
2015-07-30,2015,7,30,3,30.59,30.58,30.64,30.43,134510000.0,-0.005,-0.005203252032520367,0.21000000000000085,0.010000000000001563,30.33
2015-07-31,2015,7,31,4,30.33,30.65,30.66,30.23,171540000.0,-0.0087,-0.008499509643674408,0.4299999999999997,-0.3200000000000003,29.61
2015-08-03,2015,8,3,0,29.61,30.38,30.64,29.38,279900000.0,-0.0236,-0.023738872403560762,1.2600000000000016,-0.7699999999999996,28.66
2015-08-04,2015,8,4,1,28.66,29.35,29.42,28.31,496550000.0,-0.0321,-0.03208375548801079,1.110000000000003,-0.6900000000000013,28.85
2015-08-05,2015,8,5,2,28.85,28.24,29.36,28.02,397250000.0,0.0066,0.0066294487090021725,1.3399999999999999,0.610000000000003,28.78
2015-08-06,2015,8,6,3,28.78,28.99,29.13,28.53,211610000.0,-0.0023,-0.002426343154246058,0.5999999999999979,-0.2099999999999973,28.88
2015-08-07,2015,8,7,4,28.88,28.65,29.06,28.63,154680000.0,0.0034000000000000002,0.0034746351633077044,0.4299999999999997,0.23000000000000043,29.93
2015-08-10,2015,8,10,0,29.93,29.13,30.0,29.13,219810000.0,0.0364,0.036357340720221565,0.870000000000001,0.8000000000000007,28.37
2015-08-11,2015,8,11,1,28.37,29.45,29.55,28.33,388330000.0,-0.052000000000000005,-0.05212161710658203,1.2200000000000024,-1.0799999999999983,28.81
2015-08-12,2015,8,12,2,28.81,28.13,28.85,27.41,406740000.0,0.0154,0.015509340853013587,1.4400000000000013,0.6799999999999997,28.79
2015-08-13,2015,8,13,3,28.79,29.01,29.1,28.64,194140000.0,-0.0008,-0.0006942034015966492,0.46000000000000085,-0.22000000000000242,28.99
2015-08-14,2015,8,14,4,28.99,28.58,29.08,28.5,171720000.0,0.006999999999999999,0.006946856547412228,0.5799999999999983,0.41000000000000014,29.29
2015-08-17,2015,8,17,0,29.29,29.01,29.41,28.88,163540000.0,0.0103,0.010348395998620141,0.5300000000000011,0.2799999999999976,29.13
2015-08-18,2015,8,18,1,29.13,29.11,29.36,29.0,138240000.0,-0.005600000000000001,-0.005462615227039946,0.35999999999999943,0.019999999999999574,28.75
2015-08-19,2015,8,19,2,28.75,29.02,29.13,28.67,193150000.0,-0.0128,-0.013044970820459967,0.4599999999999973,-0.2699999999999996,28.16
2015-08-20,2015,8,20,3,28.16,28.52,28.59,27.91,274010000.0,-0.020499999999999997,-0.020521739130434757,0.6799999999999997,-0.35999999999999943,26.44
2015-08-21,2015,8,21,4,26.44,27.61,27.98,26.41,513100000.0,-0.061200000000000004,-0.061079545454545414,1.5700000000000003,-1.1699999999999982,25.78
2015-08-24,2015,8,24,0,25.78,23.72,27.2,23.0,648830000.0,-0.025,-0.024962178517397904,4.199999999999999,2.0600000000000023,25.93
2015-08-25,2015,8,25,1,25.93,27.78,27.78,25.88,414410000.0,0.006,0.005818463925523654,1.9000000000000021,-1.8500000000000014,27.42
2015-08-26,2015,8,26,2,27.42,26.77,27.47,26.26,387100000.0,0.0574,0.057462398765908196,1.2099999999999973,0.6500000000000021,28.23
2015-08-27,2015,8,27,3,28.23,28.06,28.31,27.5,338460000.0,0.0294,0.029540481400437635,0.8099999999999987,0.1700000000000017,28.32
2015-08-28,2015,8,28,4,28.32,28.04,28.33,27.89,212660000.0,0.0033,0.0031880977683316214,0.4399999999999977,0.28000000000000114,28.19
2015-08-31,2015,8,31,0,28.19,28.01,28.63,28.0,224920000.0,-0.004699999999999999,-0.004590395480225995,0.629999999999999,0.17999999999999972,26.93
2015-09-01,2015,9,1,1,26.93,27.54,27.97,26.84,307380000.0,-0.0447,-0.04469670095778655,1.129999999999999,-0.6099999999999994,28.08
2015-09-02,2015,9,2,2,28.08,27.56,28.08,27.28,247560000.0,0.0429,0.04270330486446339,0.7999999999999972,0.5199999999999996,27.59
2015-09-03,2015,9,3,3,27.59,28.12,28.19,27.51,212940000.0,-0.0175,-0.017450142450142425,0.6799999999999997,-0.5300000000000011,27.32
2015-09-04,2015,9,4,4,27.32,27.24,27.61,27.13,199990000.0,-0.01,-0.00978615440376951,0.4800000000000004,0.08000000000000185,28.08
2015-09-08,2015,9,8,1,28.08,27.91,28.14,27.58,219370000.0,0.0278,0.027818448023426035,0.5600000000000023,0.16999999999999815,27.54
2015-09-09,2015,9,9,2,27.54,28.44,28.5,27.44,340040000.0,-0.0192,-0.019230769230769162,1.0599999999999987,-0.9000000000000021,28.14
2015-09-10,2015,9,10,3,28.14,27.57,28.32,27.48,251570000.0,0.022000000000000002,0.02178649237472774,0.8399999999999999,0.5700000000000003,28.55
2015-09-11,2015,9,11,4,28.55,27.95,28.55,27.94,199660000.0,0.0146,0.014570007107320482,0.6099999999999994,0.6000000000000014,28.83
2015-09-14,2015,9,14,0,28.83,29.15,29.22,28.72,233450000.0,0.0096,0.009807355516637362,0.5,-0.3200000000000003,29.07
2015-09-15,2015,9,15,1,29.07,28.98,29.13,28.6,173360000.0,0.0084,0.008324661810614087,0.5299999999999976,0.08999999999999986,29.1
2015-09-16,2015,9,16,2,29.1,29.06,29.14,28.86,148690000.0,0.0011,0.0010319917440659854,0.28000000000000114,0.0400000000000027,28.48
2015-09-17,2015,9,17,3,28.48,28.92,29.12,28.43,256450000.0,-0.021400000000000002,-0.02130584192439866,0.6900000000000013,-0.4400000000000013,28.36
2015-09-18,2015,9,18,4,28.36,28.05,28.58,27.97,297140000.0,-0.0040999999999999995,-0.004213483146067398,0.6099999999999994,0.3099999999999987,28.8
2015-09-21,2015,9,21,0,28.8,28.42,28.84,28.42,200890000.0,0.0155,0.015514809590973178,0.41999999999999815,0.379999999999999,28.35
2015-09-22,2015,9,22,1,28.35,28.34,28.55,28.13,201380000.0,-0.015700000000000002,-0.015625,0.4200000000000017,0.010000000000001563,28.58
2015-09-23,2015,9,23,2,28.58,28.41,28.68,28.33,143030000.0,0.008100000000000001,0.008112874779541368,0.3500000000000014,0.16999999999999815,28.75
2015-09-24,2015,9,24,3,28.75,28.31,28.88,28.09,200880000.0,0.0059,0.005948215535339418,0.7899999999999991,0.4400000000000013,28.68
2015-09-25,2015,9,25,4,28.68,29.11,29.17,28.5,224610000.0,-0.0025,-0.0024347826086956736,0.6700000000000017,-0.4299999999999997,28.11
2015-09-28,2015,9,28,0,28.11,28.46,28.64,28.11,208440000.0,-0.019799999999999998,-0.01987447698744771,0.5300000000000011,-0.3500000000000014,27.26
2015-09-29,2015,9,29,1,27.26,28.21,28.38,26.97,293460000.0,-0.0301,-0.030238349341871196,1.4100000000000001,-0.9499999999999993,27.58
2015-09-30,2015,9,30,2,27.58,27.54,27.89,27.18,265890000.0,0.011399999999999999,0.011738811445340946,0.7100000000000009,0.03999999999999915,27.4
2015-10-01,2015,10,1,3,27.4,27.27,27.41,26.83,255720000.0,-0.006500000000000001,-0.006526468455402501,0.5800000000000018,0.129999999999999,27.59
2015-10-02,2015,10,2,4,27.59,27.0,27.75,26.89,232080000.0,0.0073,0.006934306569343018,0.8599999999999994,0.5899999999999999,27.69
2015-10-05,2015,10,5,0,27.69,27.47,27.84,27.27,208260000.0,0.0036,0.0036245016310256783,0.5700000000000003,0.22000000000000242,27.83
2015-10-06,2015,10,6,1,27.83,27.66,27.93,27.44,195430000.0,0.0048,0.0050559768869626875,0.48999999999999844,0.16999999999999815,27.69
2015-10-07,2015,10,7,2,27.69,27.93,27.94,27.35,187060000.0,-0.0048,-0.005030542579949615,0.5899999999999999,-0.23999999999999844,27.38
2015-10-08,2015,10,8,3,27.38,27.55,27.55,27.05,247920000.0,-0.0116,-0.011195377392560601,0.5,-0.1700000000000017,28.03
2015-10-09,2015,10,9,4,28.03,27.5,28.07,27.37,211060000.0,0.0239,0.023739956172388776,0.6999999999999993,0.5300000000000011,27.9
2015-10-12,2015,10,12,0,27.9,28.18,28.19,27.86,121870000.0,-0.0046,-0.004637887977167465,0.33000000000000185,-0.28000000000000114,27.95
2015-10-13,2015,10,13,1,27.95,27.7,28.11,27.67,132199999.99999999,0.0017000000000000001,0.0017921146953405742,0.4399999999999977,0.25,27.55
2015-10-14,2015,10,14,2,27.55,27.82,27.88,27.39,177850000.0,-0.0141,-0.014311270125223596,0.48999999999999844,-0.2699999999999996,27.97
2015-10-15,2015,10,15,3,27.97,27.73,28.02,27.62,150690000.0,0.015,0.015245009074410065,0.3999999999999986,0.23999999999999844,27.76
2015-10-16,2015,10,16,4,27.76,27.94,28.0,27.63,156930000.0,-0.0073,-0.007508044333214059,0.370000000000001,-0.17999999999999972,27.93
2015-10-19,2015,10,19,0,27.93,27.7,27.94,27.53,119040000.0,0.0062,0.006123919308357317,0.41000000000000014,0.23000000000000043,28.44
2015-10-20,2015,10,20,1,28.44,27.83,28.54,27.7,195870000.0,0.0183,0.018259935553168738,0.8399999999999999,0.610000000000003,28.44
2015-10-21,2015,10,21,2,28.44,28.5,28.9,28.42,169310000.0,0.0,0.0,0.4799999999999969,-0.05999999999999872,28.88
2015-10-22,2015,10,22,3,28.88,28.58,28.88,28.52,166620000.0,0.015300000000000001,0.015471167369901506,0.35999999999999943,0.3000000000000007,29.77
2015-10-23,2015,10,23,4,29.77,29.17,29.81,29.08,237470000.0,0.031,0.030817174515235468,0.7300000000000004,0.5999999999999979,28.82
2015-10-26,2015,10,26,0,28.82,29.52,29.53,28.73,265339999.99999997,-0.0319,-0.03191132012092712,0.8000000000000007,-0.6999999999999993,28.64
2015-10-27,2015,10,27,1,28.64,28.85,29.14,28.5,279540000.0,-0.0063,-0.006245662734212343,0.6400000000000006,-0.21000000000000085,29.82
2015-10-28,2015,10,28,2,29.82,29.23,29.83,29.01,342210000.0,0.0412,0.041201117318435676,0.8199999999999967,0.5899999999999999,30.13
2015-10-29,2015,10,29,3,30.13,29.67,30.17,29.57,204910000.0,0.0106,0.010395707578806146,0.6000000000000014,0.4599999999999973,29.88
2015-10-30,2015,10,30,4,29.88,30.25,30.31,29.86,197460000.0,-0.0085,-0.008297378028543023,0.4499999999999993,-0.370000000000001,30.3
2015-11-02,2015,11,2,0,30.3,29.97,30.34,29.9,128810000.0,0.0141,0.014056224899598346,0.4400000000000013,0.33000000000000185,30.64
2015-11-03,2015,11,3,1,30.64,30.2,30.87,30.17,182080000.0,0.0115,0.011221122112211157,0.6999999999999993,0.4400000000000013,30.5
2015-11-04,2015,11,4,2,30.5,30.78,30.95,30.41,179540000.0,-0.004699999999999999,-0.004569190600522188,0.5399999999999991,-0.28000000000000114,30.23
2015-11-05,2015,11,5,3,30.23,30.46,30.67,30.05,158210000.0,-0.0089,-0.008852459016393421,0.620000000000001,-0.23000000000000043,30.26
2015-11-06,2015,11,6,4,30.26,30.28,30.45,30.16,132169999.99999999,0.0012,0.000992391663910075,0.28999999999999915,-0.019999999999999574,30.14
2015-11-09,2015,11,9,0,30.14,30.24,30.45,30.01,135490000.0,-0.004,-0.00396563119629878,0.4399999999999977,-0.09999999999999787,29.19
2015-11-10,2015,11,10,1,29.19,29.23,29.52,29.02,236510000.0,-0.0315,-0.03151957531519578,0.5,-0.03999999999999915,29.03
2015-11-11,2015,11,11,2,29.03,29.09,29.35,28.8,180870000.0,-0.005699999999999999,-0.005481329222336462,0.5500000000000007,-0.05999999999999872,28.93
2015-11-12,2015,11,12,3,28.93,29.07,29.2,28.91,130100000.0,-0.0034000000000000002,-0.003444712366517444,0.28999999999999915,-0.14000000000000057,28.08
2015-11-13,2015,11,13,4,28.08,28.8,28.89,28.07,183250000.0,-0.0292,-0.02938126512271,0.8200000000000003,-0.7200000000000024,28.54
2015-11-16,2015,11,16,0,28.54,27.84,28.56,27.75,152430000.0,0.0163,0.01638176638176647,0.8099999999999987,0.6999999999999993,28.42
2015-11-17,2015,11,17,1,28.42,28.73,28.76,28.33,110470000.0,-0.0042,-0.0042046250875962254,0.43000000000000327,-0.3099999999999987,29.32
2015-11-18,2015,11,18,2,29.32,28.94,29.37,28.88,186700000.0,0.0317,0.03166783954961283,0.490000000000002,0.379999999999999,29.69
2015-11-19,2015,11,19,3,29.69,29.41,29.94,29.19,173180000.0,0.0127,0.012619372442019161,0.75,0.28000000000000114,29.83
2015-11-20,2015,11,20,4,29.83,29.8,29.98,29.71,137150000.0,0.0044,0.004715392388009221,0.2699999999999996,0.029999999999997584,29.44
2015-11-23,2015,11,23,0,29.44,29.82,29.93,29.33,129930000.0,-0.013000000000000001,-0.013074086490110548,0.6000000000000014,-0.379999999999999,29.72
2015-11-24,2015,11,24,1,29.72,29.33,29.84,29.28,171210000.0,0.0096,0.009510869565217295,0.5599999999999987,0.39000000000000057,29.51
2015-11-25,2015,11,25,2,29.51,29.8,29.81,29.48,85550000.0,-0.0072,-0.0070659488559891015,0.3299999999999983,-0.28999999999999915,29.45
2015-11-27,2015,11,27,4,29.45,29.57,29.6,29.4,52190000.0,-0.0019,-0.0020332090816672643,0.20000000000000284,-0.120000000000001,29.58
2015-11-30,2015,11,30,0,29.58,29.5,29.85,29.44,156720000.0,0.0042,0.004414261460101931,0.41000000000000014,0.0799999999999983,29.33
2015-12-01,2015,12,1,1,29.33,29.69,29.7,29.22,139410000.0,-0.008100000000000001,-0.00845165652467883,0.4800000000000004,-0.360000000000003,29.07
2015-12-02,2015,12,2,2,29.07,29.26,29.53,29.02,133550000.00000001,-0.009000000000000001,-0.008864643709512343,0.5100000000000016,-0.19000000000000128,28.8
2015-12-03,2015,12,3,3,28.8,29.14,29.2,28.56,166280000.0,-0.009300000000000001,-0.009287925696594423,0.6400000000000006,-0.33999999999999986,29.76
2015-12-04,2015,12,4,4,29.76,28.82,29.81,28.78,231110000.0,0.0332,0.03333333333333344,1.0299999999999976,0.9400000000000013,29.57
2015-12-07,2015,12,7,0,29.57,29.75,29.97,29.45,128340000.0,-0.0063,-0.006384408602150615,0.5199999999999996,-0.17999999999999972,29.56
2015-12-08,2015,12,8,1,29.56,29.38,29.65,29.22,137240000.0,-0.0004,-0.000338180588434267,0.4299999999999997,0.17999999999999972,28.91
2015-12-09,2015,12,9,2,28.91,29.41,29.42,28.77,185450000.0,-0.022099999999999998,-0.02198917456021643,0.6500000000000021,-0.5,29.04
2015-12-10,2015,12,10,3,29.04,29.01,29.24,28.88,116850000.0,0.0048,0.004496713939813102,0.35999999999999943,0.029999999999997584,28.3
2015-12-11,2015,12,11,4,28.3,28.8,28.85,28.21,187540000.0,-0.025699999999999997,-0.025482093663911742,0.6400000000000006,-0.5,28.12
2015-12-14,2015,12,14,0,28.12,28.05,28.17,27.45,260010000.0,-0.0062,-0.00636042402826853,0.7200000000000024,0.07000000000000028,27.62
2015-12-15,2015,12,15,1,27.62,27.99,28.2,27.59,213290000.0,-0.0177,-0.01778093883357046,0.6099999999999994,-0.36999999999999744,27.83
2015-12-16,2015,12,16,2,27.83,27.77,28.0,27.2,224950000.0,0.0077,0.007603186097031145,0.8000000000000007,0.05999999999999872,27.25
2015-12-17,2015,12,17,3,27.25,28.0,28.06,27.25,179090000.0,-0.0212,-0.020840819259791532,0.8099999999999987,-0.75,26.51
2015-12-18,2015,12,18,4,26.51,27.23,27.38,26.45,385810000.0,-0.0271,-0.027155963302752273,0.9299999999999997,-0.7199999999999989,26.83
2015-12-21,2015,12,21,0,26.83,26.82,26.84,26.39,190360000.0,0.0123,0.012070916635231965,0.4499999999999993,0.00999999999999801,26.81
2015-12-22,2015,12,22,1,26.81,26.85,26.93,26.61,131160000.0,-0.0009,-0.000745434215430496,0.3200000000000003,-0.0400000000000027,27.15
2015-12-23,2015,12,23,2,27.15,26.82,27.21,26.8,130630000.0,0.0129,0.012681835136143293,0.41000000000000014,0.3299999999999983,27.01
2015-12-24,2015,12,24,3,27.01,27.25,27.25,26.99,54390000.0,-0.0053,-0.0051565377532227785,0.26000000000000156,-0.23999999999999844,26.7
2015-12-28,2015,12,28,0,26.7,26.9,26.92,26.55,106820000.0,-0.011200000000000002,-0.01147723065531292,0.370000000000001,-0.1999999999999993,27.18
2015-12-29,2015,12,29,1,27.18,26.74,27.36,26.72,123720000.0,0.018000000000000002,0.01797752808988773,0.6400000000000006,0.4400000000000013,26.83
2015-12-30,2015,12,30,2,26.83,27.15,27.17,26.8,100860000.0,-0.0131,-0.012877115526122251,0.370000000000001,-0.3200000000000003,26.32
2015-12-31,2015,12,31,3,26.32,26.75,26.76,26.2,163650000.0,-0.0192,-0.019008572493477427,0.5600000000000023,-0.4299999999999997,26.34
2016-01-04,2016,1,4,0,26.34,25.65,26.34,25.5,270600000.0,0.0009,0.0007598784194529085,0.8399999999999999,0.6900000000000013,25.68
2016-01-05,2016,1,5,1,25.68,26.44,26.46,25.6,223160000.0,-0.025099999999999997,-0.02505694760820043,0.8599999999999994,-0.7600000000000016,25.17
2016-01-06,2016,1,6,2,25.17,25.14,25.59,24.97,273830000.0,-0.0196,-0.01985981308411211,0.620000000000001,0.030000000000001137,24.11
2016-01-07,2016,1,7,3,24.11,24.67,25.03,24.11,324380000.0,-0.042199999999999994,-0.042113627334128045,0.9200000000000017,-0.5600000000000023,24.24
2016-01-08,2016,1,8,4,24.24,24.64,24.78,24.19,283190000.0,0.0053,0.005391953546246331,0.5899999999999999,-0.40000000000000213,24.63
2016-01-11,2016,1,11,0,24.63,24.74,24.76,24.33,198960000.0,0.016200000000000003,0.016089108910891214,0.43000000000000327,-0.10999999999999943,24.99
2016-01-12,2016,1,12,1,24.99,25.14,25.17,24.71,196620000.0,0.014499999999999999,0.014616321559074219,0.46000000000000085,-0.15000000000000213,24.35
2016-01-13,2016,1,13,2,24.35,25.08,25.3,24.33,249760000.0,-0.025699999999999997,-0.0256102440976389,0.9700000000000024,-0.7299999999999969,24.88
2016-01-14,2016,1,14,3,24.88,24.49,25.12,23.93,252680000.0,0.0219,0.021765913757700206,1.1900000000000013,0.39000000000000057,24.28
2016-01-15,2016,1,15,4,24.28,24.05,24.43,23.84,319340000.0,-0.024,-0.024115755627009516,0.5899999999999999,0.23000000000000043,24.17
2016-01-19,2016,1,19,1,24.17,24.6,24.66,23.88,212350000.0,-0.0048,-0.004530477759472795,0.7800000000000011,-0.4299999999999997,24.2
2016-01-20,2016,1,20,2,24.2,23.77,24.55,23.35,289340000.0,0.0013,0.0012412081092261218,1.1999999999999993,0.4299999999999997,24.08
2016-01-21,2016,1,21,3,24.08,24.26,24.47,23.74,208650000.0,-0.0051,-0.0049586776859504855,0.7300000000000004,-0.18000000000000327,25.35
2016-01-22,2016,1,22,4,25.35,24.66,25.36,24.59,263200000.0,0.053200000000000004,0.052740863787375636,0.7699999999999996,0.6900000000000013,24.86
2016-01-25,2016,1,25,0,24.86,25.38,25.38,24.8,207180000.0,-0.0195,-0.019329388560157867,0.5799999999999983,-0.5199999999999996,25.0
2016-01-26,2016,1,26,1,25.0,24.98,25.22,24.52,300310000.0,0.0055000000000000005,0.005631536604987941,0.6999999999999993,0.019999999999999574,23.35
2016-01-27,2016,1,27,2,23.35,24.01,24.16,23.33,533480000.0,-0.06570000000000001,-0.06599999999999995,0.8300000000000018,-0.6600000000000001,23.52
2016-01-28,2016,1,28,3,23.52,23.45,23.63,23.1,222720000.0,0.0072,0.007280513918629383,0.5299999999999976,0.07000000000000028,24.33
2016-01-29,2016,1,29,4,24.33,23.7,24.33,23.59,257670000.00000003,0.0345,0.03443877551020402,0.7399999999999984,0.629999999999999,24.11
2016-02-01,2016,2,1,0,24.11,24.12,24.18,23.85,163770000.0,-0.009300000000000001,-0.009042334566378929,0.3299999999999983,-0.010000000000001563,23.62
2016-02-02,2016,2,2,1,23.62,23.85,24.01,23.57,149430000.0,-0.0202,-0.0203235172127747,0.4400000000000013,-0.23000000000000043,24.09
2016-02-03,2016,2,3,2,24.09,23.75,24.21,23.52,183860000.0,0.019799999999999998,0.019898391193903464,0.6900000000000013,0.33999999999999986,24.15
2016-02-04,2016,2,4,3,24.15,23.97,24.33,23.8,185890000.0,0.0026,0.00249066002490661,0.5299999999999976,0.17999999999999972,23.5
2016-02-05,2016,2,5,4,23.5,24.13,24.23,23.42,185670000.0,-0.026699999999999998,-0.026915113871635588,0.8099999999999987,-0.629999999999999,23.75
2016-02-08,2016,2,8,0,23.75,23.28,23.92,23.26,216090000.0,0.0105,0.010638297872340496,0.6600000000000001,0.46999999999999886,23.75
2016-02-09,2016,2,9,1,23.75,23.57,23.99,23.48,177320000.0,-0.0002,0.0,0.509999999999998,0.17999999999999972,23.57
2016-02-10,2016,2,10,2,23.57,23.98,24.09,23.52,169370000.0,-0.0076,-0.0075789473684210185,0.5700000000000003,-0.41000000000000014,23.42
2016-02-11,2016,2,11,3,23.42,23.45,23.68,23.15,200300000.0,-0.006,-0.0063640220619430865,0.5300000000000011,-0.029999999999997584,23.5
2016-02-12,2016,2,12,4,23.5,23.55,23.63,23.25,161410000.0,0.0031,0.0034158838599487318,0.379999999999999,-0.05000000000000071,24.16
2016-02-16,2016,2,16,1,24.16,23.75,24.21,23.65,196230000.0,0.0282,0.028085106382978786,0.5600000000000023,0.41000000000000014,24.53
2016-02-17,2016,2,17,2,24.53,24.17,24.55,24.04,179450000.0,0.015300000000000001,0.01531456953642385,0.5100000000000016,0.35999999999999943,24.07
2016-02-18,2016,2,18,3,24.07,24.71,24.72,24.02,156080000.0,-0.019,-0.018752547900530048,0.6999999999999993,-0.6400000000000006,24.01
2016-02-19,2016,2,19,4,24.01,24.0,24.19,23.95,141500000.0,-0.0023,-0.00249272953884494,0.240000000000002,0.010000000000001563,24.22
2016-02-22,2016,2,22,0,24.22,24.08,24.23,23.98,137120000.0,0.0087,0.008746355685131046,0.25,0.14000000000000057,23.67
2016-02-23,2016,2,23,1,23.67,24.1,24.13,23.64,127770000.0,-0.0226,-0.022708505367464826,0.48999999999999844,-0.4299999999999997,24.02
2016-02-24,2016,2,24,2,24.02,23.5,24.09,23.33,145020000.0,0.0149,0.014786649767638327,0.7600000000000016,0.5199999999999996,24.19
2016-02-25,2016,2,25,3,24.19,24.01,24.19,23.81,110330000.0,0.0069,0.007077435470441262,0.38000000000000256,0.17999999999999972,24.23
2016-02-26,2016,2,26,4,24.23,24.3,24.51,24.15,115960000.0,0.0016,0.0016535758577924664,0.360000000000003,-0.07000000000000028,24.17
2016-02-29,2016,2,29,0,24.17,24.22,24.56,24.16,140870000.0,-0.0023,-0.0024762690879075455,0.3999999999999986,-0.04999999999999716,25.13
2016-03-01,2016,3,1,1,25.13,24.41,25.19,24.35,201630000.0,0.0397,0.03971865949524189,0.8399999999999999,0.7199999999999989,25.19
2016-03-02,2016,3,2,2,25.19,25.13,25.22,24.91,132680000.0,0.0022,0.0023875845602865375,0.3099999999999987,0.060000000000002274,25.38
2016-03-03,2016,3,3,3,25.38,25.15,25.43,25.11,147820000.0,0.0074,0.007542675664946374,0.3200000000000003,0.23000000000000043,25.75
2016-03-04,2016,3,4,4,25.75,25.59,25.94,25.34,184220000.0,0.0149,0.014578408195429438,0.6000000000000014,0.16000000000000014,25.47
2016-03-07,2016,3,7,0,25.47,25.6,25.71,25.24,143660000.0,-0.0111,-0.010873786407767039,0.4700000000000024,-0.13000000000000256,25.26
2016-03-08,2016,3,8,1,25.26,25.19,25.44,25.1,126250000.0,-0.008199999999999999,-0.00824499411071844,0.33999999999999986,0.07000000000000028,25.28
2016-03-09,2016,3,9,2,25.28,25.33,25.4,25.07,108810000.0,0.0009,0.0007917656373712667,0.3299999999999983,-0.04999999999999716,25.29
2016-03-10,2016,3,10,3,25.29,25.35,25.56,25.04,134050000.00000001,0.0005,0.00039556962025311115,0.5199999999999996,-0.060000000000002274,25.57
2016-03-11,2016,3,11,4,25.57,25.56,25.57,25.38,109630000.0,0.0108,0.011071569790431113,0.19000000000000128,0.010000000000001563,25.63
2016-03-14,2016,3,14,0,25.63,25.48,25.73,25.44,100300000.0,0.0025,0.002346499804458224,0.28999999999999915,0.14999999999999858,26.15
2016-03-15,2016,3,15,1,26.15,25.99,26.3,25.96,160270000.0,0.020099999999999996,0.020288724151385162,0.33999999999999986,0.16000000000000014,26.49
2016-03-16,2016,3,16,2,26.49,26.15,26.58,26.15,153210000.0,0.013300000000000001,0.013001912045889075,0.4299999999999997,0.33999999999999986,26.45
2016-03-17,2016,3,17,3,26.45,26.38,26.62,26.24,137680000.0,-0.0016,-0.0015100037750094275,0.38000000000000256,0.07000000000000028,26.48
2016-03-18,2016,3,18,4,26.48,26.58,26.63,26.3,176820000.0,0.0011,0.0011342155009452792,0.3299999999999983,-0.09999999999999787,26.48
2016-03-21,2016,3,21,0,26.48,26.48,26.91,26.29,142010000.0,0.0,0.0,0.620000000000001,0.0,26.68
2016-03-22,2016,3,22,1,26.68,26.31,26.82,26.3,129780000.0,0.0076,0.007552870090634434,0.5199999999999996,0.370000000000001,26.53
2016-03-23,2016,3,23,2,26.53,26.62,26.77,26.48,102810000.0,-0.0055000000000000005,-0.005622188905547221,0.28999999999999915,-0.08999999999999986,26.42
2016-03-24,2016,3,24,3,26.42,26.37,26.56,26.22,104530000.0,-0.0043,-0.004146249528835244,0.33999999999999986,0.05000000000000071,26.3
2016-03-28,2016,3,28,0,26.3,26.5,26.55,26.26,77650000.0,-0.0045000000000000005,-0.004542013626040897,0.28999999999999915,-0.1999999999999993,26.92
2016-03-29,2016,3,29,1,26.92,26.22,26.95,26.22,124760000.0,0.023700000000000002,0.02357414448669215,0.7300000000000004,0.7000000000000028,27.39
2016-03-30,2016,3,30,2,27.39,27.16,27.6,27.15,182400000.0,0.0175,0.017459138187221335,0.45000000000000284,0.23000000000000043,27.25
2016-03-31,2016,3,31,3,27.25,27.43,27.48,27.22,103550000.0,-0.0052,-0.005111354508944843,0.26000000000000156,-0.17999999999999972,27.5
2016-04-01,2016,4,1,4,27.5,27.19,27.5,27.05,103500000.0,0.0092,0.00917431192660545,0.4499999999999993,0.3099999999999987,27.78
2016-04-04,2016,4,4,0,27.78,27.6,28.05,27.57,149420000.0,0.0103,0.010181818181818292,0.4800000000000004,0.17999999999999972,27.45
2016-04-05,2016,4,5,1,27.45,27.38,27.68,27.35,106310000.0,-0.0118,-0.011879049676025932,0.3299999999999983,0.07000000000000028,27.74
2016-04-06,2016,4,6,2,27.74,27.56,27.75,27.3,105620000.0,0.0105,0.01056466302367931,0.4499999999999993,0.17999999999999972,27.14
2016-04-07,2016,4,7,3,27.14,27.49,27.6,27.03,127210000.0,-0.0218,-0.021629416005767732,0.5700000000000003,-0.34999999999999787,27.17
2016-04-08,2016,4,8,4,27.17,27.23,27.44,27.04,94330000.0,0.0011,0.001105379513633098,0.40000000000000213,-0.05999999999999872,27.25
2016-04-11,2016,4,11,0,27.25,27.24,27.65,27.21,117630000.0,0.0033,0.002944423997055523,0.4399999999999977,0.010000000000001563,27.61
2016-04-12,2016,4,12,1,27.61,27.33,27.63,27.17,108930000.0,0.013000000000000001,0.013211009174311839,0.4599999999999973,0.28000000000000114,28.01
2016-04-13,2016,4,13,2,28.01,27.7,28.08,27.7,133030000.0,0.014499999999999999,0.014487504527345152,0.379999999999999,0.3100000000000023,28.02
2016-04-14,2016,4,14,3,28.02,27.91,28.1,27.83,101900000.0,0.0005,0.000357015351660106,0.2700000000000031,0.10999999999999943,27.46
2016-04-15,2016,4,15,4,27.46,28.03,28.08,27.43,187760000.0,-0.020099999999999996,-0.019985724482512457,0.6499999999999986,-0.5700000000000003,26.87
2016-04-18,2016,4,18,0,26.87,27.22,27.24,26.74,243290000.0,-0.0216,-0.021485797523670747,0.5,-0.34999999999999787,26.73
2016-04-19,2016,4,19,1,26.73,26.97,27.0,26.56,129539999.99999999,-0.0053,-0.005210271678451783,0.4400000000000013,-0.23999999999999844,26.78
2016-04-20,2016,4,20,2,26.78,26.66,27.02,26.51,122440000.0,0.0021,0.0018705574261130842,0.509999999999998,0.120000000000001,26.49
2016-04-21,2016,4,21,3,26.49,26.73,26.73,26.38,126210000.0,-0.0108,-0.010828976848394456,0.3500000000000014,-0.240000000000002,26.42
2016-04-22,2016,4,22,4,26.42,26.25,26.62,26.16,134730000.0,-0.0027,-0.002642506606266415,0.46000000000000085,0.1700000000000017,26.27
2016-04-25,2016,4,25,0,26.27,26.25,26.41,26.13,112130000.0,-0.005699999999999999,-0.005677517032551149,0.28000000000000114,0.019999999999999574,26.09
2016-04-26,2016,4,26,1,26.09,25.98,26.33,25.98,224060000.0,-0.0069,-0.006851922344880079,0.34999999999999787,0.10999999999999943,24.45
2016-04-27,2016,4,27,2,24.45,24.0,24.68,23.92,458410000.0,-0.0626,-0.06285933307780767,0.759999999999998,0.4499999999999993,23.71
2016-04-28,2016,4,28,3,23.71,24.4,24.47,23.56,328970000.0,-0.030600000000000002,-0.030265848670756546,0.9100000000000001,-0.6899999999999977,23.43
2016-04-29,2016,4,29,4,23.43,23.5,23.68,23.13,274130000.0,-0.0115,-0.011809363137916584,0.5500000000000007,-0.07000000000000028,23.41
2016-05-02,2016,5,2,0,23.41,23.49,23.52,23.1,192640000.0,-0.0011,-0.0008536064874092864,0.41999999999999815,-0.0799999999999983,23.8
2016-05-03,2016,5,3,1,23.8,23.55,23.93,23.42,227330000.0,0.016399999999999998,0.01665954720205054,0.509999999999998,0.25,23.55
2016-05-04,2016,5,4,2,23.55,23.8,23.98,23.45,164100000.0,-0.0104,-0.010504201680672232,0.5300000000000011,-0.25,23.31
2016-05-05,2016,5,5,3,23.31,23.5,23.52,23.17,143560000.0,-0.0101,-0.01019108280254788,0.34999999999999787,-0.19000000000000128,23.18
2016-05-06,2016,5,6,4,23.18,23.34,23.36,22.96,174800000.0,-0.005600000000000001,-0.005577005577005578,0.3999999999999986,-0.16000000000000014,23.2
2016-05-09,2016,5,9,0,23.2,23.25,23.44,23.15,131750000.0,0.0008,0.0008628127696290733,0.2900000000000027,-0.05000000000000071,23.35
2016-05-10,2016,5,10,1,23.35,23.33,23.39,23.03,134750000.0,0.0068000000000000005,0.006465517241379448,0.35999999999999943,0.020000000000003126,23.13
2016-05-11,2016,5,11,2,23.13,23.37,23.39,23.11,114880000.0,-0.0097,-0.00942184154175596,0.28000000000000114,-0.240000000000002,22.58
2016-05-12,2016,5,12,3,22.58,23.18,23.19,22.37,305260000.0,-0.0235,-0.023778642455685284,0.8200000000000003,-0.6000000000000014,22.63
2016-05-13,2016,5,13,4,22.63,22.5,22.92,22.5,177570000.0,0.002,0.0022143489813994943,0.4200000000000017,0.129999999999999,23.47
2016-05-16,2016,5,16,0,23.47,23.1,23.6,22.91,245040000.0,0.0371,0.03711886875828552,0.6900000000000013,0.36999999999999744,23.37
2016-05-17,2016,5,17,1,23.37,23.64,23.67,23.25,187670000.0,-0.0042,-0.004260758414997734,0.4200000000000017,-0.2699999999999996,23.64
2016-05-18,2016,5,18,2,23.64,23.54,23.8,23.47,168250000.0,0.011399999999999999,0.011553273427471034,0.33000000000000185,0.10000000000000142,23.55
2016-05-19,2016,5,19,3,23.55,23.66,23.66,23.39,121770000.0,-0.0038,-0.0038071065989847552,0.2699999999999996,-0.10999999999999943,23.81
2016-05-20,2016,5,20,4,23.81,23.66,23.86,23.63,128100000.0,0.0108,0.011040339702760082,0.23000000000000043,0.14999999999999858,24.11
2016-05-23,2016,5,23,0,24.11,23.97,24.3,23.92,152070000.0,0.0127,0.012599748005039935,0.379999999999999,0.14000000000000057,24.48
2016-05-24,2016,5,24,1,24.48,24.31,24.52,24.21,140560000.0,0.0152,0.015346329323931984,0.3099999999999987,0.1700000000000017,24.91
2016-05-25,2016,5,25,2,24.91,24.67,24.93,24.53,154570000.0,0.0176,0.01756535947712412,0.3999999999999986,0.23999999999999844,25.1
2016-05-26,2016,5,26,3,25.1,24.92,25.18,24.66,225320000.0,0.0079,0.007627458851866775,0.5199999999999996,0.17999999999999972,25.09
2016-05-27,2016,5,27,4,25.09,24.86,25.12,24.81,145360000.0,-0.0006,-0.0003984063745020583,0.3100000000000023,0.23000000000000043,24.97
2016-05-31,2016,5,31,1,24.97,24.9,25.1,24.7,169230000.0,-0.0049,-0.0047827819848546005,0.40000000000000213,0.07000000000000028,24.61
2016-06-01,2016,6,1,2,24.61,24.75,24.89,24.58,116690000.0,-0.013999999999999999,-0.014417300760913077,0.3100000000000023,-0.14000000000000057,24.43
2016-06-02,2016,6,2,3,24.43,24.4,24.46,24.16,160770000.0,-0.0075,-0.007314099959366049,0.3000000000000007,0.030000000000001137,24.48
2016-06-03,2016,6,3,4,24.48,24.45,24.57,24.36,114020000.0,0.002,0.002046663937781412,0.21000000000000085,0.030000000000001137,24.66
2016-06-06,2016,6,6,0,24.66,24.5,25.47,24.39,93170000.0,0.0073,0.007352941176470562,1.0799999999999983,0.16000000000000014,24.76
2016-06-07,2016,6,7,1,24.76,24.81,24.97,24.74,89640000.0,0.0040999999999999995,0.0040551500405514584,0.23000000000000043,-0.04999999999999716,24.74
2016-06-08,2016,6,8,2,24.74,24.75,24.89,24.67,83390000.0,-0.0009,-0.0008077544426495775,0.21999999999999886,-0.010000000000001563,24.91
2016-06-09,2016,6,9,3,24.91,24.63,25.0,24.61,106410000.0,0.0072,0.006871463217461571,0.39000000000000057,0.28000000000000114,24.71
2016-06-10,2016,6,10,4,24.71,24.63,24.84,24.62,126850000.0,-0.008199999999999999,-0.008028904054596553,0.21999999999999886,0.08000000000000185,24.33
2016-06-13,2016,6,13,0,24.33,24.67,24.78,24.27,152080000.0,-0.0151,-0.015378389316066499,0.5100000000000016,-0.3400000000000034,24.36
2016-06-14,2016,6,14,1,24.36,24.33,24.62,24.19,127730000.0,0.0012,0.0012330456226881115,0.4299999999999997,0.030000000000001137,24.28
2016-06-15,2016,6,15,2,24.28,24.45,24.6,24.26,117780000.0,-0.0033,-0.003284072249589376,0.33999999999999986,-0.16999999999999815,24.39
2016-06-16,2016,6,16,3,24.39,24.11,24.44,24.02,125310000.0,0.0042,0.004530477759472795,0.4200000000000017,0.28000000000000114,23.83
2016-06-17,2016,6,17,4,23.83,24.16,24.16,23.83,244030000.0,-0.022799999999999997,-0.022960229602296156,0.33000000000000185,-0.33000000000000185,23.77
2016-06-20,2016,6,20,0,23.77,24.0,24.14,23.76,137650000.0,-0.0024,-0.0025178346621904657,0.379999999999999,-0.23000000000000043,23.98
2016-06-21,2016,6,21,1,23.98,23.74,24.09,23.67,142190000.0,0.0085,0.008834665544804388,0.41999999999999815,0.240000000000002,23.89
2016-06-22,2016,6,22,2,23.89,24.06,24.22,23.84,116880000.0,-0.0038,-0.003753127606338613,0.379999999999999,-0.16999999999999815,24.02
2016-06-23,2016,6,23,3,24.02,23.99,24.07,23.81,128960000.00000001,0.0058,0.005441607367099088,0.26000000000000156,0.030000000000001137,23.35
2016-06-24,2016,6,24,4,23.35,23.23,23.66,23.16,301250000.0,-0.0281,-0.02789342214820978,0.5,0.120000000000001,23.01
2016-06-27,2016,6,27,0,23.01,23.25,23.26,22.88,186490000.0,-0.0146,-0.0145610278372591,0.38000000000000256,-0.23999999999999844,23.4
2016-06-28,2016,6,28,1,23.4,23.23,23.42,23.03,161780000.0,0.0168,0.016949152542372836,0.39000000000000057,0.16999999999999815,23.6
2016-06-29,2016,6,29,2,23.6,23.49,23.64,23.41,146120000.0,0.0087,0.008547008547008739,0.23000000000000043,0.11000000000000298,23.9
2016-06-30,2016,6,30,3,23.9,23.61,23.94,23.58,143350000.0,0.0127,0.012711864406779627,0.360000000000003,0.28999999999999915,23.97
2016-07-01,2016,7,1,4,23.97,23.87,24.12,23.83,104110000.0,0.003,0.0029288702928871313,0.2900000000000027,0.09999999999999787,23.75
2016-07-05,2016,7,5,1,23.75,23.85,23.85,23.61,110820000.0,-0.009399999999999999,-0.009178139340842661,0.240000000000002,-0.10000000000000142,23.88
2016-07-06,2016,7,6,2,23.88,23.65,23.92,23.59,123800000.0,0.005699999999999999,0.005473684210526297,0.33000000000000185,0.23000000000000043,23.99
2016-07-07,2016,7,7,3,23.99,23.92,24.13,23.91,100560000.0,0.0043,0.004606365159129044,0.21999999999999886,0.06999999999999673,24.17
2016-07-08,2016,7,8,4,24.17,24.12,24.22,24.01,115650000.0,0.0077,0.007503126302626173,0.2099999999999973,0.05000000000000071,24.25
2016-07-11,2016,7,11,0,24.25,24.19,24.41,24.18,95180000.0,0.0031,0.003309888291270102,0.23000000000000043,0.05999999999999872,24.35
2016-07-12,2016,7,12,1,24.35,24.29,24.42,24.28,96670000.0,0.0045000000000000005,0.004123711340206171,0.14000000000000057,0.060000000000002274,24.22
2016-07-13,2016,7,13,2,24.22,24.35,24.42,24.21,103570000.0,-0.005600000000000001,-0.005338809034907688,0.21000000000000085,-0.13000000000000256,24.7
2016-07-14,2016,7,14,3,24.7,24.35,24.75,24.33,155680000.0,0.019799999999999998,0.019818331957060398,0.4200000000000017,0.34999999999999787,24.69
2016-07-15,2016,7,15,4,24.69,24.73,24.83,24.63,120550000.0,0.0,-0.0004048582995950234,0.1999999999999993,-0.03999999999999915,24.96
2016-07-18,2016,7,18,0,24.96,24.67,25.03,24.65,145980000.0,0.0106,0.010935601458080146,0.38000000000000256,0.28999999999999915,24.97
2016-07-19,2016,7,19,1,24.97,24.89,25.0,24.83,95120000.0,0.0004,0.0004006410256409687,0.1700000000000017,0.0799999999999983,24.99
2016-07-20,2016,7,20,2,24.99,25.0,25.11,24.93,105100000.0,0.0009,0.0008009611533841277,0.17999999999999972,-0.010000000000001563,24.86
2016-07-21,2016,7,21,3,24.86,24.96,25.25,24.78,130810000.0,-0.0053,-0.005202080832332867,0.46999999999999886,-0.10000000000000142,24.67
2016-07-22,2016,7,22,4,24.67,24.82,24.83,24.58,113250000.0,-0.0077,-0.007642799678197809,0.25,-0.14999999999999858,24.33
2016-07-25,2016,7,25,0,24.33,24.56,24.71,24.23,161530000.0,-0.0134,-0.0137819213619782,0.4800000000000004,-0.23000000000000043,24.17
2016-07-26,2016,7,26,1,24.17,24.2,24.49,24.1,224960000.0,-0.0069,-0.006576243321002706,0.389999999999997,-0.029999999999997584,25.74
2016-07-27,2016,7,27,2,25.74,26.07,26.09,25.69,369380000.0,0.065,0.06495655771617703,0.3999999999999986,-0.33000000000000185,26.08
2016-07-28,2016,7,28,3,26.08,25.71,26.11,25.7,159480000.0,0.013500000000000002,0.013209013209013243,0.41000000000000014,0.36999999999999744,26.05
2016-07-29,2016,7,29,4,26.05,26.05,26.14,25.92,110930000.0,-0.0012,-0.0011503067484661678,0.21999999999999886,0.0,26.51
2016-08-01,2016,8,1,0,26.51,26.1,26.54,26.1,152670000.0,0.0177,0.017658349328214973,0.4399999999999977,0.41000000000000014,26.12
2016-08-02,2016,8,2,1,26.12,26.51,26.52,26.0,135270000.0,-0.0148,-0.014711429649189034,0.5199999999999996,-0.39000000000000057,26.45
2016-08-03,2016,8,3,2,26.45,26.2,26.46,26.19,120810000.0,0.0125,0.012633996937212899,0.2699999999999996,0.25,26.47
2016-08-04,2016,8,4,3,26.47,26.4,26.5,26.32,109630000.0,0.0008,0.0007561436672967048,0.17999999999999972,0.07000000000000028,26.87
2016-08-05,2016,8,5,4,26.87,26.57,26.91,26.55,162210000.0,0.0152,0.015111446921042715,0.35999999999999943,0.3000000000000007,27.09
2016-08-08,2016,8,8,0,27.09,26.88,27.09,26.79,112150000.0,0.0083,0.00818756978042412,0.3000000000000007,0.21000000000000085,27.2
2016-08-09,2016,8,9,1,27.2,27.06,27.24,27.0,105260000.0,0.0040999999999999995,0.004060538944259839,0.23999999999999844,0.14000000000000057,27.0
2016-08-10,2016,8,10,2,27.0,27.18,27.23,26.94,96030000.0,-0.0074,-0.007352941176470562,0.28999999999999915,-0.17999999999999972,26.98
2016-08-11,2016,8,11,3,26.98,27.13,27.23,26.96,109940000.0,-0.0006,-0.0007407407407407085,0.2699999999999996,-0.14999999999999858,27.05
2016-08-12,2016,8,12,4,27.05,26.94,27.11,26.94,74640000.0,0.0023,0.0025945144551520194,0.16999999999999815,0.10999999999999943,27.37
2016-08-15,2016,8,15,0,27.37,27.03,27.39,27.02,103470000.0,0.012,0.01182994454713504,0.370000000000001,0.33999999999999986,27.34
2016-08-16,2016,8,16,1,27.34,27.41,27.56,27.3,135180000.0,-0.0009,-0.001096090610157141,0.259999999999998,-0.07000000000000028,27.31
2016-08-17,2016,8,17,2,27.31,27.27,27.34,27.08,101420000.0,-0.0015,-0.001097293343087058,0.26000000000000156,0.03999999999999915,27.27
2016-08-18,2016,8,18,3,27.27,27.31,27.4,27.25,87940000.0,-0.0013,-0.0014646649578908821,0.14999999999999858,-0.03999999999999915,27.34
2016-08-19,2016,8,19,4,27.34,27.19,27.42,27.09,101470000.0,0.0026,0.0025669233590026597,0.33000000000000185,0.14999999999999858,27.13
2016-08-22,2016,8,22,0,27.13,27.22,27.27,26.96,103280000.0,-0.0078000000000000005,-0.007681053401609406,0.3099999999999987,-0.08999999999999986,27.21
2016-08-23,2016,8,23,1,27.21,27.15,27.33,27.13,85030000.0,0.0031,0.002948765204570547,0.1999999999999993,0.060000000000002274,27.01
2016-08-24,2016,8,24,2,27.01,27.14,27.19,26.92,94700000.0,-0.0075,-0.007350238882763649,0.2699999999999996,-0.129999999999999,26.89
2016-08-25,2016,8,25,3,26.89,26.85,26.97,26.67,100340000.0,-0.0043,-0.004442798963346983,0.29999999999999716,0.03999999999999915,26.74
2016-08-26,2016,8,26,4,26.74,26.85,26.99,26.58,111070000.0,-0.0059,-0.005578281889178194,0.41000000000000014,-0.11000000000000298,26.7
2016-08-29,2016,8,29,0,26.7,26.66,26.86,26.57,99880000.0,-0.0011,-0.0014958863126401933,0.28999999999999915,0.03999999999999915,26.5
2016-08-30,2016,8,30,1,26.5,26.45,26.63,26.38,99460000.0,-0.0077,-0.0074906367041198685,0.25,0.05000000000000071,26.52
2016-08-31,2016,8,31,2,26.52,26.42,26.64,26.41,118650000.0,0.0009,0.0007547169811321641,0.23000000000000043,0.09999999999999787,26.68
2016-09-01,2016,9,1,3,26.68,26.53,26.7,26.41,106810000.0,0.0059,0.006033182503770718,0.28999999999999915,0.14999999999999858,26.93
2016-09-02,2016,9,2,4,26.93,26.92,27.0,26.7,107210000.0,0.009399999999999999,0.009370314842578775,0.3000000000000007,0.00999999999999801,26.92
2016-09-06,2016,9,6,1,26.92,26.98,27.08,26.88,107520000.0,-0.0003,-0.0003713330857778585,0.1999999999999993,-0.05999999999999872,27.09
2016-09-07,2016,9,7,2,27.09,26.96,27.19,26.77,169460000.0,0.0060999999999999995,0.006315007429420483,0.4200000000000017,0.129999999999999,26.38
2016-09-08,2016,9,8,3,26.38,26.81,26.82,26.31,212010000.0,-0.0262,-0.026208933185677408,0.5100000000000016,-0.4299999999999997,25.78
2016-09-09,2016,9,9,4,25.78,26.16,26.43,25.78,186230000.0,-0.0226,-0.022744503411675443,0.6499999999999986,-0.379999999999999,26.36
2016-09-12,2016,9,12,0,26.36,25.66,26.43,25.63,181170000.0,0.022400000000000003,0.022498060512024853,0.8000000000000007,0.6999999999999993,26.99
2016-09-13,2016,9,13,1,26.99,26.88,27.2,26.81,248700000.0,0.023799999999999998,0.023899848254931744,0.39000000000000057,0.10999999999999943,27.94
2016-09-14,2016,9,14,2,27.94,27.18,28.26,27.15,449360000.0,0.0354,0.03519822156354224,1.110000000000003,0.7600000000000016,28.89
2016-09-15,2016,9,15,3,28.89,28.47,28.93,28.37,362450000.0,0.034,0.034001431639226976,0.5599999999999987,0.4200000000000017,28.73
2016-09-16,2016,9,16,4,28.73,28.78,29.03,28.51,319550000.0,-0.005600000000000001,-0.005538248528902723,0.5199999999999996,-0.05000000000000071,28.4
2016-09-19,2016,9,19,0,28.4,28.8,29.05,28.31,188090000.0,-0.011699999999999999,-0.011486251305255935,0.740000000000002,-0.40000000000000213,28.39
2016-09-20,2016,9,20,1,28.39,28.26,28.53,28.13,138060000.0,0.0,-0.00035211267605628205,0.40000000000000213,0.129999999999999,28.39
2016-09-21,2016,9,21,2,28.39,28.46,28.5,28.11,144010000.0,0.0,0.0,0.39000000000000057,-0.07000000000000028,28.66
2016-09-22,2016,9,22,3,28.66,28.59,28.74,28.5,124300000.0,0.009399999999999999,0.009510390982740313,0.23999999999999844,0.07000000000000028,28.18
2016-09-23,2016,9,23,4,28.18,28.6,28.7,27.89,209920000.0,-0.0167,-0.016748080949057886,0.8099999999999987,-0.4200000000000017,28.22
2016-09-26,2016,9,26,0,28.22,27.91,28.35,27.89,119480000.0,0.0015,0.0014194464158978626,0.46000000000000085,0.3099999999999987,28.27
2016-09-27,2016,9,27,1,28.27,28.25,28.3,28.08,98430000.0,0.0019,0.0017717930545713134,0.22000000000000242,0.019999999999999574,28.49
2016-09-28,2016,9,28,2,28.49,28.42,28.66,28.36,118560000.0,0.0076,0.0077821011673151474,0.3000000000000007,0.06999999999999673,28.05
2016-09-29,2016,9,29,3,28.05,28.29,28.45,27.95,143550000.0,-0.0155,-0.015444015444015413,0.5,-0.23999999999999844,28.26
2016-09-30,2016,9,30,4,28.26,28.11,28.34,27.95,145520000.0,0.0078000000000000005,0.007486631016042855,0.39000000000000057,0.15000000000000213,28.13
2016-10-03,2016,10,3,0,28.13,28.18,28.26,28.07,86810000.0,-0.004699999999999999,-0.004600141542816738,0.19000000000000128,-0.05000000000000071,28.25
2016-10-04,2016,10,4,1,28.25,28.26,28.58,28.16,118950000.0,0.0043,0.004265908282971909,0.41999999999999815,-0.010000000000001563,28.26
2016-10-05,2016,10,5,2,28.26,28.35,28.42,28.17,85810000.0,0.0004,0.000353982300884903,0.25,-0.08999999999999986,28.47
2016-10-06,2016,10,6,3,28.47,28.42,28.58,28.28,115120000.0,0.0074,0.007430997876857637,0.29999999999999716,0.04999999999999716,28.51
2016-10-07,2016,10,7,4,28.51,28.58,28.64,28.38,97430000.0,0.0015,0.0014049877063577743,0.26000000000000156,-0.06999999999999673,29.01
2016-10-10,2016,10,10,0,29.01,28.75,29.19,28.68,144940000.0,0.0174,0.017537706068046388,0.5100000000000016,0.26000000000000156,29.08
2016-10-11,2016,10,11,1,29.08,29.42,29.67,29.05,256160000.00000003,0.0022,0.0024129610479144414,0.620000000000001,-0.3400000000000034,29.33
2016-10-12,2016,10,12,2,29.33,29.34,29.5,29.19,150350000.0,0.0089,0.00859697386519942,0.3099999999999987,-0.010000000000001563,29.25
2016-10-13,2016,10,13,3,29.25,29.2,29.36,28.93,140770000.0,-0.0031,-0.0027275826798499603,0.4299999999999997,0.05000000000000071,29.41
2016-10-14,2016,10,14,4,29.41,29.47,29.54,29.28,142610000.0,0.005600000000000001,0.0054700854700855395,0.259999999999998,-0.05999999999999872,29.39
2016-10-17,2016,10,17,0,29.39,29.33,29.46,29.19,94500000.0,-0.0007000000000000001,-0.0006800408024481008,0.2699999999999996,0.060000000000002274,29.37
2016-10-18,2016,10,18,1,29.37,29.55,29.55,29.36,98210000.0,-0.0007000000000000001,-0.0006805035726437092,0.19000000000000128,-0.17999999999999972,29.28
2016-10-19,2016,10,19,2,29.28,29.31,29.44,28.45,80140000.0,-0.003,-0.003064351378958108,0.990000000000002,-0.029999999999997584,29.26
2016-10-20,2016,10,20,3,29.26,29.22,29.34,29.08,96500000.0,-0.0005,-0.000683060109289646,0.26000000000000156,0.0400000000000027,29.15
2016-10-21,2016,10,21,4,29.15,29.2,29.23,29.07,92770000.0,-0.0039000000000000003,-0.00375939849624074,0.16000000000000014,-0.05000000000000071,29.41
2016-10-24,2016,10,24,0,29.41,29.27,29.43,29.25,94150000.0,0.009000000000000001,0.008919382504288142,0.17999999999999972,0.14000000000000057,29.56
2016-10-25,2016,10,25,1,29.56,29.49,29.59,29.33,192520000.0,0.0051,0.005100306018360978,0.26000000000000156,0.07000000000000028,28.9
2016-10-26,2016,10,26,2,28.9,28.58,28.92,28.33,264540000.00000003,-0.0225,-0.022327469553450663,0.5900000000000034,0.3200000000000003,28.62
2016-10-27,2016,10,27,3,28.62,28.85,28.97,28.52,138250000.0,-0.0096,-0.009688581314878819,0.4499999999999993,-0.23000000000000043,28.43
2016-10-28,2016,10,28,4,28.43,28.47,28.8,28.36,151450000.0,-0.0066,-0.00663871418588402,0.4400000000000013,-0.03999999999999915,28.39
2016-10-31,2016,10,31,0,28.39,28.41,28.56,28.3,105680000.0,-0.0016,-0.00140696447414701,0.259999999999998,-0.019999999999999574,27.87
2016-11-01,2016,11,1,1,27.87,28.36,28.44,27.63,175300000.0,-0.0181,-0.018316308559351846,0.8100000000000023,-0.48999999999999844,27.9
2016-11-02,2016,11,2,2,27.9,27.85,28.09,27.81,113330000.0,0.0009,0.0010764262648008671,0.28000000000000114,0.04999999999999716,27.46
2016-11-03,2016,11,3,3,27.46,27.75,27.86,27.39,107730000.0,-0.0158,-0.01577060931899632,0.46999999999999886,-0.28999999999999915,27.21
2016-11-04,2016,11,4,4,27.21,27.13,27.56,27.03,123350000.0,-0.009000000000000001,-0.009104151493080859,0.5299999999999976,0.08000000000000185,27.6
2016-11-07,2016,11,7,0,27.6,27.52,27.63,27.36,130240000.00000001,0.0144,0.01433296582138932,0.2699999999999996,0.08000000000000185,27.76
2016-11-08,2016,11,8,1,27.76,27.58,27.93,27.42,97020000.0,0.0059,0.005797101449275477,0.509999999999998,0.18000000000000327,27.72
2016-11-09,2016,11,9,2,27.72,27.47,27.83,27.01,236710000.0,-0.0016,-0.0014409221902018654,0.8199999999999967,0.25,26.95
2016-11-10,2016,11,10,3,26.95,27.77,27.77,26.46,228540000.0,-0.0279,-0.02777777777777779,1.3099999999999987,-0.8200000000000003,27.11
2016-11-11,2016,11,11,4,27.11,26.78,27.22,26.64,136580000.0,0.0059,0.005936920222634479,0.5799999999999983,0.3299999999999983,26.43
2016-11-14,2016,11,14,0,26.43,26.93,26.95,26.02,204700000.0,-0.025099999999999997,-0.02508299520472146,0.9299999999999997,-0.5,26.78
2016-11-15,2016,11,15,1,26.78,26.64,26.92,26.54,129060000.0,0.0132,0.01324252743094978,0.38000000000000256,0.14000000000000057,27.5
2016-11-16,2016,11,16,2,27.5,26.67,27.56,26.65,235360000.0,0.0269,0.026885735623599638,0.9100000000000001,0.8299999999999983,27.49
2016-11-17,2016,11,17,3,27.49,27.45,27.59,27.21,110530000.0,-0.0004,-0.0003636363636364548,0.379999999999999,0.03999999999999915,27.51
2016-11-18,2016,11,18,4,27.51,27.43,27.64,27.42,113720000.0,0.001,0.0007275372862860507,0.21999999999999886,0.08000000000000185,27.93
2016-11-21,2016,11,21,0,27.93,27.53,28.0,27.5,117060000.0,0.0152,0.01526717557251911,0.5,0.3999999999999986,27.95
2016-11-22,2016,11,22,1,27.95,27.99,28.1,27.85,103860000.0,0.0006,0.0007160759040458764,0.25,-0.03999999999999915,27.81
2016-11-23,2016,11,23,2,27.81,27.84,27.88,27.58,109710000.0,-0.0051,-0.005008944543828275,0.3000000000000007,-0.030000000000001137,27.95
2016-11-25,2016,11,25,4,27.95,27.78,27.97,27.74,45900000.0,0.005,0.005034160373966312,0.23000000000000043,0.16999999999999815,27.89
2016-11-28,2016,11,28,0,27.89,27.86,28.12,27.85,108780000.0,-0.002,-0.0021466905187834673,0.2699999999999996,0.030000000000001137,27.86
2016-11-29,2016,11,29,1,27.86,27.69,28.01,27.52,114120000.0,-0.001,-0.0010756543564002241,0.490000000000002,0.16999999999999815,27.63
2016-11-30,2016,11,30,2,27.63,27.9,28.05,27.57,144650000.0,-0.0084,-0.008255563531945453,0.4800000000000004,-0.2699999999999996,27.37
2016-12-01,2016,12,1,3,27.37,27.59,27.74,27.26,148350000.0,-0.009300000000000001,-0.009410061527325264,0.4799999999999969,-0.21999999999999886,27.48
2016-12-02,2016,12,2,4,27.48,27.29,27.52,27.21,106110000.0,0.0037,0.004018998903909443,0.3099999999999987,0.19000000000000128,27.28
2016-12-05,2016,12,5,0,27.28,27.5,27.51,27.06,137300000.0,-0.0072,-0.00727802037845704,0.45000000000000284,-0.21999999999999886,27.49
2016-12-06,2016,12,6,1,27.49,27.38,27.59,27.3,104780000.0,0.0077,0.0076979472140761285,0.28999999999999915,0.10999999999999943,27.76
2016-12-07,2016,12,7,2,27.76,27.32,27.8,27.29,119990000.0,0.0098,0.00982175336486013,0.5100000000000016,0.4400000000000013,28.03
2016-12-08,2016,12,8,3,28.03,27.72,28.11,27.65,108270000.0,0.0098,0.009726224783861648,0.46000000000000085,0.3100000000000023,28.49
2016-12-09,2016,12,9,4,28.49,28.08,28.67,28.08,137610000.0,0.0163,0.01641098822689968,0.5900000000000034,0.41000000000000014,28.33
2016-12-12,2016,12,12,0,28.33,28.32,28.75,28.12,105500000.0,-0.005699999999999999,-0.005616005616005615,0.629999999999999,0.00999999999999801,28.8
2016-12-13,2016,12,13,1,28.8,28.46,28.98,28.44,174940000.0,0.0167,0.016590187080833152,0.5399999999999991,0.33999999999999986,28.8
2016-12-14,2016,12,14,2,28.8,28.76,29.05,28.75,136130000.0,0.0,0.0,0.3000000000000007,0.03999999999999915,28.95
2016-12-15,2016,12,15,3,28.95,28.84,29.18,28.81,186100000.0,0.0055000000000000005,0.005208333333333259,0.370000000000001,0.10999999999999943,28.99
2016-12-16,2016,12,16,4,28.99,29.12,29.13,28.91,177400000.0,0.0013,0.001381692573402482,0.21999999999999886,-0.13000000000000256,29.16
2016-12-19,2016,12,19,0,29.16,28.95,29.34,28.94,111120000.0,0.0058,0.005864091065884924,0.3999999999999986,0.21000000000000085,29.24
2016-12-20,2016,12,20,1,29.24,29.18,29.38,29.17,85700000.0,0.0027,0.00274348422496562,0.2099999999999973,0.05999999999999872,29.26
2016-12-21,2016,12,21,2,29.26,29.2,29.35,29.19,95130000.0,0.0009,0.0006839945280439075,0.16000000000000014,0.060000000000002274,29.07
2016-12-22,2016,12,22,3,29.07,29.09,29.13,28.91,104340000.0,-0.0066,-0.006493506493506551,0.21999999999999886,-0.019999999999999574,29.13
2016-12-23,2016,12,23,4,29.13,28.9,29.13,28.9,57000000.0,0.002,0.0020639834881319707,0.23000000000000043,0.23000000000000043,29.32
2016-12-27,2016,12,27,1,29.32,29.13,29.45,29.12,73190000.0,0.0064,0.00652248541023015,0.3299999999999983,0.19000000000000128,29.19
2016-12-28,2016,12,28,2,29.19,29.38,29.5,29.05,83620000.0,-0.0043,-0.004433833560709366,0.4499999999999993,-0.18999999999999773,29.18
2016-12-29,2016,12,29,3,29.18,29.11,29.28,29.1,60160000.0,-0.0003,-0.00034258307639611907,0.17999999999999972,0.07000000000000028,28.95
2016-12-30,2016,12,30,4,28.95,29.16,29.3,28.86,122350000.0,-0.0078000000000000005,-0.007882111034955508,0.4400000000000013,-0.21000000000000085,29.04
2017-01-03,2017,1,3,1,29.04,28.95,29.08,28.69,115130000.0,0.0028000000000000004,0.0031088082901553626,0.389999999999997,0.08999999999999986,29.0
2017-01-04,2017,1,4,2,29.0,28.96,29.13,28.94,84470000.0,-0.0011,-0.0013774104683195176,0.18999999999999773,0.03999999999999915,29.15
2017-01-05,2017,1,5,3,29.15,28.98,29.22,28.95,88770000.0,0.0051,0.005172413793103292,0.2699999999999996,0.16999999999999815,29.48
2017-01-06,2017,1,6,4,29.48,29.19,29.54,29.12,127010000.0,0.0111,0.01132075471698113,0.41999999999999815,0.28999999999999915,29.75
2017-01-09,2017,1,9,0,29.75,29.49,29.86,29.49,134250000.0,0.0092,0.00915875169606517,0.370000000000001,0.26000000000000156,29.78
2017-01-10,2017,1,10,1,29.78,29.69,29.84,29.58,97850000.0,0.001,0.0010084033613446675,0.26000000000000156,0.08999999999999986,29.94
2017-01-11,2017,1,11,2,29.94,29.68,29.98,29.65,110350000.0,0.0054,0.005372733378106176,0.33000000000000185,0.26000000000000156,29.81
2017-01-12,2017,1,12,3,29.81,29.72,29.83,29.55,108340000.0,-0.0042,-0.004342017368069606,0.2799999999999976,0.08999999999999986,29.76
2017-01-13,2017,1,13,4,29.76,29.78,29.91,29.7,104450000.0,-0.0018,-0.0016772895001676558,0.21000000000000085,-0.019999999999999574,30.0
2017-01-17,2017,1,17,1,30.0,29.58,30.06,29.56,137760000.0,0.008100000000000001,0.008064516129032251,0.5,0.4200000000000017,30.0
2017-01-18,2017,1,18,2,30.0,30.0,30.13,29.93,94850000.0,0.0,0.0,0.1999999999999993,0.0,29.94
2017-01-19,2017,1,19,3,29.94,29.85,30.02,29.84,102390000.0,-0.0018,-0.0020000000000000018,0.17999999999999972,0.08999999999999986,30.0
2017-01-20,2017,1,20,4,30.0,30.11,30.11,29.93,130389999.99999999,0.0018,0.002004008016031955,0.17999999999999972,-0.10999999999999943,30.02
2017-01-23,2017,1,23,0,30.02,30.0,30.2,29.94,88200000.0,0.0007000000000000001,0.0006666666666665932,0.259999999999998,0.019999999999999574,29.99
2017-01-24,2017,1,24,1,29.99,29.89,30.02,29.88,92840000.0,-0.0009,-0.0009993337774817368,0.14000000000000057,0.09999999999999787,30.47
2017-01-25,2017,1,25,2,30.47,30.1,30.52,30.07,130350000.0,0.0159,0.01600533511170399,0.4499999999999993,0.36999999999999744,30.49
2017-01-26,2017,1,26,3,30.49,30.42,30.61,30.4,105350000.0,0.0005,0.0006563833278634412,0.21000000000000085,0.06999999999999673,30.49
2017-01-27,2017,1,27,4,30.49,30.53,30.59,30.4,82250000.0,0.0,0.0,0.19000000000000128,-0.0400000000000027,30.41
2017-01-30,2017,1,30,0,30.41,30.23,30.41,30.17,121510000.0,-0.0026,-0.002623811085601835,0.23999999999999844,0.17999999999999972,30.34
2017-01-31,2017,1,31,1,30.34,30.29,30.35,30.16,196800000.0,-0.0023,-0.00230187438342655,0.19000000000000128,0.05000000000000071,32.19
2017-02-01,2017,2,1,2,32.19,31.76,32.62,31.75,447940000.0,0.061,0.06097560975609739,0.8699999999999974,0.42999999999999616,32.13
2017-02-02,2017,2,2,3,32.13,31.99,32.35,31.94,134840000.0,-0.0017000000000000001,-0.0018639328984154657,0.41000000000000014,0.14000000000000412,32.27
2017-02-03,2017,2,3,4,32.27,32.08,32.3,32.04,98030000.0,0.0043,0.004357298474945592,0.259999999999998,0.19000000000000483,32.57
2017-02-06,2017,2,6,0,32.57,32.28,32.63,32.22,107380000.0,0.009399999999999999,0.009296560272699095,0.4100000000000037,0.28999999999999915,32.88
2017-02-07,2017,2,7,1,32.88,32.63,33.02,32.61,152740000.0,0.0095,0.009517961314092771,0.4100000000000037,0.25,33.01
2017-02-08,2017,2,8,2,33.01,32.84,33.06,32.81,92020000.0,0.0039000000000000003,0.003953771289537666,0.25,0.1699999999999946,33.1
2017-02-09,2017,2,9,3,33.1,32.91,33.11,32.78,113400000.0,0.0029,0.002726446531354343,0.3299999999999983,0.19000000000000483,33.03
2017-02-10,2017,2,10,4,33.03,33.12,33.24,33.01,80260000.0,-0.0023,-0.002114803625377637,0.23000000000000398,-0.0899999999999963,33.32
2017-02-13,2017,2,13,0,33.32,33.27,33.46,33.19,92140000.0,0.0089,0.008779897063275754,0.2700000000000031,0.04999999999999716,33.76
2017-02-14,2017,2,14,1,33.76,33.37,33.77,33.31,132900000.0,0.013000000000000001,0.013205282112844996,0.46000000000000085,0.39000000000000057,33.88
2017-02-15,2017,2,15,2,33.88,33.88,34.07,33.65,142490000.0,0.0036,0.0035545023696683664,0.4200000000000017,0.0,33.84
2017-02-16,2017,2,16,3,33.84,33.92,33.97,33.71,90340000.0,-0.0012,-0.0011806375442738881,0.259999999999998,-0.0799999999999983,33.93
2017-02-17,2017,2,17,4,33.93,33.78,33.96,33.78,88790000.0,0.0028000000000000004,0.0026595744680850686,0.17999999999999972,0.14999999999999858,34.17
2017-02-21,2017,2,21,1,34.17,34.06,34.19,33.99,98030000.0,0.0072,0.007073386383731339,0.19999999999999574,0.10999999999999943,34.28
2017-02-22,2017,2,22,2,34.28,34.11,34.28,34.03,83350000.0,0.003,0.0032191981270119907,0.25,0.1700000000000017,34.13
2017-02-23,2017,2,23,3,34.13,34.35,34.37,34.08,83150000.0,-0.0042,-0.004375729288214614,0.28999999999999915,-0.21999999999999886,34.17
2017-02-24,2017,2,24,4,34.17,33.98,34.17,33.82,87110000.0,0.001,0.001171989452094957,0.3500000000000014,0.19000000000000483,34.23
2017-02-27,2017,2,27,0,34.23,34.28,34.36,34.07,81030000.0,0.002,0.0017559262510973284,0.28999999999999915,-0.05000000000000426,34.25
2017-02-28,2017,2,28,1,34.25,34.27,34.36,34.17,93930000.0,0.0004,0.0005842827928719263,0.18999999999999773,-0.020000000000003126,34.95
2017-03-01,2017,3,1,2,34.95,34.47,35.04,34.4,145660000.0,0.0204,0.020437956204379715,0.6400000000000006,0.480000000000004,34.74
2017-03-02,2017,3,2,3,34.74,35.0,35.07,34.69,104840000.0,-0.0059,-0.006008583690987113,0.38000000000000256,-0.259999999999998,34.94
2017-03-03,2017,3,3,4,34.94,34.69,34.96,34.65,86280000.0,0.0059,0.005757052389176565,0.3100000000000023,0.25,34.83
2017-03-06,2017,3,6,0,34.83,34.84,34.94,34.65,87000000.0,-0.0031,-0.00314825414997133,0.28999999999999915,-0.010000000000005116,34.88
2017-03-07,2017,3,7,1,34.88,34.76,34.99,34.7,69790000.0,0.0013,0.0014355440712030543,0.28999999999999915,0.12000000000000455,34.75
2017-03-08,2017,3,8,2,34.75,34.74,34.95,34.71,74830000.0,-0.0037,-0.0037270642201835402,0.240000000000002,0.00999999999999801,34.67
2017-03-09,2017,3,9,3,34.67,34.69,34.7,34.26,88620000.0,-0.0023,-0.002302158273381205,0.44000000000000483,-0.01999999999999602,34.78
2017-03-10,2017,3,10,4,34.78,34.81,34.84,34.66,78450000.0,0.0033,0.003172771848860778,0.18000000000000682,-0.030000000000001137,34.8
2017-03-13,2017,3,13,0,34.8,34.71,34.86,34.71,69690000.0,0.0004,0.0005750431282345314,0.14999999999999858,0.0899999999999963,34.75
2017-03-14,2017,3,14,1,34.75,34.83,34.91,34.71,61240000.0,-0.0015,-0.001436781609195359,0.19999999999999574,-0.0799999999999983,35.12
2017-03-15,2017,3,15,2,35.12,34.85,35.19,34.76,102770000.0,0.0106,0.010647482014388476,0.4299999999999997,0.269999999999996,35.17
2017-03-16,2017,3,16,3,35.17,35.18,35.26,35.06,76930000.0,0.0016,0.0014236902050115408,0.19999999999999574,-0.00999999999999801,35.0
2017-03-17,2017,3,17,4,35.0,35.25,35.25,34.97,175540000.0,-0.005,-0.0048336650554450244,0.28000000000000114,-0.25,35.37
2017-03-20,2017,3,20,0,35.37,35.1,35.38,35.06,86170000.0,0.0105,0.010571428571428454,0.3200000000000003,0.269999999999996,34.96
2017-03-21,2017,3,21,1,34.96,35.53,35.7,34.93,158120000.0,-0.0115,-0.011591744416171834,0.7700000000000031,-0.5700000000000003,35.35
2017-03-22,2017,3,22,2,35.35,34.96,35.4,34.94,103440000.0,0.0113,0.011155606407322605,0.46000000000000085,0.39000000000000057,35.23
2017-03-23,2017,3,23,3,35.23,35.31,35.4,35.15,81390000.0,-0.0034999999999999996,-0.0033946251768035562,0.25,-0.0800000000000054,35.16
2017-03-24,2017,3,24,4,35.16,35.38,35.44,35.09,89580000.0,-0.002,-0.001986942946352599,0.3499999999999943,-0.22000000000000597,35.22
2017-03-27,2017,3,27,0,35.22,34.85,35.31,34.65,94300000.0,0.0017000000000000001,0.0017064846416383617,0.6600000000000037,0.36999999999999744,35.95
2017-03-28,2017,3,28,1,35.95,35.23,36.01,35.15,133500000.0,0.0207,0.020726859738784853,0.8599999999999994,0.720000000000006,36.03
2017-03-29,2017,3,29,2,36.03,35.92,36.12,35.8,116760000.0,0.0022,0.0022253129346314626,0.3200000000000003,0.10999999999999943,35.98
2017-03-30,2017,3,30,3,35.98,36.05,36.13,35.88,84830000.0,-0.0013,-0.0013877324451846418,0.25,-0.07000000000000028,35.92
2017-03-31,2017,3,31,4,35.92,35.93,36.07,35.75,78650000.0,-0.0019,-0.0016675931072817063,0.3200000000000003,-0.00999999999999801,35.92
2017-04-03,2017,4,3,0,35.92,35.93,36.03,35.76,79940000.0,0.0003,0.0,0.2700000000000031,-0.00999999999999801,36.19
2017-04-04,2017,4,4,1,36.19,35.81,36.22,35.79,79570000.0,0.0074,0.007516703786191403,0.4299999999999997,0.37999999999999545,36.01
2017-04-05,2017,4,5,2,36.01,36.06,36.37,35.95,110870000.0,-0.0052,-0.004973749654600734,0.4199999999999946,-0.05000000000000426,35.92
2017-04-06,2017,4,6,3,35.92,36.07,36.13,35.86,84600000.0,-0.0025,-0.002499305748403069,0.2700000000000031,-0.14999999999999858,35.83
2017-04-07,2017,4,7,4,35.83,35.93,36.04,35.82,66690000.0,-0.0022,-0.0025055679287305788,0.21999999999999886,-0.10000000000000142,35.79
2017-04-10,2017,4,10,0,35.79,35.9,35.97,35.72,75730000.0,-0.0012,-0.0011163829193413521,0.25,-0.10999999999999943,35.41
2017-04-11,2017,4,11,1,35.41,35.74,35.84,35.01,121520000.0,-0.0108,-0.010617490919251238,0.8300000000000054,-0.3300000000000054,35.45
2017-04-12,2017,4,12,2,35.45,35.4,35.54,35.25,81400000.0,0.0012,0.0011296243998872857,0.28999999999999915,0.05000000000000426,35.26
2017-04-13,2017,4,13,3,35.26,35.48,35.6,35.26,71290000.0,-0.0053,-0.005359661495063617,0.3400000000000034,-0.21999999999999886,35.46
2017-04-17,2017,4,17,0,35.46,35.37,35.47,35.22,66330000.0,0.0055000000000000005,0.005672149744753385,0.25,0.09000000000000341,35.3
2017-04-18,2017,4,18,1,35.3,35.35,35.51,35.28,58790000.0,-0.0044,-0.00451212633953757,0.22999999999999687,-0.05000000000000426,35.17
2017-04-19,2017,4,19,2,35.17,35.47,35.5,35.11,69310000.0,-0.0037,-0.0036827195467420415,0.39000000000000057,-0.29999999999999716,35.61
2017-04-20,2017,4,20,3,35.61,35.31,35.73,35.29,93280000.0,0.0125,0.012510662496445724,0.4399999999999977,0.29999999999999716,35.57
2017-04-21,2017,4,21,4,35.57,35.61,35.67,35.46,69280000.0,-0.0012,-0.0011232799775343638,0.21000000000000085,-0.03999999999999915,35.91
2017-04-24,2017,4,24,0,35.91,35.88,35.99,35.79,68540000.0,0.0096,0.009558616811920162,0.20000000000000284,0.02999999999999403,36.13
2017-04-25,2017,4,25,1,36.13,35.98,36.22,35.97,75490000.0,0.0062,0.006126427179058869,0.25,0.15000000000000568,35.92
2017-04-26,2017,4,26,2,35.92,36.12,36.15,35.84,80160000.0,-0.0059,-0.005812344312205897,0.30999999999999517,-0.19999999999999574,35.95
2017-04-27,2017,4,27,3,35.95,35.98,36.04,35.83,56990000.0,0.0008,0.0008351893095768226,0.21000000000000085,-0.02999999999999403,35.91
2017-04-28,2017,4,28,4,35.91,36.02,36.08,35.82,83440000.0,-0.001,-0.0011126564673158423,0.259999999999998,-0.11000000000000654,36.65
2017-05-01,2017,5,1,0,36.65,36.28,36.8,36.24,134410000.0,0.0204,0.020607073238652296,0.5599999999999952,0.36999999999999744,36.88
2017-05-02,2017,5,2,1,36.88,36.88,37.02,36.71,181410000.0,0.0063,0.0062755798090041726,0.3100000000000023,0.0,36.76
2017-05-03,2017,5,3,2,36.76,36.4,36.87,36.07,182790000.0,-0.0031,-0.0032537960954448497,0.7999999999999972,0.35999999999999943,36.63
2017-05-04,2017,5,4,3,36.63,36.63,36.78,36.45,93490000.0,-0.0036,-0.003536452665941159,0.3299999999999983,0.0,37.24
2017-05-05,2017,5,5,4,37.24,36.69,37.24,36.69,109310000.0,0.0166,0.01665301665301655,0.5500000000000043,0.5500000000000043,38.25
2017-05-08,2017,5,8,0,38.25,37.26,38.42,37.26,195010000.0,0.027200000000000002,0.027121374865735737,1.1600000000000037,0.990000000000002,38.5
2017-05-09,2017,5,9,1,38.5,38.47,38.72,38.36,156520000.0,0.0064,0.006535947712418277,0.35999999999999943,0.030000000000001137,38.31
2017-05-10,2017,5,10,2,38.31,38.41,38.49,38.03,103220000.0,-0.004699999999999999,-0.004935064935064903,0.46000000000000085,-0.09999999999999432,38.49
2017-05-11,2017,5,11,3,38.49,38.11,38.52,38.08,109020000.0,0.0045000000000000005,0.004698512137822908,0.44000000000000483,0.38000000000000256,39.03
2017-05-12,2017,5,12,4,39.03,38.67,39.1,38.67,130110000.00000001,0.013999999999999999,0.014029618082618933,0.4299999999999997,0.35999999999999943,38.92
2017-05-15,2017,5,15,0,38.92,39.0,39.16,38.76,104040000.0,-0.0026,-0.002818344862925981,0.3999999999999986,-0.0799999999999983,38.87
2017-05-16,2017,5,16,1,38.87,38.99,39.01,38.68,80190000.0,-0.0015,-0.001284686536485169,0.3299999999999983,-0.12000000000000455,37.56
2017-05-17,2017,5,17,2,37.56,38.4,38.64,37.43,203070000.0,-0.0336,-0.03370208386930784,1.2100000000000009,-0.8399999999999963,38.13
2017-05-18,2017,5,18,3,38.13,37.82,38.33,37.78,134270000.0,0.0152,0.015175718849840258,0.5499999999999972,0.3100000000000023,38.26
2017-05-19,2017,5,19,4,38.26,38.35,38.49,38.16,107840000.0,0.0034000000000000002,0.003409388932598789,0.3300000000000054,-0.09000000000000341,38.5
2017-05-22,2017,5,22,0,38.5,38.5,38.65,38.23,91870000.0,0.0060999999999999995,0.006272869837950834,0.4200000000000017,0.0,38.45
2017-05-23,2017,5,23,1,38.45,38.72,38.72,38.33,79680000.0,-0.0012,-0.0012987012987012436,0.39000000000000057,-0.269999999999996,38.33
2017-05-24,2017,5,24,2,38.33,38.46,38.54,38.17,76880000.0,-0.003,-0.00312093628088439,0.36999999999999744,-0.13000000000000256,38.47
2017-05-25,2017,5,25,3,38.47,38.43,38.59,38.26,76940000.0,0.0034999999999999996,0.0036524915210018882,0.3300000000000054,0.03999999999999915,38.4
2017-05-26,2017,5,26,4,38.4,38.5,38.56,38.33,87710000.0,-0.0017000000000000001,-0.0018195996880686627,0.23000000000000398,-0.10000000000000142,38.42
2017-05-30,2017,5,30,1,38.42,38.35,38.61,38.33,80510000.0,0.0004,0.0005208333333335258,0.28000000000000114,0.07000000000000028,38.19
2017-05-31,2017,5,31,2,38.19,38.49,38.54,38.1,97800000.0,-0.0059,-0.005986465382613271,0.4399999999999977,-0.30000000000000426,38.29
2017-06-01,2017,6,1,3,38.29,38.29,38.33,38.06,65620000.00000001,0.0027,0.0026184865147944603,0.269999999999996,0.0,38.86
2017-06-02,2017,6,2,4,38.86,38.4,38.86,38.22,111080000.0,0.0148,0.014886393314181179,0.6400000000000006,0.46000000000000085,38.48
2017-06-05,2017,6,5,0,38.48,38.58,38.61,38.37,101330000.0,-0.0098,-0.009778692743180661,0.240000000000002,-0.10000000000000142,38.61
2017-06-06,2017,6,6,1,38.61,38.47,38.95,38.44,106500000.0,0.0034000000000000002,0.0033783783783785104,0.5100000000000051,0.14000000000000057,38.84
2017-06-07,2017,6,7,2,38.84,38.76,38.99,38.62,84280000.0,0.006,0.00595700595700599,0.37000000000000455,0.0800000000000054,38.75
2017-06-08,2017,6,8,3,38.75,38.81,38.88,38.6,85000000.0,-0.0024,-0.0023171987641606995,0.28000000000000114,-0.060000000000002274,37.24
2017-06-09,2017,6,9,4,37.24,38.8,38.8,36.51,259529999.99999997,-0.0388,-0.0389677419354838,2.289999999999999,-1.5599999999999952,36.35
2017-06-12,2017,6,12,0,36.35,36.44,36.52,35.63,289230000.0,-0.0239,-0.023899033297529515,0.8900000000000006,-0.0899999999999963,36.65
2017-06-13,2017,6,13,1,36.65,36.79,36.86,36.29,136660000.0,0.008,0.008253094910591452,0.5700000000000003,-0.14000000000000057,36.29
2017-06-14,2017,6,14,2,36.29,36.88,36.88,35.96,126120000.0,-0.0098,-0.009822646657571599,0.9200000000000017,-0.5900000000000034,36.07
2017-06-15,2017,6,15,3,36.07,35.83,36.12,35.55,128660000.0,-0.006,-0.006062276109120912,0.5700000000000003,0.240000000000002,35.57
2017-06-16,2017,6,16,4,35.57,35.94,36.13,35.55,201440000.0,-0.013999999999999999,-0.013861935126143643,0.5800000000000054,-0.36999999999999744,36.58
2017-06-19,2017,6,19,0,36.58,35.92,36.69,35.92,130169999.99999999,0.0286,0.02839471464717458,0.769999999999996,0.6599999999999966,36.25
2017-06-20,2017,6,20,1,36.25,36.72,36.72,36.24,99600000.0,-0.0091,-0.009021323127392011,0.4799999999999969,-0.46999999999999886,36.47
2017-06-21,2017,6,21,2,36.47,36.38,36.52,36.15,85060000.0,0.0059,0.006068965517241454,0.37000000000000455,0.0899999999999963,36.41
2017-06-22,2017,6,22,3,36.41,36.44,36.67,36.28,76430000.0,-0.0016,-0.0016451878256101837,0.39000000000000057,-0.030000000000001137,36.57
2017-06-23,2017,6,23,4,36.57,36.28,36.79,36.28,141760000.0,0.0045000000000000005,0.0043943971436419815,0.509999999999998,0.28999999999999915,36.46
2017-06-26,2017,6,26,0,36.46,36.79,37.07,36.35,102770000.0,-0.0031,-0.0030079299972655127,0.7199999999999989,-0.3299999999999983,35.93
2017-06-27,2017,6,27,1,35.93,36.25,36.54,35.9,99050000.0,-0.0143,-0.014536478332419112,0.6400000000000006,-0.3200000000000003,36.46
2017-06-28,2017,6,28,2,36.46,36.12,36.53,35.79,88330000.0,0.0146,0.014750904536598997,0.740000000000002,0.3400000000000034,35.92
2017-06-29,2017,6,29,3,35.92,36.18,36.28,35.57,126000000.0,-0.0147,-0.014810751508502418,0.7100000000000009,-0.259999999999998,36.01
2017-06-30,2017,6,30,4,36.01,36.11,36.24,35.94,92100000.0,0.0024,0.0025055679287304677,0.30000000000000426,-0.10000000000000142,35.88
2017-07-03,2017,7,3,0,35.88,36.22,36.33,35.78,57110000.0,-0.0036,-0.0036101083032489267,0.5499999999999972,-0.3399999999999963,36.02
2017-07-05,2017,7,5,2,36.02,35.92,36.2,35.68,86280000.0,0.0040999999999999995,0.0039018952062430667,0.5200000000000031,0.10000000000000142,35.68
2017-07-06,2017,7,6,3,35.68,35.76,35.88,35.6,96520000.0,-0.009399999999999999,-0.00943920044419777,0.28000000000000114,-0.0799999999999983,36.04
2017-07-07,2017,7,7,4,36.04,35.72,36.19,35.72,76810000.0,0.0102,0.010089686098654793,0.46999999999999886,0.3200000000000003,36.26
2017-07-10,2017,7,10,0,36.26,36.03,36.49,35.84,84360000.0,0.0060999999999999995,0.006104328523862446,0.6499999999999986,0.22999999999999687,36.38
2017-07-11,2017,7,11,1,36.38,36.18,36.46,36.1,79130000.0,0.0032,0.003309431880860636,0.35999999999999943,0.20000000000000284,36.44
2017-07-12,2017,7,12,2,36.44,36.47,36.54,36.21,99540000.0,0.0014000000000000002,0.0016492578339746267,0.3299999999999983,-0.030000000000001137,36.94
2017-07-13,2017,7,13,3,36.94,36.38,37.12,36.36,100800000.0,0.0139,0.013721185510428002,0.759999999999998,0.5599999999999952,37.26
2017-07-14,2017,7,14,4,37.26,36.99,37.33,36.83,80530000.0,0.0086,0.008662696264212233,0.5,0.269999999999996,37.39
2017-07-17,2017,7,17,0,37.39,37.21,37.72,37.14,95170000.0,0.0034999999999999996,0.0034889962426194465,0.5799999999999983,0.17999999999999972,37.52
2017-07-18,2017,7,18,1,37.52,37.3,37.53,37.17,71480000.0,0.0034999999999999996,0.0034768654720513936,0.35999999999999943,0.22000000000000597,37.76
2017-07-19,2017,7,19,2,37.76,37.62,37.85,37.49,83690000.0,0.0063,0.006396588486140553,0.35999999999999943,0.14000000000000057,37.58
2017-07-20,2017,7,20,3,37.58,37.88,37.94,37.55,68970000.0,-0.0045000000000000005,-0.004766949152542388,0.39000000000000057,-0.30000000000000426,37.57
2017-07-21,2017,7,21,4,37.57,37.5,37.61,37.22,105010000.0,-0.0005,-0.000266098988823793,0.39000000000000057,0.07000000000000028,38.02
2017-07-24,2017,7,24,0,38.02,37.65,38.11,37.47,85970000.0,0.0121,0.011977641735427369,0.6400000000000006,0.37000000000000455,38.19
2017-07-25,2017,7,25,1,38.19,37.95,38.46,37.95,75420000.0,0.0043,0.004471330878484947,0.509999999999998,0.23999999999999488,38.37
2017-07-26,2017,7,26,2,38.37,38.34,38.48,38.26,63120000.0,0.004699999999999999,0.00471327572662994,0.21999999999999886,0.02999999999999403,37.64
2017-07-27,2017,7,27,3,37.64,38.44,38.5,36.83,129910000.0,-0.0189,-0.019025280166796943,1.6700000000000017,-0.7999999999999972,37.38
2017-07-28,2017,7,28,4,37.38,37.47,37.56,37.3,68850000.0,-0.006999999999999999,-0.006907545164718365,0.2600000000000051,-0.0899999999999963,37.18
2017-07-31,2017,7,31,0,37.18,37.47,37.58,37.03,79380000.0,-0.0052,-0.005350454788657144,0.5499999999999972,-0.28999999999999915,37.51
2017-08-01,2017,8,1,1,37.51,37.28,37.56,37.1,141470000.0,0.0089,0.008875739644970349,0.46000000000000085,0.22999999999999687,39.28
2017-08-02,2017,8,2,2,39.28,39.82,39.94,39.04,279750000.0,0.0473,0.047187416688883044,0.8999999999999986,-0.5399999999999991,38.89
2017-08-03,2017,8,3,3,38.89,39.26,39.3,38.76,108390000.0,-0.01,-0.00992871690427699,0.5399999999999991,-0.36999999999999744,39.1
2017-08-04,2017,8,4,4,39.1,39.02,39.35,38.92,82240000.0,0.0053,0.005399845718693674,0.4299999999999997,0.0799999999999983,39.7
2017-08-07,2017,8,7,0,39.7,39.26,39.73,39.17,87480000.0,0.0155,0.01534526854219953,0.5599999999999952,0.44000000000000483,40.02
2017-08-08,2017,8,8,1,40.02,39.65,40.46,39.57,144820000.0,0.008,0.008060453400503764,0.8900000000000006,0.37000000000000455,40.26
2017-08-09,2017,8,9,2,40.26,39.81,40.32,39.78,104530000.0,0.0060999999999999995,0.0059970014992503096,0.5399999999999991,0.44999999999999574,38.83
2017-08-10,2017,8,10,3,38.83,39.97,40.0,38.66,163220000.0,-0.0356,-0.03551912568306015,1.3400000000000034,-1.1400000000000006,39.37
2017-08-11,2017,8,11,4,39.37,39.15,39.64,39.02,105030000.0,0.0139,0.013906773113572024,0.6199999999999974,0.21999999999999886,39.96
2017-08-14,2017,8,14,0,39.96,39.83,40.05,39.69,88490000.0,0.015,0.014986029972060111,0.35999999999999943,0.13000000000000256,40.4
2017-08-15,2017,8,15,1,40.4,40.17,40.55,40.03,117860000.0,0.0109,0.011011011011010874,0.519999999999996,0.22999999999999687,40.24
2017-08-16,2017,8,16,2,40.24,40.49,40.63,40.04,110690000.0,-0.004,-0.003960396039603853,0.5900000000000034,-0.25,39.47
2017-08-17,2017,8,17,3,39.47,40.13,40.18,39.46,111760000.0,-0.0192,-0.019135188866799324,0.7199999999999989,-0.6600000000000037,39.38
2017-08-18,2017,8,18,4,39.38,39.47,39.88,39.18,109710000.0,-0.0023,-0.0022802128198631255,0.7000000000000028,-0.0899999999999963,39.3
2017-08-21,2017,8,21,0,39.3,39.38,39.47,38.78,105470000.0,-0.0018,-0.002031488065007747,0.6899999999999977,-0.0800000000000054,39.94
2017-08-22,2017,8,22,1,39.94,39.56,40.0,39.51,86420000.0,0.0163,0.016284987277353613,0.490000000000002,0.37999999999999545,39.99
2017-08-23,2017,8,23,2,39.99,39.77,40.12,39.72,77600000.0,0.0013,0.0012518778167251998,0.3999999999999986,0.21999999999999886,39.82
2017-08-24,2017,8,24,3,39.82,40.11,40.19,39.64,79280000.0,-0.0044,-0.004251062765691427,0.5499999999999972,-0.28999999999999915,39.97
2017-08-25,2017,8,25,4,39.97,39.91,40.14,39.82,101920000.0,0.0037,0.003766951280763431,0.3200000000000003,0.060000000000002274,40.37
2017-08-28,2017,8,28,0,40.37,40.03,40.5,39.98,103860000.0,0.0101,0.010007505629221924,0.5200000000000031,0.3399999999999963,40.73
2017-08-29,2017,8,29,1,40.73,40.03,40.78,40.0,118070000.0,0.0089,0.008917513004706557,0.7800000000000011,0.6999999999999957,40.84
2017-08-30,2017,8,30,2,40.84,40.95,40.97,40.65,109080000.0,0.0027,0.0027007120058926137,0.3200000000000003,-0.10999999999999943,41.0
2017-08-31,2017,8,31,3,41.0,40.91,41.13,40.87,107140000.0,0.004,0.003917727717923425,0.2600000000000051,0.09000000000000341,41.01
2017-09-01,2017,9,1,4,41.01,41.2,41.24,40.91,66360000.0,0.0003,0.00024390243902439046,0.3300000000000054,-0.19000000000000483,40.52
2017-09-05,2017,9,5,1,40.52,40.94,41.06,40.14,118150000.0,-0.012,-0.011948305291392236,0.9200000000000017,-0.4199999999999946,40.48
2017-09-06,2017,9,6,2,40.48,40.68,40.75,40.13,86610000.0,-0.001,-0.000987166831194597,0.6199999999999974,-0.20000000000000284,40.31
2017-09-07,2017,9,7,3,40.31,40.52,40.56,40.09,87710000.0,-0.004,-0.0041996047430828964,0.46999999999999886,-0.21000000000000085,39.66
2017-09-08,2017,9,8,4,39.66,40.22,40.29,39.63,114450000.0,-0.0163,-0.016125031009675106,0.6599999999999966,-0.5600000000000023,40.38
2017-09-11,2017,9,11,0,40.38,40.13,40.51,39.97,126320000.0,0.0181,0.01815431164901682,0.5399999999999991,0.25,40.22
2017-09-12,2017,9,12,1,40.22,40.65,40.99,39.69,286860000.0,-0.004,-0.003962357602773747,1.3000000000000043,-0.4299999999999997,39.91
2017-09-13,2017,9,13,2,39.91,39.97,39.99,39.48,179630000.0,-0.0075,-0.007707608155146706,0.5100000000000051,-0.060000000000002274,39.57
2017-09-14,2017,9,14,3,39.57,39.75,39.85,39.52,95040000.0,-0.0086,-0.008519168128288568,0.3299999999999983,-0.17999999999999972,39.97
2017-09-15,2017,9,15,4,39.97,39.62,40.24,39.5,196460000.0,0.0101,0.010108668182966962,0.740000000000002,0.3500000000000014,39.67
2017-09-18,2017,9,18,0,39.67,40.03,40.13,39.5,113080000.0,-0.0076,-0.007505629221916332,0.6300000000000026,-0.35999999999999943,39.68
2017-09-19,2017,9,19,1,39.68,39.88,39.94,39.61,83240000.0,0.0004,0.0002520796571716666,0.3299999999999983,-0.20000000000000284,39.02
2017-09-20,2017,9,20,2,39.02,39.47,39.56,38.46,211810000.0,-0.0168,-0.016633064516128893,1.1000000000000014,-0.44999999999999574,38.35
2017-09-21,2017,9,21,3,38.35,38.95,38.95,38.19,150050000.0,-0.0172,-0.017170681701691448,0.7600000000000051,-0.6000000000000014,37.97
2017-09-22,2017,9,22,4,37.97,38.01,38.07,37.64,186580000.0,-0.0098,-0.00990873533246417,0.4299999999999997,-0.03999999999999915,37.64
2017-09-25,2017,9,25,0,37.64,37.5,37.96,37.29,177550000.0,-0.0088,-0.00869107189886753,0.6700000000000017,0.14000000000000057,38.28
2017-09-26,2017,9,26,1,38.28,37.94,38.48,37.92,146640000.0,0.0172,0.01700318809776835,0.5599999999999952,0.3400000000000034,38.56
2017-09-27,2017,9,27,2,38.56,38.45,38.68,38.38,102020000.0,0.0070999999999999995,0.007314524555903867,0.29999999999999716,0.10999999999999943,38.32
2017-09-28,2017,9,28,3,38.32,38.47,38.57,38.17,88020000.0,-0.0062,-0.006224066390041583,0.3999999999999986,-0.14999999999999858,38.53
2017-09-29,2017,9,29,4,38.53,38.3,38.53,38.0,105200000.0,0.0055000000000000005,0.005480167014613846,0.5300000000000011,0.23000000000000398,38.45
2017-10-02,2017,10,2,0,38.45,38.56,38.61,38.18,74800000.0,-0.002,-0.002076304178562083,0.4299999999999997,-0.10999999999999943,38.62
2017-10-03,2017,10,3,1,38.62,38.5,38.77,38.48,64920000.0,0.0044,0.004421326397919145,0.29000000000000625,0.11999999999999744,38.37
2017-10-04,2017,10,4,2,38.37,38.41,38.47,38.12,80660000.0,-0.006500000000000001,-0.006473329880890777,0.3500000000000014,-0.03999999999999915,38.85
2017-10-05,2017,10,5,3,38.85,38.54,38.86,38.51,85140000.0,0.0124,0.012509773260359847,0.3500000000000014,0.3100000000000023,38.83
2017-10-06,2017,10,6,4,38.83,38.74,38.87,38.64,69630000.0,-0.0006,-0.000514800514800573,0.22999999999999687,0.0899999999999963,38.96
2017-10-09,2017,10,9,0,38.96,38.95,39.18,38.87,65050000.0,0.0034999999999999996,0.0033479268606748658,0.3100000000000023,0.00999999999999801,38.97
2017-10-10,2017,10,10,1,38.97,39.01,39.5,38.78,62470000.0,0.0004,0.0002566735112936591,0.7199999999999989,-0.03999999999999915,39.14
2017-10-11,2017,10,11,2,39.14,38.99,39.24,38.94,67620000.0,0.0042,0.004362329997434022,0.30000000000000426,0.14999999999999858,39.0
2017-10-12,2017,10,12,3,39.0,39.09,39.34,38.93,64500000.0,-0.0034999999999999996,-0.0035769034236076136,0.4100000000000037,-0.09000000000000341,39.25
2017-10-13,2017,10,13,4,39.25,39.18,39.32,39.1,65580000.0,0.0063,0.0064102564102563875,0.21999999999999886,0.07000000000000028,39.97
2017-10-16,2017,10,16,0,39.97,39.47,40.0,39.41,96490000.0,0.0184,0.018343949044586028,0.5900000000000034,0.5,40.12
2017-10-17,2017,10,17,1,40.12,39.94,40.22,39.81,75990000.0,0.0037,0.0037528146109582217,0.4099999999999966,0.17999999999999972,39.94
2017-10-18,2017,10,18,2,39.94,40.1,40.18,39.9,65500000.0,-0.0044,-0.004486540378863424,0.28000000000000114,-0.1600000000000037,38.99
2017-10-19,2017,10,19,3,38.99,39.19,39.27,38.76,170340000.0,-0.023700000000000002,-0.023785678517776576,0.5100000000000051,-0.19999999999999574,39.06
2017-10-20,2017,10,20,4,39.06,39.15,39.44,38.99,95900000.0,0.0017000000000000001,0.0017953321364452268,0.44999999999999574,-0.0899999999999963,39.04
2017-10-23,2017,10,23,0,39.04,39.22,39.42,38.88,87940000.0,-0.0005,-0.0005120327700973704,0.5399999999999991,-0.17999999999999972,39.28
2017-10-24,2017,10,24,1,39.28,39.07,39.35,39.05,71030000.0,0.006,0.006147540983606703,0.30000000000000426,0.21000000000000085,39.1
2017-10-25,2017,10,25,2,39.1,39.23,39.39,38.82,84830000.0,-0.0044,-0.0045824847250509615,0.5700000000000003,-0.12999999999999545,39.35
2017-10-26,2017,10,26,3,39.35,39.31,39.46,39.19,68000000.0,0.0064,0.006393861892583175,0.2700000000000031,0.03999999999999915,40.76
2017-10-27,2017,10,27,4,40.76,39.82,40.9,39.67,177820000.0,0.0358,0.03583227445997439,1.2299999999999969,0.9399999999999977,41.68
2017-10-30,2017,10,30,0,41.68,40.97,42.02,40.93,178800000.0,0.0225,0.02257114818449457,1.0900000000000034,0.7100000000000009,42.26
2017-10-31,2017,10,31,1,42.26,41.97,42.41,41.74,144190000.0,0.0139,0.013915547024951902,0.6699999999999946,0.28999999999999915,41.72
2017-11-01,2017,11,1,2,41.72,42.47,42.49,41.4,134550000.0,-0.0127,-0.012778040700425874,1.0900000000000034,-0.75,42.03
2017-11-02,2017,11,2,3,42.03,41.91,42.13,41.32,165570000.0,0.0073,0.007430488974113247,0.8100000000000023,0.12000000000000455,43.13
2017-11-03,2017,11,3,4,43.13,43.5,43.56,42.78,237590000.0,0.026099999999999998,0.026171782060433024,0.7800000000000011,-0.36999999999999744,43.56
2017-11-06,2017,11,6,0,43.56,43.09,43.75,42.93,140110000.0,0.0101,0.009969858567122625,0.8200000000000003,0.46999999999999886,43.7
2017-11-07,2017,11,7,1,43.7,43.48,43.81,43.4,97450000.0,0.0032,0.003213957759412356,0.4100000000000037,0.22000000000000597,44.06
2017-11-08,2017,11,8,2,44.06,43.67,44.06,43.58,97640000.0,0.008199999999999999,0.008237986270022812,0.480000000000004,0.39000000000000057,43.97
2017-11-09,2017,11,9,3,43.97,43.78,44.02,43.28,117930000.0,-0.002,-0.0020426690876078624,0.740000000000002,0.18999999999999773,43.67
2017-11-10,2017,11,10,4,43.67,43.78,43.85,43.57,100580000.0,-0.0069,-0.006822833750284252,0.28000000000000114,-0.10999999999999943,43.49
2017-11-13,2017,11,13,0,43.49,43.38,43.63,43.35,67930000.0,-0.004,-0.004121822761621208,0.28000000000000114,0.10999999999999943,42.83
2017-11-14,2017,11,14,1,42.83,43.26,43.37,42.79,99130000.0,-0.0151,-0.015175902506323391,0.5799999999999983,-0.4299999999999997,42.27
2017-11-15,2017,11,15,2,42.27,42.49,42.58,42.1,116630000.0,-0.0132,-0.01307494746672877,0.4799999999999969,-0.21999999999999886,42.78
2017-11-16,2017,11,16,3,42.78,42.79,42.97,42.58,94550000.0,0.011899999999999999,0.012065294535131166,0.39000000000000057,-0.00999999999999801,42.54
2017-11-17,2017,11,17,4,42.54,42.76,42.85,42.41,87600000.0,-0.005600000000000001,-0.005610098176718092,0.44000000000000483,-0.21999999999999886,42.49
2017-11-20,2017,11,20,0,42.49,42.57,42.64,42.39,65050000.0,-0.001,-0.0011753643629524024,0.25,-0.0799999999999983,43.28
2017-11-21,2017,11,21,1,43.28,42.69,43.42,42.69,100530000.0,0.018600000000000002,0.018592610025888412,0.730000000000004,0.5900000000000034,43.74
2017-11-22,2017,11,22,2,43.74,43.34,43.75,43.26,102360000.0,0.0105,0.010628465804066511,0.490000000000002,0.3999999999999986,43.74
2017-11-24,2017,11,24,4,43.74,43.78,43.88,43.66,56110000.0,0.0,0.0,0.22000000000000597,-0.03999999999999915,43.52
2017-11-27,2017,11,27,0,43.52,43.76,43.77,43.33,82870000.0,-0.005,-0.005029721079103822,0.44000000000000483,-0.23999999999999488,43.27
2017-11-28,2017,11,28,1,43.27,43.58,43.72,42.97,105720000.0,-0.0059,-0.0057444852941176405,0.75,-0.30999999999999517,42.37
2017-11-29,2017,11,29,2,42.37,43.16,43.23,41.79,166670000.0,-0.0207,-0.02079963022879605,1.4399999999999977,-0.7899999999999991,42.96
2017-11-30,2017,11,30,3,42.96,42.61,43.03,42.11,166110000.0,0.013999999999999999,0.013924946896389123,0.9200000000000017,0.3500000000000014,42.76
2017-12-01,2017,12,1,4,42.76,42.49,42.92,42.13,159040000.0,-0.004699999999999999,-0.004655493482309203,0.7899999999999991,0.269999999999996,42.45
2017-12-04,2017,12,4,0,42.45,43.12,43.15,42.41,130169999.99999999,-0.0073,-0.00724976613657613,0.740000000000002,-0.6699999999999946,42.41
2017-12-05,2017,12,5,1,42.41,42.26,42.88,42.1,109400000.0,-0.0009,-0.0009422850412250661,0.7800000000000011,0.14999999999999858,42.25
2017-12-06,2017,12,6,2,42.25,41.88,42.55,41.62,114240000.0,-0.0037,-0.003772695119075631,0.9299999999999997,0.36999999999999744,42.33
2017-12-07,2017,12,7,3,42.33,42.26,42.61,42.23,102690000.0,0.0018,0.0018934911242602936,0.38000000000000256,0.07000000000000028,42.34
2017-12-08,2017,12,8,4,42.34,42.62,42.75,42.21,93420000.0,0.0003,0.00023623907394298982,0.5399999999999991,-0.27999999999999403,43.17
2017-12-11,2017,12,11,0,43.17,42.3,43.22,42.2,141100000.0,0.0195,0.019603212092583755,1.019999999999996,0.8700000000000045,42.92
2017-12-12,2017,12,12,1,42.92,43.04,43.1,42.87,77640000.0,-0.005600000000000001,-0.0057910586055131,0.23000000000000398,-0.11999999999999744,43.07
2017-12-13,2017,12,13,2,43.07,43.13,43.38,43.0,95270000.0,0.0033,0.0034948741845293174,0.38000000000000256,-0.060000000000002274,43.06
2017-12-14,2017,12,14,3,43.06,43.1,43.28,42.91,81910000.0,-0.0003,-0.00023218017181325656,0.37000000000000455,-0.03999999999999915,43.49
2017-12-15,2017,12,15,4,43.49,43.41,43.54,43.12,160680000.0,0.0102,0.009986065954482148,0.4200000000000017,0.0800000000000054,44.1
2017-12-18,2017,12,18,0,44.1,43.72,44.3,43.72,117680000.0,0.0141,0.014026212922510828,0.5799999999999983,0.38000000000000256,43.63
2017-12-19,2017,12,19,1,43.63,43.76,43.85,43.52,109750000.0,-0.010700000000000001,-0.010657596371882017,0.3299999999999983,-0.12999999999999545,43.59
2017-12-20,2017,12,20,2,43.59,43.72,43.85,43.31,93900000.0,-0.0011,-0.0009168003667201496,0.5399999999999991,-0.12999999999999545,43.75
2017-12-21,2017,12,21,3,43.75,43.54,44.01,43.53,83800000.0,0.0038,0.003670566643725559,0.4799999999999969,0.21000000000000085,43.75
2017-12-22,2017,12,22,4,43.75,43.67,43.86,43.63,65400000.00000001,0.0,0.0,0.22999999999999687,0.0799999999999983,42.64
2017-12-26,2017,12,26,1,42.64,42.7,42.87,42.42,132740000.00000001,-0.0254,-0.0253714285714286,0.44999999999999574,-0.060000000000002274,42.65
2017-12-27,2017,12,27,2,42.65,42.53,42.69,42.43,85990000.0,0.0002,0.00023452157598491397,0.259999999999998,0.11999999999999744,42.77
2017-12-28,2017,12,28,3,42.77,42.75,42.96,42.62,65920000.0,0.0028000000000000004,0.0028135990621338536,0.3400000000000034,0.020000000000003126,42.31
2017-12-29,2017,12,29,4,42.31,42.63,42.65,42.31,104000000.0,-0.0108,-0.010755202244563944,0.3399999999999963,-0.3200000000000003,43.06
2018-01-02,2018,1,2,1,43.06,42.54,43.08,42.31,102220000.0,0.0179,0.017726305837863388,0.769999999999996,0.5200000000000031,43.06
2018-01-03,2018,1,3,2,43.06,43.13,43.64,42.99,118070000.0,-0.0002,0.0,0.6499999999999986,-0.07000000000000028,43.26
2018-01-04,2018,1,4,3,43.26,43.13,43.37,43.02,89740000.0,0.0046,0.004644681839294007,0.3499999999999943,0.12999999999999545,43.75
2018-01-05,2018,1,5,4,43.75,43.36,43.84,43.26,94640000.0,0.011399999999999999,0.011326860841424091,0.5800000000000054,0.39000000000000057,43.59
2018-01-08,2018,1,8,0,43.59,43.59,43.9,43.48,82270000.0,-0.0037,-0.0036571428571428033,0.4200000000000017,0.0,43.58
2018-01-09,2018,1,9,1,43.58,43.64,43.76,43.35,86340000.0,-0.0001,-0.0002294104152329446,0.4099999999999966,-0.060000000000002274,43.57
2018-01-10,2018,1,10,2,43.57,43.29,43.58,43.25,95840000.0,-0.0002,-0.00022946305644788723,0.3299999999999983,0.28000000000000114,43.82
2018-01-11,2018,1,11,3,43.82,43.65,43.87,43.62,74670000.0,0.005699999999999999,0.0057378930456737365,0.25,0.1700000000000017,44.27
2018-01-12,2018,1,12,4,44.27,44.04,44.34,43.91,101670000.0,0.0103,0.010269283432222887,0.4300000000000068,0.23000000000000398,44.05
2018-01-16,2018,1,16,1,44.05,44.47,44.85,44.03,118260000.0,-0.0051,-0.004969505308335398,0.8200000000000003,-0.4200000000000017,44.78
2018-01-17,2018,1,17,2,44.78,44.04,44.81,43.77,137550000.0,0.0165,0.016572077185017076,1.0399999999999991,0.740000000000002,44.81
2018-01-18,2018,1,18,3,44.81,44.84,45.03,44.56,124770000.0,0.0009,0.0006699419383653371,0.46999999999999886,-0.030000000000001137,44.62
2018-01-19,2018,1,19,4,44.62,44.65,44.9,44.35,129699999.99999999,-0.0045000000000000005,-0.004240124972104575,0.5499999999999972,-0.030000000000001137,44.25
2018-01-22,2018,1,22,0,44.25,44.33,44.44,44.15,108430000.0,-0.008199999999999999,-0.008292245629762385,0.28999999999999915,-0.0799999999999983,44.26
2018-01-23,2018,1,23,1,44.26,44.33,44.86,44.21,130759999.99999999,0.0002,0.00022598870056489417,0.6499999999999986,-0.07000000000000028,43.56
2018-01-24,2018,1,24,2,43.56,44.31,44.33,43.3,204420000.0,-0.0159,-0.015815634884771668,1.0300000000000011,-0.75,42.78
2018-01-25,2018,1,25,3,42.78,43.63,43.74,42.63,166120000.0,-0.0179,-0.017906336088154284,1.1099999999999994,-0.8500000000000014,42.88
2018-01-26,2018,1,26,4,42.88,43.0,43.0,42.51,156570000.0,0.0023,0.002337540906965918,0.490000000000002,-0.11999999999999744,41.99
2018-01-29,2018,1,29,0,41.99,42.54,42.54,41.77,202560000.0,-0.0207,-0.020755597014925353,0.769999999999996,-0.5499999999999972,41.74
2018-01-30,2018,1,30,1,41.74,41.38,41.84,41.17,184190000.0,-0.0059,-0.005953798523458009,0.6700000000000017,0.35999999999999943,41.86
2018-01-31,2018,1,31,2,41.86,41.72,42.11,41.63,129919999.99999999,0.0028000000000000004,0.0028749401054144474,0.4799999999999969,0.14000000000000057,41.94
2018-02-01,2018,2,1,3,41.94,41.79,42.15,41.69,188920000.0,0.0021,0.00191113234591489,0.46000000000000085,0.14999999999999858,40.13
2018-02-02,2018,2,2,4,40.13,41.5,41.7,40.03,346380000.0,-0.0434,-0.043156890796375635,1.6700000000000017,-1.3699999999999974,39.12
2018-02-05,2018,2,5,0,39.12,39.78,40.97,39.0,290950000.0,-0.025,-0.025168203339147932,1.9699999999999989,-0.6600000000000037,40.76
2018-02-06,2018,2,6,1,40.76,38.71,40.93,38.5,272980000.0,0.0418,0.04192229038854811,2.4299999999999997,2.049999999999997,39.88
2018-02-07,2018,2,7,2,39.88,40.77,40.85,39.77,206430000.0,-0.021400000000000002,-0.02158979391560345,1.0799999999999983,-0.8900000000000006,38.79
2018-02-08,2018,2,8,3,38.79,40.07,40.25,38.76,217560000.0,-0.0275,-0.027331995987963986,1.490000000000002,-1.2800000000000011,39.1
2018-02-09,2018,2,9,4,39.1,39.27,39.47,37.56,282690000.0,0.008100000000000001,0.007991750451147306,1.9099999999999966,-0.1700000000000017,40.68
2018-02-12,2018,2,12,0,40.68,39.63,40.97,39.38,243280000.0,0.0403,0.04040920716112528,1.5899999999999963,1.0499999999999972,41.08
2018-02-13,2018,2,13,1,41.08,40.49,41.19,40.41,130199999.99999999,0.01,0.009832841691248762,0.7800000000000011,0.5899999999999963,41.84
2018-02-14,2018,2,14,2,41.84,40.76,41.88,40.72,162580000.0,0.0184,0.018500486854917453,1.1600000000000037,1.0800000000000054,43.25
2018-02-15,2018,2,15,3,43.25,42.45,43.27,42.25,204590000.0,0.0336,0.03369980879541101,1.0200000000000031,0.7999999999999972,43.11
2018-02-16,2018,2,16,4,43.11,43.09,43.71,42.94,160700000.0,-0.0032,-0.0032369942196531776,0.7700000000000031,0.01999999999999602,42.96
2018-02-20,2018,2,20,1,42.96,43.01,43.56,42.85,135720000.0,-0.0034000000000000002,-0.00347947112038971,0.7100000000000009,-0.04999999999999716,42.77
2018-02-21,2018,2,21,2,42.77,43.21,43.53,42.75,149890000.0,-0.0045000000000000005,-0.004422718808193671,0.7800000000000011,-0.4399999999999977,43.13
2018-02-22,2018,2,22,3,43.13,42.95,43.49,42.93,123970000.0,0.0084,0.00841711480009355,0.5600000000000023,0.17999999999999972,43.88
2018-02-23,2018,2,23,4,43.88,43.42,43.91,43.38,135250000.0,0.0174,0.017389288198469632,0.529999999999994,0.46000000000000085,44.74
2018-02-26,2018,2,26,0,44.74,44.09,44.85,44.05,152650000.0,0.019799999999999998,0.019598906107566094,0.8000000000000043,0.6499999999999986,44.6
2018-02-27,2018,2,27,1,44.6,44.78,45.12,44.54,155710000.0,-0.0032,-0.003129190880643784,0.5799999999999983,-0.17999999999999972,44.53
2018-02-28,2018,2,28,2,44.53,44.81,45.15,44.51,151130000.0,-0.0015,-0.0015695067264573925,0.6400000000000006,-0.28000000000000114,43.75
2018-03-01,2018,3,1,3,43.75,44.63,44.94,43.17,195210000.0,-0.0175,-0.017516281158769353,1.769999999999996,-0.8800000000000026,44.05
2018-03-02,2018,3,2,4,44.05,43.2,44.08,43.11,153820000.0,0.0069,0.006857142857142895,0.9699999999999989,0.8499999999999943,44.21
2018-03-05,2018,3,5,0,44.21,43.8,44.44,43.63,113610000.0,0.0034999999999999996,0.003632236095346242,0.8099999999999952,0.4100000000000037,44.17
2018-03-06,2018,3,6,1,44.17,44.48,44.56,44.03,95150000.0,-0.0008,-0.0009047726758651953,0.5300000000000011,-0.30999999999999517,43.76
2018-03-07,2018,3,7,2,43.76,43.74,43.96,43.57,126810000.0,-0.009300000000000001,-0.009282318315598892,0.39000000000000057,0.01999999999999602,44.24
2018-03-08,2018,3,8,3,44.24,43.87,44.28,43.77,95100000.0,0.0109,0.010968921389396868,0.509999999999998,0.37000000000000455,44.99
2018-03-09,2018,3,9,4,44.99,44.49,45.0,44.35,128740000.00000001,0.0172,0.01695298372513565,0.6499999999999986,0.5,45.43
2018-03-12,2018,3,12,0,45.43,45.07,45.6,45.05,128830000.00000001,0.0097,0.009779951100244544,0.5500000000000043,0.35999999999999943,44.99
2018-03-13,2018,3,13,1,44.99,45.65,45.88,44.81,126770000.0,-0.0096,-0.009685230024213065,1.0700000000000003,-0.6599999999999966,44.61
2018-03-14,2018,3,14,2,44.61,45.08,45.13,44.45,117470000.0,-0.0085,-0.008446321404756651,0.6799999999999997,-0.46999999999999886,44.66
2018-03-15,2018,3,15,3,44.66,44.63,45.06,44.52,90980000.0,0.0012,0.00112082492714638,0.5399999999999991,0.02999999999999403,44.51
2018-03-16,2018,3,16,4,44.51,44.66,44.78,44.4,157620000.0,-0.0034999999999999996,-0.0033587102552619097,0.38000000000000256,-0.14999999999999858,43.83
2018-03-19,2018,3,19,0,43.83,44.33,44.37,43.42,133789999.99999999,-0.015300000000000001,-0.015277465738036344,0.9499999999999957,-0.5,43.81
2018-03-20,2018,3,20,1,43.81,43.81,44.2,43.74,78600000.0,-0.0003,-0.0004563084645219373,0.46000000000000085,0.0,42.82
2018-03-21,2018,3,21,2,42.82,43.76,43.77,42.81,148220000.0,-0.0227,-0.022597580461081956,0.9600000000000009,-0.9399999999999977,42.21
2018-03-22,2018,3,22,3,42.21,42.5,43.17,42.15,165960000.0,-0.0141,-0.014245679588977045,1.0200000000000031,-0.28999999999999915,41.24
2018-03-23,2018,3,23,4,41.24,42.1,42.48,41.24,164120000.0,-0.0232,-0.02298033641317221,1.2399999999999949,-0.8599999999999994,43.19
2018-03-26,2018,3,26,0,43.19,42.02,43.28,41.61,150160000.0,0.0475,0.04728419010669249,1.6700000000000017,1.1699999999999946,42.08
2018-03-27,2018,3,27,1,42.08,43.42,43.79,41.73,163690000.0,-0.0256,-0.025700393609631833,2.0600000000000023,-1.3400000000000034,41.62
2018-03-28,2018,3,28,2,41.62,41.81,42.51,41.3,166670000.0,-0.011000000000000001,-0.01093155893536124,1.2100000000000009,-0.19000000000000483,41.94
2018-03-29,2018,3,29,3,41.94,41.95,42.94,41.72,153590000.0,0.0078000000000000005,0.007688611244593968,1.2199999999999989,-0.010000000000005116,41.67
2018-04-02,2018,4,2,0,41.67,41.97,42.24,41.12,150350000.0,-0.0066,-0.006437768240343256,1.1200000000000045,-0.29999999999999716,42.1
2018-04-03,2018,4,3,1,42.1,41.91,42.19,41.22,121110000.0,0.0103,0.010319174466042691,0.9699999999999989,0.19000000000000483,42.9
2018-04-04,2018,4,4,2,42.9,41.22,43.0,41.19,138420000.0,0.0191,0.019002375296911955,1.8100000000000023,1.6799999999999997,43.2
2018-04-05,2018,4,5,3,43.2,43.15,43.56,43.02,107730000.0,0.0069,0.006993006993007089,0.5399999999999991,0.05000000000000426,42.1
2018-04-06,2018,4,6,4,42.1,42.74,43.12,42.05,140020000.0,-0.0256,-0.02546296296296302,1.0700000000000003,-0.6400000000000006,42.51
2018-04-09,2018,4,9,0,42.51,42.47,43.27,42.46,116070000.0,0.009899999999999999,0.009738717339667469,0.8100000000000023,0.03999999999999915,43.31
2018-04-10,2018,4,10,1,43.31,43.25,43.5,42.88,114460000.0,0.018799999999999997,0.018819101387908876,0.6199999999999974,0.060000000000002274,43.11
2018-04-11,2018,4,11,2,43.11,43.06,43.48,42.92,89730000.0,-0.004699999999999999,-0.004617871161394671,0.5599999999999952,0.04999999999999716,43.53
2018-04-12,2018,4,12,3,43.53,43.35,43.75,43.26,91560000.0,0.009899999999999999,0.009742519137091232,0.490000000000002,0.17999999999999972,43.68
2018-04-13,2018,4,13,4,43.68,43.69,43.96,43.46,100500000.0,0.0034000000000000002,0.00344589937973816,0.5,-0.00999999999999801,43.96
2018-04-16,2018,4,16,0,43.96,43.76,44.05,43.71,86310000.0,0.0062,0.0064102564102563875,0.3399999999999963,0.20000000000000284,44.56
2018-04-17,2018,4,17,1,44.56,44.12,44.73,44.1,106420000.0,0.0138,0.01364877161055511,0.6299999999999955,0.44000000000000483,44.46
2018-04-18,2018,4,18,2,44.46,44.45,44.71,44.22,83020000.0,-0.0022,-0.002244165170556589,0.490000000000002,0.00999999999999801,43.2
2018-04-19,2018,4,19,3,43.2,43.74,43.85,43.17,139240000.0,-0.028300000000000002,-0.028340080971659853,0.6799999999999997,-0.5399999999999991,41.43
2018-04-20,2018,4,20,4,41.43,42.65,42.8,41.36,261959999.99999997,-0.040999999999999995,-0.0409722222222223,1.4399999999999977,-1.2199999999999989,41.31
2018-04-23,2018,4,23,0,41.31,41.71,41.73,41.02,146060000.0,-0.0029,-0.002896451846488013,0.7099999999999937,-0.3999999999999986,40.74
2018-04-24,2018,4,24,1,40.74,41.42,41.58,40.31,134770000.0,-0.0139,-0.013798111837327487,1.269999999999996,-0.6799999999999997,40.91
2018-04-25,2018,4,25,2,40.91,40.65,41.35,40.6,113530000.0,0.0044,0.00417280314187507,0.75,0.259999999999998,41.06
2018-04-26,2018,4,26,3,41.06,41.03,41.43,40.84,111850000.0,0.0034999999999999996,0.0036665851869959187,0.5899999999999963,0.030000000000001137,40.58
2018-04-27,2018,4,27,4,40.58,41.0,41.08,40.16,142620000.0,-0.0116,-0.011690209449586098,0.9200000000000017,-0.4200000000000017,41.31
2018-04-30,2018,4,30,0,41.31,40.53,41.81,40.46,169710000.0,0.0181,0.017989157220305696,1.3500000000000014,0.7800000000000011,42.28
2018-05-01,2018,5,1,1,42.28,41.6,42.3,41.32,214280000.0,0.0232,0.023480997337206544,0.9799999999999969,0.6799999999999997,44.14
2018-05-02,2018,5,2,2,44.14,43.81,44.44,43.45,266160000.00000003,0.044199999999999996,0.043992431409650035,0.9899999999999949,0.3299999999999983,44.22
2018-05-03,2018,5,3,3,44.22,43.97,44.38,43.61,136270000.0,0.0018,0.001812415043044746,0.7700000000000031,0.25,45.96
2018-05-04,2018,5,4,4,45.96,44.56,46.06,44.54,224810000.0,0.0392,0.03934871099050219,1.5200000000000031,1.3999999999999986,46.29
2018-05-07,2018,5,7,0,46.29,46.29,46.92,46.19,169810000.0,0.0072,0.007180156657963455,0.730000000000004,0.0,46.51
2018-05-08,2018,5,8,1,46.51,46.25,46.56,45.92,113610000.0,0.0048,0.004752646359905022,0.6400000000000006,0.259999999999998,46.84
2018-05-09,2018,5,9,2,46.84,46.64,46.85,46.31,92840000.0,0.006999999999999999,0.007095248333691906,0.5399999999999991,0.20000000000000284,47.51
2018-05-10,2018,5,10,3,47.51,46.94,47.59,46.91,111960000.0,0.0143,0.014304013663535287,0.6800000000000068,0.5700000000000003,47.15
2018-05-11,2018,5,11,4,47.15,47.37,47.51,46.86,104850000.0,-0.0076,-0.0075773521363923235,0.6499999999999986,-0.21999999999999886,47.04
2018-05-14,2018,5,14,0,47.04,47.25,47.38,46.97,83120000.0,-0.0023,-0.0023329798515376865,0.4100000000000037,-0.21000000000000085,46.61
2018-05-15,2018,5,15,1,46.61,46.69,46.77,46.28,94780000.0,-0.0091,-0.009141156462585065,0.490000000000002,-0.0799999999999983,47.04
2018-05-16,2018,5,16,2,47.04,46.52,47.12,46.5,76730000.0,0.009300000000000001,0.009225488092683864,0.6199999999999974,0.519999999999996,46.75
2018-05-17,2018,5,17,3,46.75,47.0,47.23,46.59,69180000.0,-0.0063,-0.006164965986394488,0.6399999999999935,-0.25,46.58
2018-05-18,2018,5,18,4,46.58,46.8,46.95,46.53,73190000.0,-0.0036,-0.0036363636363636598,0.4200000000000017,-0.21999999999999886,46.91
2018-05-21,2018,5,21,0,46.91,47.0,47.32,46.73,73600000.0,0.0070999999999999995,0.0070845856590811,0.5900000000000034,-0.09000000000000341,46.79
2018-05-22,2018,5,22,1,46.79,47.09,47.22,46.69,60960000.0,-0.0025,-0.002558089959496801,0.5300000000000011,-0.30000000000000426,47.09
2018-05-23,2018,5,23,2,47.09,46.59,47.13,46.44,80230000.0,0.0064,0.006411626415900873,0.6900000000000048,0.5,47.04
2018-05-24,2018,5,24,3,47.04,47.19,47.21,46.55,92940000.0,-0.0011,-0.0010617965597792267,0.6600000000000037,-0.14999999999999858,47.15
2018-05-25,2018,5,25,4,47.15,47.06,47.41,46.91,69840000.0,0.0023,0.0023384353741495723,0.5,0.0899999999999963,46.97
2018-05-29,2018,5,29,1,46.97,46.9,47.19,46.72,90060000.0,-0.0036,-0.003817603393425184,0.46999999999999886,0.07000000000000028,46.88
2018-05-30,2018,5,30,2,46.88,46.93,47.0,46.69,74760000.0,-0.0021,-0.0019161166702149623,0.3100000000000023,-0.04999999999999716,46.72
2018-05-31,2018,5,31,3,46.72,46.81,47.06,46.53,109930000.0,-0.0034000000000000002,-0.0034129692832765013,0.5300000000000011,-0.09000000000000341,47.56
2018-06-01,2018,6,1,4,47.56,47.0,47.56,46.94,93770000.0,0.018000000000000002,0.017979452054794676,0.6200000000000045,0.5600000000000023,47.96
2018-06-04,2018,6,4,0,47.96,47.91,48.35,47.84,105060000.0,0.0084,0.008410428931875602,0.509999999999998,0.05000000000000426,48.33
2018-06-05,2018,6,5,1,48.33,48.27,48.49,48.09,86260000.0,0.0077,0.007714762301918254,0.3999999999999986,0.05999999999999517,48.49
2018-06-06,2018,6,6,2,48.49,48.41,48.52,47.98,83730000.0,0.0034999999999999996,0.003310573142975448,0.5400000000000063,0.0800000000000054,48.37
2018-06-07,2018,6,7,3,48.37,48.53,48.55,48.08,85390000.0,-0.0027,-0.0024747370591875484,0.46999999999999886,-0.1600000000000037,47.92
2018-06-08,2018,6,8,4,47.92,47.79,48.0,47.44,106630000.0,-0.0091,-0.00930328716146367,0.5600000000000023,0.13000000000000256,47.81
2018-06-11,2018,6,11,0,47.81,47.84,47.99,47.55,73230000.0,-0.0025,-0.002295492487479067,0.44000000000000483,-0.030000000000001137,48.07
2018-06-12,2018,6,12,1,48.07,47.85,48.15,47.79,67640000.0,0.0055000000000000005,0.005438192846684675,0.35999999999999943,0.21999999999999886,47.67
2018-06-13,2018,6,13,2,47.67,48.1,48.22,47.61,86550000.0,-0.008199999999999999,-0.00832119825254829,0.6099999999999994,-0.4299999999999997,47.7
2018-06-14,2018,6,14,3,47.7,47.89,47.89,47.56,86440000.0,0.0005,0.0006293266205161796,0.3299999999999983,-0.18999999999999773,47.21
2018-06-15,2018,6,15,4,47.21,47.51,47.54,47.06,246880000.0,-0.0103,-0.010272536687631062,0.4799999999999969,-0.29999999999999716,47.19
2018-06-18,2018,6,18,0,47.19,46.97,47.31,46.8,73940000.0,-0.0005,-0.0004236390595213635,0.5100000000000051,0.21999999999999886,46.42
2018-06-19,2018,6,19,1,46.42,46.28,46.58,45.86,134310000.0,-0.016200000000000003,-0.01631701631701621,0.7199999999999989,0.14000000000000057,46.63
2018-06-20,2018,6,20,2,46.63,46.59,46.8,46.43,82510000.0,0.0044,0.004523912106850547,0.36999999999999744,0.03999999999999915,46.37
2018-06-21,2018,6,21,3,46.37,46.81,47.09,46.24,102850000.0,-0.005600000000000001,-0.005575809564658085,0.8500000000000014,-0.44000000000000483,46.23
2018-06-22,2018,6,22,4,46.23,46.53,46.54,46.17,108800000.0,-0.0029,-0.003019193444037116,0.36999999999999744,-0.30000000000000426,45.54
2018-06-25,2018,6,25,0,45.54,45.85,46.23,45.18,126650000.0,-0.0149,-0.01492537313432829,1.0499999999999972,-0.3100000000000023,46.11
2018-06-26,2018,6,26,1,46.11,45.75,46.63,45.63,98280000.0,0.0124,0.012516469038208244,1.0,0.35999999999999943,46.04
2018-06-27,2018,6,27,2,46.04,46.31,46.82,46.01,101140000.0,-0.0015,-0.0015181088700932932,0.8100000000000023,-0.2700000000000031,46.38
2018-06-28,2018,6,28,3,46.38,46.03,46.55,45.95,69460000.0,0.0073,0.00738488271068638,0.5999999999999943,0.3500000000000014,46.28
2018-06-29,2018,6,29,4,46.28,46.57,46.8,45.73,90950000.0,-0.0021,-0.0021561017680035155,1.0700000000000003,-0.28999999999999915,46.79
2018-07-02,2018,7,2,0,46.79,45.96,46.83,45.85,70930000.0,0.011200000000000002,0.011019878997406973,0.9799999999999969,0.8299999999999983,45.98
2018-07-03,2018,7,3,1,45.98,46.95,46.99,45.88,55820000.0,-0.0174,-0.017311391322932246,1.1099999999999994,-0.970000000000006,46.35
2018-07-05,2018,7,5,3,46.35,46.31,46.6,46.07,66420000.0,0.008,0.008046976946498585,0.5300000000000011,0.03999999999999915,46.99
2018-07-06,2018,7,6,4,46.99,46.35,47.11,46.3,69940000.0,0.0139,0.013807982740021485,0.8100000000000023,0.6400000000000006,47.65
2018-07-09,2018,7,9,0,47.65,47.38,47.67,47.33,79030000.0,0.0139,0.01404554160459659,0.3400000000000034,0.269999999999996,47.59
2018-07-10,2018,7,10,1,47.59,47.68,47.82,47.55,63760000.0,-0.0012,-0.0012591815320041055,0.2700000000000031,-0.0899999999999963,46.97
2018-07-11,2018,7,11,2,46.97,47.13,47.44,46.9,75330000.0,-0.013000000000000001,-0.013027947047699162,0.5399999999999991,-0.1600000000000037,47.76
2018-07-12,2018,7,12,3,47.76,47.38,47.85,47.33,72160000.0,0.0168,0.016819246327443027,0.5200000000000031,0.37999999999999545,47.83
2018-07-13,2018,7,13,4,47.83,47.77,47.96,47.72,50080000.0,0.0016,0.0014656616415409385,0.240000000000002,0.05999999999999517,47.73
2018-07-16,2018,7,16,0,47.73,47.88,48.16,47.6,60170000.0,-0.0022,-0.0020907380305248413,0.5599999999999952,-0.15000000000000568,47.86
2018-07-17,2018,7,17,1,47.86,47.44,47.97,47.3,62140000.0,0.0028000000000000004,0.002723653886444577,0.6700000000000017,0.4200000000000017,47.6
2018-07-18,2018,7,18,2,47.6,47.94,47.95,47.48,65569999.99999999,-0.0055000000000000005,-0.0054325114918512,0.47000000000000597,-0.3399999999999963,47.97
2018-07-19,2018,7,19,3,47.97,47.42,48.14,47.42,81150000.0,0.0078000000000000005,0.007773109243697451,0.7199999999999989,0.5499999999999972,47.86
2018-07-20,2018,7,20,4,47.86,47.94,48.11,47.54,82820000.0,-0.0023,-0.002293099854075442,0.5700000000000003,-0.0799999999999983,47.9
2018-07-23,2018,7,23,0,47.9,47.67,47.99,47.39,63960000.0,0.0009,0.0008357709987463213,0.6000000000000014,0.22999999999999687,48.25
2018-07-24,2018,7,24,1,48.25,48.11,48.42,48.01,74790000.0,0.0073,0.007306889352818313,0.4100000000000037,0.14000000000000057,48.71
2018-07-25,2018,7,25,2,48.71,48.27,48.71,48.11,67310000.0,0.009399999999999999,0.009533678756476593,0.6000000000000014,0.4399999999999977,48.55
2018-07-26,2018,7,26,3,48.55,48.65,48.99,48.4,76300000.0,-0.0031,-0.003284746458632748,0.5900000000000034,-0.10000000000000142,47.74
2018-07-27,2018,7,27,4,47.74,48.75,48.8,47.53,96100000.0,-0.0166,-0.016683831101956592,1.269999999999996,-1.009999999999998,47.48
2018-07-30,2018,7,30,0,47.48,47.97,48.05,47.27,84120000.0,-0.005600000000000001,-0.005446166736489455,0.779999999999994,-0.490000000000002,47.57
2018-07-31,2018,7,31,1,47.57,47.58,48.03,47.33,157490000.0,0.002,0.0018955349620892736,0.7000000000000028,-0.00999999999999801,50.38
2018-08-01,2018,8,1,2,50.38,49.78,50.44,49.33,271740000.0,0.058899999999999994,0.059070842968257375,1.1099999999999994,0.6000000000000014,51.85
2018-08-02,2018,8,2,3,51.85,50.15,52.1,50.09,249620000.0,0.0292,0.029178245335450548,2.009999999999998,1.7000000000000028,52.0
2018-08-03,2018,8,3,4,52.0,51.76,52.19,51.37,133789999.99999999,0.0029,0.0028929604628735728,0.8200000000000003,0.240000000000002,52.27
2018-08-06,2018,8,6,0,52.27,52.0,52.31,51.77,101700000.0,0.0052,0.005192307692307718,0.5399999999999991,0.2700000000000031,51.78
2018-08-07,2018,8,7,1,51.78,52.33,52.38,51.69,102350000.0,-0.009399999999999999,-0.009374402142720561,0.6900000000000048,-0.5499999999999972,51.81
2018-08-08,2018,8,8,2,51.81,51.51,51.95,51.13,90100000.0,0.0007000000000000001,0.0005793742757822518,0.8200000000000003,0.30000000000000426,52.22
2018-08-09,2018,8,9,3,52.22,51.82,52.44,51.8,93970000.0,0.0079,0.007913530206523856,0.6400000000000006,0.3999999999999986,51.88
2018-08-10,2018,8,10,4,51.88,51.84,52.28,51.67,98440000.0,-0.006500000000000001,-0.006510915358100222,0.6099999999999994,0.03999999999999915,52.22
2018-08-13,2018,8,13,0,52.22,51.92,52.74,51.92,103560000.0,0.006500000000000001,0.0065535851966074254,0.8200000000000003,0.29999999999999716,52.44
2018-08-14,2018,8,14,1,52.44,52.54,52.64,52.06,82990000.0,0.0042,0.004212945231711895,0.5799999999999983,-0.10000000000000142,52.56
2018-08-15,2018,8,15,2,52.56,52.31,52.69,52.08,115230000.0,0.0023,0.0022883295194509046,0.6099999999999994,0.25,53.33
2018-08-16,2018,8,16,3,53.33,52.94,53.45,52.87,114000000.0,0.0146,0.014649923896499217,0.5800000000000054,0.39000000000000057,54.4
2018-08-17,2018,8,17,4,54.4,53.36,54.49,53.29,141710000.0,0.02,0.02006375398462401,1.2000000000000028,1.0399999999999991,53.87
2018-08-20,2018,8,20,0,53.87,54.53,54.79,53.78,121150000.0,-0.0097,-0.00974264705882355,1.009999999999998,-0.6600000000000037,53.76
2018-08-21,2018,8,21,1,53.76,54.2,54.3,53.51,104640000.0,-0.0019,-0.002041952849452411,0.7899999999999991,-0.44000000000000483,53.76
2018-08-22,2018,8,22,2,53.76,53.53,54.09,53.46,76070000.0,0.0,0.0,0.6300000000000026,0.22999999999999687,53.87
2018-08-23,2018,8,23,3,53.87,53.66,54.26,53.65,75530000.0,0.002,0.0020461309523809312,0.6099999999999994,0.21000000000000085,54.04
2018-08-24,2018,8,24,4,54.04,54.15,54.22,53.78,73910000.0,0.0031,0.0031557453127901702,0.4399999999999977,-0.10999999999999943,54.49
2018-08-27,2018,8,27,0,54.49,54.29,54.69,54.08,82100000.0,0.008199999999999999,0.00832716506291642,0.6099999999999994,0.20000000000000284,54.92
2018-08-28,2018,8,28,1,54.92,54.75,55.13,54.73,91110000.0,0.008100000000000001,0.007891356212148981,0.4000000000000057,0.1700000000000017,55.74
2018-08-29,2018,8,29,2,55.74,55.04,55.87,54.85,109020000.0,0.0149,0.014930808448652577,1.019999999999996,0.7000000000000028,56.26
2018-08-30,2018,8,30,3,56.26,55.81,57.06,55.6,195180000.0,0.0092,0.009329027628274034,1.4600000000000009,0.44999999999999574,56.91
2018-08-31,2018,8,31,4,56.91,56.63,57.22,56.5,173360000.0,0.0116,0.011553501599715688,0.7199999999999989,0.27999999999999403,57.09
2018-09-04,2018,9,4,1,57.09,57.1,57.29,56.66,109560000.0,0.0032,0.003162888771744976,0.6300000000000026,-0.00999999999999801,56.72
2018-09-05,2018,9,5,2,56.72,57.25,57.42,56.28,133330000.00000001,-0.006500000000000001,-0.006480994920301408,1.1400000000000006,-0.5300000000000011,55.78
2018-09-06,2018,9,6,3,55.78,56.56,56.84,55.33,137160000.0,-0.0166,-0.016572637517630384,1.5100000000000051,-0.7800000000000011,55.33
2018-09-07,2018,9,7,4,55.33,55.46,56.34,55.18,150480000.0,-0.008100000000000001,-0.008067407673001181,1.1600000000000037,-0.13000000000000256,54.58
2018-09-10,2018,9,10,0,54.58,55.24,55.46,54.12,158070000.0,-0.0134,-0.013555033435749153,1.3400000000000034,-0.6600000000000037,55.96
2018-09-11,2018,9,11,1,55.96,54.5,56.07,54.14,143000000.0,0.0253,0.025283986808354753,1.9299999999999997,1.4600000000000009,55.27
2018-09-12,2018,9,12,2,55.27,56.24,56.25,54.96,197110000.0,-0.0124,-0.012330235882773377,1.2899999999999991,-0.9699999999999989,56.6
2018-09-13,2018,9,13,3,56.6,55.88,57.09,55.64,166830000.0,0.0242,0.024063687352994467,1.4500000000000028,0.7199999999999989,55.96
2018-09-14,2018,9,14,4,55.96,56.44,56.71,55.63,128000000.0,-0.011399999999999999,-0.011307420494699683,1.0799999999999983,-0.4799999999999969,54.47
2018-09-17,2018,9,17,0,54.47,55.54,55.74,54.32,148780000.0,-0.026600000000000002,-0.026626161543960025,1.4200000000000017,-1.0700000000000003,54.56
2018-09-18,2018,9,18,1,54.56,54.45,55.46,54.28,126290000.0,0.0017000000000000001,0.0016522856618321757,1.1799999999999997,0.10999999999999943,54.59
2018-09-19,2018,9,19,2,54.59,54.63,54.9,53.83,108500000.0,0.0006,0.0005498533724339616,1.0700000000000003,-0.03999999999999915,55.01
2018-09-20,2018,9,20,3,55.01,55.06,55.57,54.79,106440000.0,0.0076,0.00769371679794828,0.7800000000000011,-0.05000000000000426,54.42
2018-09-21,2018,9,21,4,54.42,55.19,55.34,54.32,384990000.0,-0.0108,-0.010725322668605597,1.0200000000000031,-0.769999999999996,55.2
2018-09-24,2018,9,24,0,55.2,54.21,55.31,54.16,110770000.0,0.0144,0.01433296582138932,1.1500000000000057,0.990000000000002,55.55
2018-09-25,2018,9,25,1,55.55,54.94,55.71,54.92,98220000.0,0.0063,0.006340579710144789,0.7899999999999991,0.6099999999999994,55.1
2018-09-26,2018,9,26,2,55.1,55.25,55.94,54.94,95940000.0,-0.008,-0.008100810081008047,1.0,-0.14999999999999858,56.24
2018-09-27,2018,9,27,3,56.24,55.96,56.61,55.88,120720000.0,0.0206,0.020689655172413834,0.7299999999999969,0.28000000000000114,56.44
2018-09-28,2018,9,28,4,56.44,56.2,56.46,56.01,91720000.0,0.0034999999999999996,0.0035561877667140696,0.45000000000000284,0.23999999999999488,56.81
2018-10-01,2018,10,1,0,56.81,56.99,57.35,56.59,94400000.0,0.0067,0.006555634301913527,0.759999999999998,-0.17999999999999972,57.32
2018-10-02,2018,10,2,1,57.32,56.81,57.5,56.66,99150000.0,0.0089,0.00897729273015302,0.8400000000000034,0.509999999999998,58.02
2018-10-03,2018,10,3,2,58.02,57.51,58.37,57.44,114620000.0,0.012199999999999999,0.01221214235868806,0.9299999999999997,0.5100000000000051,57.0
2018-10-04,2018,10,4,3,57.0,57.69,58.09,56.68,128169999.99999999,-0.0176,-0.0175801447776629,1.4100000000000037,-0.6899999999999977,56.07
2018-10-05,2018,10,5,4,56.07,56.99,57.1,55.15,134320000.0,-0.016200000000000003,-0.016315789473684172,1.9500000000000028,-0.9200000000000017,55.94
2018-10-08,2018,10,8,0,55.94,55.55,56.2,55.05,118660000.0,-0.0023,-0.002318530408418118,1.1500000000000057,0.39000000000000057,56.72
2018-10-09,2018,10,9,1,56.72,55.91,56.82,55.56,107560000.0,0.0139,0.01394351090454049,1.259999999999998,0.8100000000000023,54.09
2018-10-10,2018,10,10,2,54.09,56.37,56.59,54.01,167960000.0,-0.0463,-0.046368124118476683,2.5800000000000054,-2.279999999999994,53.61
2018-10-11,2018,10,11,3,53.61,53.63,54.88,53.08,212500000.0,-0.0088,-0.008874098724348412,1.8000000000000043,-0.020000000000003126,55.53
2018-10-12,2018,10,12,4,55.53,55.1,55.72,54.21,161350000.0,0.035699999999999996,0.0358142137660884,1.509999999999998,0.4299999999999997,54.34
2018-10-15,2018,10,15,0,54.34,55.29,55.46,54.32,123160000.0,-0.021400000000000002,-0.021429857734557856,1.1400000000000006,-0.9499999999999957,55.54
2018-10-16,2018,10,16,1,55.54,54.73,55.75,54.19,116740000.0,0.022000000000000002,0.022083179977916645,1.5600000000000023,0.8100000000000023,55.3
2018-10-17,2018,10,17,2,55.3,55.58,55.66,54.83,91540000.0,-0.0043,-0.004321209938782933,0.8299999999999983,-0.28000000000000114,54.01
2018-10-18,2018,10,18,3,54.01,54.47,54.94,53.25,130330000.00000001,-0.023399999999999997,-0.023327305605786552,1.6899999999999977,-0.46000000000000085,54.83
2018-10-19,2018,10,19,4,54.83,54.51,55.31,54.36,132310000.0,0.0152,0.015182373634512025,0.9500000000000028,0.3200000000000003,55.16
2018-10-22,2018,10,22,0,55.16,54.95,55.84,54.74,115170000.0,0.0060999999999999995,0.0060186029545867825,1.1000000000000014,0.20999999999999375,55.68
2018-10-23,2018,10,23,1,55.68,53.96,55.81,53.67,155070000.0,0.009399999999999999,0.009427121102248082,2.1400000000000006,1.7199999999999989,53.77
2018-10-24,2018,10,24,2,53.77,55.65,56.06,53.63,163700000.0,-0.034300000000000004,-0.03430316091954022,2.4299999999999997,-1.8799999999999955,54.95
2018-10-25,2018,10,25,3,54.95,54.43,55.35,54.19,119420000.0,0.0219,0.021945322670634093,1.1600000000000037,0.5200000000000031,54.08
2018-10-26,2018,10,26,4,54.08,53.97,55.05,53.17,189030000.0,-0.0159,-0.01583257506824398,1.8799999999999955,0.10999999999999943,53.06
2018-10-29,2018,10,29,0,53.06,54.8,54.92,51.52,183740000.0,-0.018799999999999997,-0.018860946745562046,3.3999999999999986,-1.7399999999999949,53.33
2018-10-30,2018,10,30,1,53.33,52.79,53.79,52.32,146640000.0,0.005,0.005088578967206825,1.4699999999999989,0.5399999999999991,54.72
2018-10-31,2018,10,31,2,54.72,54.22,55.11,54.15,153440000.0,0.026099999999999998,0.026064129008062986,0.9600000000000009,0.5,55.56
2018-11-01,2018,11,1,3,55.56,54.76,55.59,54.2,233290000.0,0.0154,0.015350877192982448,1.3900000000000006,0.8000000000000043,51.87
2018-11-02,2018,11,2,4,51.87,52.39,53.41,51.36,365310000.0,-0.0663,-0.06641468682505403,2.049999999999997,-0.5200000000000031,50.4
2018-11-05,2018,11,5,0,50.4,51.08,51.1,49.54,264649999.99999997,-0.028399999999999998,-0.028340080971659853,1.5600000000000023,-0.6799999999999997,50.94
2018-11-06,2018,11,6,1,50.94,50.48,51.18,50.42,127530000.0,0.0108,0.010714285714285676,0.759999999999998,0.46000000000000085,52.49
2018-11-07,2018,11,7,2,52.49,51.49,52.51,51.03,133699999.99999999,0.030299999999999997,0.03042795445622315,1.4799999999999969,1.0,52.12
2018-11-08,2018,11,8,3,52.12,52.49,52.53,51.69,101450000.0,-0.006999999999999999,-0.007048961706991874,0.8400000000000034,-0.37000000000000455,51.12
2018-11-09,2018,11,9,4,51.12,51.39,51.5,50.56,137460000.0,-0.019299999999999998,-0.019186492709132752,0.9399999999999977,-0.2700000000000031,48.54
2018-11-12,2018,11,12,0,48.54,49.75,49.96,48.45,204540000.0,-0.0504,-0.050469483568075124,1.509999999999998,-1.2100000000000009,48.06
2018-11-13,2018,11,13,1,48.06,47.91,49.29,47.86,187530000.0,-0.01,-0.009888751545117369,1.4299999999999997,0.15000000000000568,46.7
2018-11-14,2018,11,14,2,46.7,48.47,48.62,46.48,243200000.0,-0.0282,-0.028297960882230577,2.1400000000000006,-1.769999999999996,47.85
2018-11-15,2018,11,15,3,47.85,47.1,47.99,46.72,185920000.0,0.024700000000000003,0.024625267665952855,1.2700000000000031,0.75,48.38
2018-11-16,2018,11,16,4,48.38,47.63,48.74,47.37,147710000.0,0.0111,0.011076280041797393,1.3700000000000045,0.75,46.47
2018-11-19,2018,11,19,0,46.47,47.5,47.67,46.25,167680000.0,-0.039599999999999996,-0.03947912360479544,1.4200000000000017,-1.0300000000000011,44.24
2018-11-20,2018,11,20,1,44.24,44.59,45.37,43.88,271300000.0,-0.0478,-0.047987949214546965,1.4899999999999949,-0.3500000000000014,44.19
2018-11-21,2018,11,21,2,44.19,44.93,45.07,44.14,124500000.0,-0.0011,-0.0011301989150090952,0.9299999999999997,-0.740000000000002,43.07
2018-11-23,2018,11,23,4,43.07,43.74,44.15,43.03,94500000.0,-0.0254,-0.025345100701516077,1.1199999999999974,-0.6700000000000017,43.65
2018-11-26,2018,11,26,0,43.65,43.56,43.74,42.56,179990000.0,0.013500000000000002,0.013466449965172878,1.1799999999999997,0.0899999999999963,43.56
2018-11-27,2018,11,27,1,43.56,42.88,43.69,42.72,165550000.0,-0.0022,-0.0020618556701029744,0.9699999999999989,0.6799999999999997,45.24
2018-11-28,2018,11,28,2,45.24,44.18,45.32,43.73,184250000.0,0.0385,0.038567493112947604,1.5900000000000034,1.0600000000000023,44.89
2018-11-29,2018,11,29,3,44.89,45.67,45.7,44.42,167080000.0,-0.0077,-0.007736516357206069,1.2800000000000011,-0.7800000000000011,44.65
2018-11-30,2018,11,30,4,44.65,45.07,45.08,44.26,158130000.0,-0.0054,-0.005346402316774412,0.8200000000000003,-0.4200000000000017,46.21
2018-12-03,2018,12,3,0,46.21,46.12,46.24,45.3,163190000.0,0.0349,0.034938409854423425,0.9400000000000048,0.09000000000000341,44.17
2018-12-04,2018,12,4,1,44.17,45.24,45.6,44.07,165380000.0,-0.044000000000000004,-0.04414628868210346,1.5300000000000011,-1.0700000000000003,43.68
2018-12-06,2018,12,6,3,43.68,42.94,43.69,42.6,172390000.0,-0.0111,-0.011093502377179099,1.0899999999999963,0.740000000000002,42.12
2018-12-07,2018,12,7,4,42.12,43.37,43.62,42.08,169130000.0,-0.035699999999999996,-0.03571428571428581,1.5399999999999991,-1.25,42.4
2018-12-10,2018,12,10,0,42.4,41.25,42.52,40.83,248100000.0,0.0066,0.006647673314339908,1.6900000000000048,1.1499999999999986,42.16
2018-12-11,2018,12,11,1,42.16,42.92,42.95,41.75,189130000.0,-0.005699999999999999,-0.005660377358490565,1.2000000000000028,-0.7600000000000051,42.28
2018-12-12,2018,12,12,2,42.28,42.6,42.98,42.26,142510000.0,0.0028000000000000004,0.002846299810246755,0.7199999999999989,-0.3200000000000003,42.74
2018-12-13,2018,12,13,3,42.74,42.62,43.14,42.39,127590000.0,0.0109,0.010879848628192912,0.75,0.12000000000000455,41.37
2018-12-14,2018,12,14,4,41.37,42.25,42.27,41.32,162810000.0,-0.032,-0.032054281703322474,0.9500000000000028,-0.8800000000000026,40.99
2018-12-17,2018,12,17,0,40.99,41.36,42.09,40.68,177150000.0,-0.009300000000000001,-0.009185400048344117,1.4100000000000037,-0.36999999999999744,41.52
2018-12-18,2018,12,18,1,41.52,41.35,41.88,41.1,135370000.0,0.013000000000000001,0.012929982922664118,0.7800000000000011,0.1700000000000017,40.22
2018-12-19,2018,12,19,2,40.22,41.5,41.86,39.77,196190000.0,-0.031200000000000002,-0.031310211946050215,2.0899999999999963,-1.2800000000000011,39.21
2018-12-20,2018,12,20,3,39.21,40.1,40.53,38.83,259089999.99999997,-0.0252,-0.025111884634510195,1.7000000000000028,-0.8900000000000006,37.68
2018-12-21,2018,12,21,4,37.68,39.22,39.54,37.41,382980000.0,-0.038900000000000004,-0.039020657995409325,2.1300000000000026,-1.5399999999999991,36.71
2018-12-24,2018,12,24,0,36.71,37.04,37.89,36.65,148680000.0,-0.0259,-0.02574309978768574,1.240000000000002,-0.3299999999999983,39.29
2018-12-26,2018,12,26,2,39.29,37.08,39.31,36.68,234330000.0,0.0704,0.07028057749931893,2.6300000000000026,2.210000000000001,39.04
2018-12-27,2018,12,27,3,39.04,38.96,39.19,37.52,212470000.0,-0.006500000000000001,-0.006362942224484636,1.6699999999999946,0.0799999999999983,39.06
2018-12-28,2018,12,28,4,39.06,39.38,39.63,38.64,169170000.0,0.0005,0.0005122950819673733,0.990000000000002,-0.3200000000000003,39.44
2018-12-31,2018,12,31,0,39.44,39.63,39.84,39.12,140010000.0,0.0097,0.00972862263184826,0.720000000000006,-0.19000000000000483,39.48
2019-01-02,2019,1,2,2,39.48,38.72,39.71,38.56,148160000.0,0.0011,0.0010141987829614951,1.1499999999999986,0.759999999999998,35.55
2019-01-03,2019,1,3,3,35.55,35.99,36.43,35.5,365250000.0,-0.09960000000000001,-0.09954407294832823,0.9299999999999997,-0.44000000000000483,37.06
2019-01-04,2019,1,4,4,37.06,36.13,37.14,35.95,234430000.0,0.042699999999999995,0.0424753867791845,1.1899999999999977,0.9299999999999997,36.98
2019-01-07,2019,1,7,0,36.98,37.17,37.21,36.47,219110000.0,-0.0022,-0.0021586616297897265,0.740000000000002,-0.19000000000000483,37.69
2019-01-08,2019,1,8,1,37.69,37.39,37.96,37.13,164100000.0,0.0191,0.01919956733369399,0.8299999999999983,0.29999999999999716,38.33
2019-01-09,2019,1,9,2,38.33,37.82,38.63,37.41,180400000.0,0.017,0.01698063146723272,1.220000000000006,0.509999999999998,38.45
2019-01-10,2019,1,10,3,38.45,38.13,38.49,37.72,143120000.0,0.0032,0.003130707018001777,0.7700000000000031,0.3200000000000003,38.07
2019-01-11,2019,1,11,4,38.07,38.22,38.42,37.88,108090000.0,-0.0098,-0.009882964889466939,0.5399999999999991,-0.14999999999999858,37.5
2019-01-14,2019,1,14,0,37.5,37.71,37.82,37.31,129759999.99999999,-0.015,-0.014972419227738398,0.509999999999998,-0.21000000000000085,38.27
2019-01-15,2019,1,15,1,38.27,37.57,38.35,37.51,114840000.0,0.020499999999999997,0.020533333333333514,0.8400000000000034,0.7000000000000028,38.74
2019-01-16,2019,1,16,2,38.74,38.27,38.97,38.25,122280000.0,0.012199999999999999,0.01228116017768488,0.7199999999999989,0.46999999999999886,38.97
2019-01-17,2019,1,17,3,38.97,38.55,39.42,38.31,119280000.0,0.0059,0.005937016004130102,1.1099999999999994,0.4200000000000017,39.21
2019-01-18,2019,1,18,4,39.21,39.38,39.47,39.0,135000000.0,0.0062,0.00615858352578913,0.46999999999999886,-0.1700000000000017,38.33
2019-01-22,2019,1,22,1,38.33,39.1,39.18,38.15,121580000.0,-0.022400000000000003,-0.02244325427186944,1.0300000000000011,-0.7700000000000031,38.48
2019-01-23,2019,1,23,2,38.48,38.54,38.78,37.92,92520000.0,0.004,0.003913383772501833,0.8599999999999994,-0.060000000000002274,38.17
2019-01-24,2019,1,24,3,38.17,38.53,38.62,37.94,101770000.0,-0.0079,-0.008056133056132952,0.6799999999999997,-0.35999999999999943,39.44
2019-01-25,2019,1,25,4,39.44,38.87,39.53,38.58,134190000.0,0.0331,0.03327220330102154,0.9500000000000028,0.5700000000000003,39.08
2019-01-28,2019,1,28,0,39.08,38.95,39.08,38.42,104770000.0,-0.009300000000000001,-0.009127789046653123,0.6599999999999966,0.12999999999999545,38.67
2019-01-29,2019,1,29,1,38.67,39.06,39.53,38.53,166350000.0,-0.0104,-0.010491299897645745,1.0,-0.39000000000000057,41.31
2019-01-30,2019,1,30,2,41.31,40.81,41.54,40.06,244440000.0,0.0683,0.06826997672614432,1.4799999999999969,0.5,41.61
2019-01-31,2019,1,31,3,41.61,41.53,42.25,41.14,162960000.0,0.0072,0.0072621641249090985,1.1099999999999994,0.0799999999999983,41.63
2019-02-01,2019,2,1,4,41.63,41.74,42.24,41.48,130669999.99999999,0.0005,0.0004806536890171742,0.7600000000000051,-0.10999999999999943,42.81
2019-02-04,2019,2,4,0,42.81,41.85,42.91,41.82,125980000.0,0.028399999999999998,0.028344943550324242,1.0899999999999963,0.9600000000000009,43.54
2019-02-05,2019,2,5,1,43.54,43.22,43.77,43.09,144410000.0,0.0171,0.017052090633029593,0.6799999999999997,0.3200000000000003,43.56
2019-02-06,2019,2,6,2,43.56,43.66,43.89,43.21,112960000.0,0.0003,0.0004593477262289092,0.6799999999999997,-0.09999999999999432,42.74
2019-02-07,2019,2,7,3,42.74,43.1,43.49,42.58,126970000.0,-0.0189,-0.018824609733700703,0.9100000000000037,-0.35999999999999943,42.6
2019-02-08,2019,2,8,4,42.6,42.25,42.67,42.1,95280000.0,-0.0031,-0.0032756200280767978,0.5700000000000003,0.3500000000000014,42.36
2019-02-11,2019,2,11,0,42.36,42.76,42.8,42.31,83970000.0,-0.0058,-0.005633802816901401,0.4899999999999949,-0.3999999999999986,42.72
2019-02-12,2019,2,12,1,42.72,42.53,42.75,42.42,89130000.0,0.0086,0.008498583569405138,0.3299999999999983,0.18999999999999773,42.54
2019-02-13,2019,2,13,2,42.54,42.85,43.12,42.48,89960000.0,-0.0042,-0.004213483146067398,0.6400000000000006,-0.3100000000000023,42.7
2019-02-14,2019,2,14,3,42.7,42.43,42.82,42.35,87340000.0,0.0036,0.003761165961448043,0.46999999999999886,0.2700000000000031,42.6
2019-02-15,2019,2,15,4,42.6,42.81,42.92,42.44,98510000.0,-0.0022,-0.0023419203747072626,0.480000000000004,-0.21000000000000085,42.73
2019-02-19,2019,2,19,1,42.73,42.43,42.86,42.37,75890000.0,0.003,0.003051643192488074,0.490000000000002,0.29999999999999716,43.01
2019-02-20,2019,2,20,2,43.01,42.8,43.33,42.75,104460000.0,0.0064,0.0065527732272407935,0.5799999999999983,0.21000000000000085,42.76
2019-02-21,2019,2,21,3,42.76,42.95,43.09,42.58,69000000.0,-0.005600000000000001,-0.005812601720530108,0.5100000000000051,-0.19000000000000483,43.24
2019-02-22,2019,2,22,4,43.24,42.9,43.25,42.85,75650000.0,0.011200000000000002,0.01122544434050532,0.3999999999999986,0.3400000000000034,43.56
2019-02-25,2019,2,25,0,43.56,43.54,43.97,43.49,87490000.0,0.0073,0.007400555041628065,0.4799999999999969,0.020000000000003126,43.58
2019-02-26,2019,2,26,1,43.58,43.43,43.83,43.29,68280000.0,0.0006,0.00045913682277309853,0.5399999999999991,0.14999999999999858,43.72
2019-02-27,2019,2,27,2,43.72,43.3,43.75,43.18,111340000.0,0.0031,0.0032124827902708653,0.5700000000000003,0.4200000000000017,43.29
2019-02-28,2019,2,28,3,43.29,43.58,43.73,43.23,112860000.0,-0.0098,-0.00983531564501372,0.5,-0.28999999999999915,43.74
2019-03-01,2019,3,1,4,43.74,43.57,43.79,43.22,103540000.0,0.0105,0.010395010395010562,0.5700000000000003,0.1700000000000017,43.96
2019-03-04,2019,3,4,0,43.96,43.92,44.44,43.49,109740000.0,0.005,0.005029721079103711,0.9499999999999957,0.03999999999999915,43.88
2019-03-05,2019,3,5,1,43.88,43.99,44.0,43.63,78950000.0,-0.0018,-0.0018198362147406888,0.36999999999999744,-0.10999999999999943,43.63
2019-03-06,2019,3,6,2,43.63,43.67,43.87,43.49,83240000.0,-0.0058,-0.005697356426618061,0.37999999999999545,-0.03999999999999915,43.13
2019-03-07,2019,3,7,3,43.13,43.47,43.61,43.01,99190000.0,-0.0116,-0.01146000458400187,0.6000000000000014,-0.3399999999999963,43.23
2019-03-08,2019,3,8,4,43.23,42.58,43.27,42.38,96000000.0,0.0024,0.0023185717597957733,0.8900000000000006,0.6499999999999986,44.72
2019-03-11,2019,3,11,0,44.72,43.87,44.78,43.84,128039999.99999999,0.0346,0.03446680545917191,0.9399999999999977,0.8500000000000014,45.23
2019-03-12,2019,3,12,1,45.23,45.0,45.67,44.84,129870000.0,0.011200000000000002,0.011404293381037434,0.8299999999999983,0.22999999999999687,45.43
2019-03-13,2019,3,13,2,45.43,45.56,45.83,45.23,124130000.0,0.0044,0.004421843908910095,0.6000000000000014,-0.13000000000000256,45.93
2019-03-14,2019,3,14,3,45.93,45.97,46.03,45.64,94320000.0,0.0111,0.011005943209333013,0.39000000000000057,-0.03999999999999915,46.53
2019-03-15,2019,3,15,4,46.53,46.21,46.83,45.94,156170000.0,0.013000000000000001,0.01306335728282182,0.8900000000000006,0.3200000000000003,47.01
2019-03-18,2019,3,18,0,47.01,46.45,47.1,46.45,104880000.0,0.0102,0.010315925209542165,0.6499999999999986,0.5599999999999952,46.63
2019-03-19,2019,3,19,1,46.63,47.09,47.25,46.48,126590000.0,-0.0079,-0.008083386513507707,0.7700000000000031,-0.46000000000000085,47.04
2019-03-20,2019,3,20,2,47.04,46.56,47.37,46.18,124140000.0,0.0087,0.00879262277503745,1.1899999999999977,0.4799999999999969,48.77
2019-03-21,2019,3,21,3,48.77,47.51,49.08,47.45,204140000.0,0.0368,0.03677721088435382,1.6299999999999955,1.2600000000000051,47.76
2019-03-22,2019,3,22,4,47.76,48.83,49.42,47.69,169630000.0,-0.0207,-0.020709452532294503,1.730000000000004,-1.0700000000000003,47.19
2019-03-25,2019,3,25,0,47.19,47.88,47.99,46.65,175380000.0,-0.0121,-0.011934673366834181,1.3400000000000034,-0.6900000000000048,46.7
2019-03-26,2019,3,26,1,46.7,47.92,48.22,46.15,199200000.0,-0.0103,-0.010383555838101133,2.0700000000000003,-1.2199999999999989,47.12
2019-03-27,2019,3,27,2,47.12,47.19,47.44,46.64,119390000.0,0.009000000000000001,0.008993576017130467,0.7999999999999972,-0.07000000000000028,47.18
2019-03-28,2019,3,28,3,47.18,47.24,47.39,46.88,83120000.0,0.0013,0.0012733446519526126,0.509999999999998,-0.060000000000002274,47.49
2019-03-29,2019,3,29,4,47.49,47.46,47.52,47.13,94260000.0,0.006500000000000001,0.006570580754557076,0.39000000000000057,0.030000000000001137,47.81
2019-04-01,2019,4,1,0,47.81,47.91,47.92,47.1,111450000.0,0.0068000000000000005,0.006738260686460329,0.8200000000000003,-0.09999999999999432,48.51
2019-04-02,2019,4,2,1,48.51,47.77,48.62,47.76,91060000.0,0.014499999999999999,0.014641288433381972,0.8599999999999994,0.7399999999999949,48.84
2019-04-03,2019,4,3,2,48.84,48.31,49.13,48.29,93090000.0,0.0069,0.006802721088435382,0.8400000000000034,0.5300000000000011,48.92
2019-04-04,2019,4,4,3,48.92,48.7,49.09,48.28,76460000.0,0.0017000000000000001,0.0016380016380015405,0.8100000000000023,0.21999999999999886,49.25
2019-04-05,2019,4,5,4,49.25,49.11,49.28,48.98,74110000.0,0.0067,0.006745707277187263,0.30000000000000426,0.14000000000000057,50.03
2019-04-08,2019,4,8,0,50.03,49.1,50.06,49.08,103530000.0,0.015700000000000002,0.01583756345177667,0.980000000000004,0.9299999999999997,49.88
2019-04-09,2019,4,9,1,49.88,50.08,50.71,49.81,143070000.0,-0.003,-0.002998201079352336,0.8999999999999986,-0.19999999999999574,50.15
2019-04-10,2019,4,10,2,50.15,49.67,50.19,49.54,86780000.0,0.005600000000000001,0.005412991178829207,0.6499999999999986,0.4799999999999969,49.74
2019-04-11,2019,4,11,3,49.74,50.21,50.25,49.61,83600000.0,-0.0083,-0.008175473579262182,0.6400000000000006,-0.46999999999999886,49.72
2019-04-12,2019,4,12,4,49.72,49.8,50.03,49.05,111040000.0,-0.0004,-0.00040209087253728626,0.980000000000004,-0.0799999999999983,49.81
2019-04-15,2019,4,15,0,49.81,49.65,49.96,49.5,70150000.0,0.0018,0.0018101367658891476,0.46000000000000085,0.1600000000000037,49.81
2019-04-16,2019,4,16,1,49.81,49.87,50.34,49.64,102790000.0,0.0001,0.0,0.7000000000000028,-0.05999999999999517,50.78
2019-04-17,2019,4,17,2,50.78,49.88,50.85,49.65,115630000.0,0.0195,0.019474001204577318,1.2000000000000028,0.8999999999999986,50.97
2019-04-18,2019,4,18,3,50.97,50.78,51.04,50.63,96780000.0,0.0036,0.0037416305632138602,0.4099999999999966,0.18999999999999773,51.13
2019-04-22,2019,4,22,0,51.13,50.71,51.24,50.58,77760000.0,0.0033,0.0031391014322150745,0.6600000000000037,0.4200000000000017,51.87
2019-04-23,2019,4,23,1,51.87,51.11,51.94,50.97,93290000.0,0.0144,0.014472912184627429,0.9699999999999989,0.759999999999998,51.79
2019-04-24,2019,4,24,2,51.79,51.84,52.12,51.76,70160000.0,-0.0015,-0.0015423173317909988,0.35999999999999943,-0.05000000000000426,51.32
2019-04-25,2019,4,25,3,51.32,51.71,51.94,51.28,74170000.0,-0.0091,-0.009075111025294458,0.6599999999999966,-0.39000000000000057,51.08
2019-04-26,2019,4,26,4,51.08,51.22,51.25,50.53,74600000.0,-0.0048,-0.004676539360872978,0.7199999999999989,-0.14000000000000057,51.15
2019-04-29,2019,4,29,0,51.15,51.1,51.49,50.97,88820000.0,0.0015,0.0013703993735316722,0.5200000000000031,0.04999999999999716,50.17
2019-04-30,2019,4,30,1,50.17,50.76,50.85,49.78,186140000.0,-0.019299999999999998,-0.01915933528836744,1.0700000000000003,-0.5899999999999963,52.63
2019-05-01,2019,5,1,2,52.63,52.47,53.83,52.31,259310000.0,0.049100000000000005,0.049033286824795796,1.519999999999996,0.1600000000000037,52.29
2019-05-02,2019,5,2,3,52.29,52.46,53.16,52.03,127990000.0,-0.006500000000000001,-0.006460193805814196,1.1299999999999955,-0.1700000000000017,52.94
2019-05-03,2019,5,3,4,52.94,52.72,52.96,52.56,83570000.0,0.0124,0.012430675081277487,0.3999999999999986,0.21999999999999886,52.12
2019-05-06,2019,5,6,0,52.12,51.07,52.21,50.88,129770000.00000001,-0.0154,-0.0154892330940688,1.3299999999999983,1.0499999999999972,50.72
2019-05-07,2019,5,7,1,50.72,51.47,51.85,50.21,155050000.0,-0.027000000000000003,-0.026861089792785897,1.6400000000000006,-0.75,50.72
2019-05-08,2019,5,8,2,50.72,50.47,51.33,50.44,105360000.0,0.0002,0.0,0.8900000000000006,0.25,50.18
2019-05-09,2019,5,9,3,50.18,50.1,50.42,49.17,139630000.0,-0.010700000000000001,-0.010646687697160817,1.25,0.0799999999999983,49.29
2019-05-10,2019,5,10,4,49.29,49.35,49.71,48.19,164830000.0,-0.0176,-0.017736149860502204,1.5200000000000031,-0.060000000000002274,46.43
2019-05-13,2019,5,13,0,46.43,46.93,47.37,45.71,229720000.0,-0.0581,-0.05802393994725097,1.6599999999999966,-0.5,47.17
2019-05-14,2019,5,14,1,47.17,46.6,47.42,46.35,146120000.0,0.0158,0.015937971139349694,1.0700000000000003,0.5700000000000003,47.73
2019-05-15,2019,5,15,2,47.73,46.57,47.94,46.51,106180000.0,0.012,0.011871952512189754,1.4299999999999997,1.1599999999999966,47.52
2019-05-16,2019,5,16,3,47.52,47.48,48.12,47.21,132130000.0,-0.0044,-0.004399748585794949,0.9099999999999966,0.04000000000000625,47.25
2019-05-17,2019,5,17,4,47.25,46.73,47.72,46.69,131520000.00000001,-0.005699999999999999,-0.005681818181818232,1.0300000000000011,0.5200000000000031,45.77
2019-05-20,2019,5,20,0,45.77,45.88,46.09,45.07,154450000.0,-0.0313,-0.03132275132275131,1.0200000000000031,-0.10999999999999943,46.65
2019-05-21,2019,5,21,1,46.65,46.31,47.0,46.17,113460000.0,0.0192,0.019226567620712176,0.8299999999999983,0.3399999999999963,45.69
2019-05-22,2019,5,22,2,45.69,46.17,46.43,45.64,118990000.0,-0.020499999999999997,-0.02057877813504827,0.7899999999999991,-0.480000000000004,44.92
2019-05-23,2019,5,23,3,44.92,44.95,45.13,44.45,146120000.0,-0.0171,-0.01685270299846786,0.6799999999999997,-0.030000000000001137,44.74
2019-05-24,2019,5,24,4,44.74,45.05,45.53,44.65,94860000.0,-0.0038,-0.004007123775601085,0.8800000000000026,-0.30999999999999517,44.56
2019-05-28,2019,5,28,1,44.56,44.73,45.15,44.48,111790000.0,-0.0040999999999999995,-0.0040232454179705,0.6700000000000017,-0.1699999999999946,44.35
2019-05-29,2019,5,29,2,44.35,44.1,44.84,44.0,113920000.0,-0.0048,-0.004712746858168804,0.8400000000000034,0.25,44.58
2019-05-30,2019,5,30,3,44.58,44.49,44.81,44.17,84870000.0,0.0052,0.005186020293122873,0.6400000000000006,0.0899999999999963,43.77
2019-05-31,2019,5,31,4,43.77,44.06,44.5,43.75,108170000.0,-0.0181,-0.018169582772543658,0.75,-0.28999999999999915,43.33
2019-06-03,2019,6,3,0,43.33,43.9,44.48,42.57,161580000.0,-0.0101,-0.010052547406899759,1.9099999999999966,-0.5700000000000003,44.91
2019-06-04,2019,6,4,1,44.91,43.86,44.96,43.63,123870000.0,0.0366,0.03646434341103166,1.3299999999999983,1.0499999999999972,45.63
2019-06-05,2019,6,5,2,45.63,46.07,46.25,45.28,119090000.0,0.0161,0.01603206412825675,0.9699999999999989,-0.4399999999999977,46.31
2019-06-06,2019,6,6,3,46.31,45.77,46.37,45.54,90110000.0,0.0147,0.014902476440938006,0.8299999999999983,0.5399999999999991,47.54
2019-06-07,2019,6,7,4,47.54,46.63,47.98,46.44,122740000.0,0.026600000000000002,0.026560138199092975,1.5399999999999991,0.9099999999999966,48.15
2019-06-10,2019,6,10,0,48.15,47.95,48.84,47.9,104880000.0,0.0128,0.012831299957930087,0.9400000000000048,0.19999999999999574,48.7
2019-06-11,2019,6,11,1,48.7,48.72,49.0,48.4,107730000.0,0.0116,0.011422637590861928,0.6000000000000014,-0.01999999999999602,48.55
2019-06-12,2019,6,12,2,48.55,48.49,48.99,48.35,73010000.0,-0.0032,-0.0030800821355236874,0.6400000000000006,0.05999999999999517,48.54
2019-06-13,2019,6,13,3,48.54,48.67,49.2,48.4,86700000.0,-0.0002,-0.0002059732234809264,0.8000000000000043,-0.13000000000000256,48.19
2019-06-14,2019,6,14,4,48.19,47.89,48.4,47.58,75050000.0,-0.0073,-0.007210548001648109,0.8200000000000003,0.29999999999999716,48.47
2019-06-17,2019,6,17,0,48.47,48.22,48.74,48.04,58680000.0,0.006,0.00581033409421039,0.7000000000000028,0.25,49.61
2019-06-18,2019,6,18,1,49.61,49.01,50.07,48.8,106200000.0,0.0235,0.02351970290901595,1.2700000000000031,0.6000000000000014,49.47
2019-06-19,2019,6,19,2,49.47,49.92,49.97,49.33,84500000.0,-0.0029,-0.0028220116911913395,0.6400000000000006,-0.45000000000000284,49.87
2019-06-20,2019,6,20,3,49.87,50.09,50.15,49.51,86060000.0,0.008,0.008085708510208178,0.6400000000000006,-0.22000000000000597,49.69
2019-06-21,2019,6,21,4,49.69,49.7,50.21,49.54,191200000.0,-0.0034000000000000002,-0.0036093843994385866,0.6700000000000017,-0.010000000000005116,49.65
2019-06-24,2019,6,24,0,49.65,49.63,50.04,49.54,72880000.0,-0.001,-0.000804990943851891,0.5,0.01999999999999602,48.89
2019-06-25,2019,6,25,1,48.89,49.61,49.81,48.82,84280000.0,-0.0152,-0.015307150050352436,0.990000000000002,-0.7199999999999989,49.95
2019-06-26,2019,6,26,2,49.95,49.44,50.25,49.34,104270000.0,0.0216,0.021681325424422138,0.9099999999999966,0.5100000000000051,49.94
2019-06-27,2019,6,27,3,49.94,50.07,50.39,49.89,83600000.0,-0.0003,-0.0002002002002002845,0.5,-0.13000000000000256,49.48
2019-06-28,2019,6,28,4,49.48,49.67,49.87,49.26,124440000.0,-0.0091,-0.009211053263916691,0.6099999999999994,-0.19000000000000483,50.39
2019-07-01,2019,7,1,0,50.39,50.79,51.12,50.16,109270000.0,0.0183,0.01839126919967682,0.9600000000000009,-0.3999999999999986,50.68
2019-07-02,2019,7,2,1,50.68,50.35,50.78,50.34,67740000.0,0.0059,0.005755110140901021,0.4399999999999977,0.3299999999999983,51.1
2019-07-03,2019,7,3,2,51.1,50.82,51.11,50.67,45450000.0,0.0083,0.008287292817679592,0.4399999999999977,0.28000000000000114,51.06
2019-07-05,2019,7,5,4,51.06,50.84,51.27,50.72,69060000.0,-0.0009,-0.0007827788649705791,0.5500000000000043,0.21999999999999886,50.01
2019-07-08,2019,7,8,0,50.01,50.2,50.35,49.6,101350000.0,-0.0206,-0.02056404230317277,0.75,-0.19000000000000483,50.31
2019-07-09,2019,7,9,1,50.31,49.8,50.38,49.7,82310000.0,0.0060999999999999995,0.005998800239952029,0.6799999999999997,0.5100000000000051,50.81
2019-07-10,2019,7,10,2,50.81,50.46,50.93,50.39,71590000.0,0.009899999999999999,0.00993838203140518,0.5399999999999991,0.3500000000000014,50.44
2019-07-11,2019,7,11,3,50.44,50.83,51.1,50.43,80770000.0,-0.0073,-0.007282031096241037,0.6700000000000017,-0.39000000000000057,50.83
2019-07-12,2019,7,12,4,50.83,50.61,51.0,50.55,70380000.0,0.0077,0.0077319587628865705,0.45000000000000284,0.21999999999999886,51.3
2019-07-15,2019,7,15,0,51.3,51.02,51.47,51.0,67790000.0,0.009399999999999999,0.009246507967735518,0.46999999999999886,0.27999999999999403,51.13
2019-07-16,2019,7,16,1,51.13,51.15,51.53,50.88,67470000.0,-0.0034999999999999996,-0.003313840155945269,0.6499999999999986,-0.01999999999999602,50.84
2019-07-17,2019,7,17,2,50.84,51.01,51.27,50.82,56430000.0,-0.005600000000000001,-0.005671816937218854,0.45000000000000284,-0.1699999999999946,51.42
2019-07-18,2019,7,18,3,51.42,51.0,51.47,50.92,74330000.0,0.011399999999999999,0.011408339889850572,0.5499999999999972,0.4200000000000017,50.65
2019-07-19,2019,7,19,4,50.65,51.45,51.63,50.59,83720000.0,-0.0149,-0.014974718008557097,1.0399999999999991,-0.8000000000000043,51.81
2019-07-22,2019,7,22,0,51.81,50.91,51.81,50.9,89110000.0,0.0229,0.02290227048371185,0.9100000000000037,0.9000000000000057,52.21
2019-07-23,2019,7,23,1,52.21,52.12,52.23,51.82,73420000.0,0.0078000000000000005,0.007720517274657279,0.4099999999999966,0.09000000000000341,52.17
2019-07-24,2019,7,24,2,52.17,51.92,52.29,51.79,59970000.0,-0.0008,-0.0007661367554108178,0.5,0.25,51.76
2019-07-25,2019,7,25,3,51.76,52.22,52.31,51.68,55640000.0,-0.0079,-0.007858922752539854,0.6300000000000026,-0.46000000000000085,51.94
2019-07-26,2019,7,26,4,51.94,51.87,52.43,51.78,70480000.0,0.0034999999999999996,0.0034775888717155645,0.6499999999999986,0.07000000000000028,52.42
2019-07-29,2019,7,29,0,52.42,52.12,52.66,52.11,86690000.0,0.009300000000000001,0.009241432422025575,0.5499999999999972,0.30000000000000426,52.19
2019-07-30,2019,7,30,1,52.19,52.19,52.54,51.83,135740000.0,-0.0043,-0.004387638305990205,0.7100000000000009,0.0,53.26
2019-07-31,2019,7,31,2,53.26,54.1,55.34,52.83,277130000.0,0.0204,0.02050201187967038,2.510000000000005,-0.8400000000000034,52.11
2019-08-01,2019,8,1,3,52.11,53.47,54.51,51.69,216070000.0,-0.0216,-0.021592189260232764,2.8200000000000003,-1.3599999999999994,51.01
2019-08-02,2019,8,2,4,51.01,51.38,51.61,50.41,163450000.0,-0.0212,-0.021109192093648033,1.2000000000000028,-0.37000000000000455,48.33
2019-08-05,2019,8,5,0,48.33,49.5,49.66,48.15,209570000.0,-0.052300000000000006,-0.052538717898451326,1.509999999999998,-1.1700000000000017,49.25
2019-08-06,2019,8,6,1,49.25,49.08,49.52,48.51,143300000.0,0.0189,0.01903579557210855,1.0100000000000051,0.1700000000000017,49.76
2019-08-07,2019,8,7,2,49.76,48.85,49.89,48.46,133460000.00000001,0.0104,0.01035532994923849,1.4299999999999997,0.9099999999999966,50.86
2019-08-08,2019,8,8,3,50.86,50.05,50.88,49.85,108040000.0,0.022099999999999998,0.022106109324758982,1.0300000000000011,0.8100000000000023,50.25
2019-08-09,2019,8,9,4,50.25,50.33,50.69,49.82,98480000.0,-0.012,-0.011993708218639432,0.8699999999999974,-0.0799999999999983,50.12
2019-08-12,2019,8,12,0,50.12,49.9,50.51,49.79,89930000.0,-0.0025,-0.002587064676616957,0.7199999999999989,0.21999999999999886,52.24
2019-08-13,2019,8,13,1,52.24,50.26,53.03,50.21,190160000.0,0.042300000000000004,0.042298483639265916,2.8200000000000003,1.980000000000004,50.69
2019-08-14,2019,8,14,2,50.69,50.79,51.61,50.65,146190000.0,-0.0298,-0.0296707503828485,0.9600000000000009,-0.10000000000000142,50.44
2019-08-15,2019,8,15,3,50.44,50.87,51.28,49.92,111530000.0,-0.005,-0.0049319392385085425,1.3599999999999994,-0.4299999999999997,51.63
2019-08-16,2019,8,16,4,51.63,51.07,51.79,50.96,115250000.0,0.0236,0.02359238699444899,0.8299999999999983,0.5600000000000023,52.59
2019-08-19,2019,8,19,0,52.59,52.65,53.18,52.51,97730000.0,0.018600000000000002,0.01859384079023818,0.6700000000000017,-0.05999999999999517,52.59
2019-08-20,2019,8,20,1,52.59,52.72,53.34,52.58,107680000.0,0.0,0.0,0.7600000000000051,-0.12999999999999545,53.16
2019-08-21,2019,8,21,2,53.16,53.25,53.41,52.9,86260000.0,0.0108,0.01083856246434678,0.509999999999998,-0.09000000000000341,53.12
2019-08-22,2019,8,22,3,53.12,53.3,53.61,52.69,89070000.0,-0.0008,-0.0007524454477050302,0.9200000000000017,-0.17999999999999972,50.66
2019-08-23,2019,8,23,4,50.66,52.36,53.01,50.25,187530000.0,-0.0462,-0.04631024096385539,2.759999999999998,-1.7000000000000028,51.62
2019-08-26,2019,8,26,0,51.62,51.47,51.8,51.26,104260000.0,0.019,0.018949861823924108,0.5399999999999991,0.14999999999999858,51.04
2019-08-27,2019,8,27,1,51.04,51.97,52.14,50.88,103590000.0,-0.0113,-0.011235955056179692,1.259999999999998,-0.9299999999999997,51.38
2019-08-28,2019,8,28,2,51.38,51.03,51.43,50.83,63830000.0,0.0067,0.006661442006269613,0.6000000000000014,0.3500000000000014,52.25
2019-08-29,2019,8,29,3,52.25,52.13,52.33,51.66,84030000.0,0.0169,0.01693265862203197,0.6700000000000017,0.11999999999999744,52.19
2019-08-30,2019,8,30,4,52.19,52.54,52.61,51.8,84650000.0,-0.0013,-0.0011483253588516762,0.8100000000000023,-0.3500000000000014,51.42
2019-09-03,2019,9,3,1,51.42,51.61,51.74,51.06,80240000.0,-0.0146,-0.014753784249856183,0.6799999999999997,-0.18999999999999773,52.3
2019-09-04,2019,9,4,2,52.3,52.1,52.37,51.83,76870000.0,0.017,0.01711396343835081,0.5399999999999991,0.19999999999999574,53.32
2019-09-05,2019,9,5,3,53.32,53.0,53.49,52.88,95790000.0,0.0196,0.019502868068833612,0.6099999999999994,0.3200000000000003,53.31
2019-09-06,2019,9,6,4,53.31,53.51,53.6,53.13,77450000.0,-0.0001,-0.00018754688672162345,0.46999999999999886,-0.19999999999999574,53.54
2019-09-09,2019,9,9,0,53.54,53.71,54.11,52.77,109240000.0,0.0043,0.004314387544550602,1.3399999999999963,-0.1700000000000017,54.17
2019-09-10,2019,9,10,1,54.17,53.47,54.19,52.93,127110000.0,0.0118,0.01176690324990659,1.259999999999998,0.7000000000000028,55.9
2019-09-11,2019,9,11,2,55.9,54.52,55.93,54.43,177160000.0,0.0318,0.03193649621561745,1.5,1.3799999999999955,55.77
2019-09-12,2019,9,12,3,55.77,56.2,56.6,55.72,128910000.0,-0.0023,-0.0023255813953487747,0.8800000000000026,-0.4299999999999997,54.69
2019-09-13,2019,9,13,4,54.69,55.0,55.2,54.26,159050000.0,-0.0194,-0.019365250134480982,0.9400000000000048,-0.3100000000000023,54.97
2019-09-16,2019,9,16,0,54.97,54.43,55.03,54.39,84630000.0,0.0053,0.005119765953556454,0.6400000000000006,0.5399999999999991,55.17
2019-09-17,2019,9,17,1,55.17,54.99,55.21,54.78,73550000.0,0.0036,0.003638348189921814,0.4299999999999997,0.17999999999999972,55.69
2019-09-18,2019,9,18,2,55.69,55.26,55.71,54.86,102570000.0,0.009399999999999999,0.00942541236179073,0.8500000000000014,0.4299999999999997,55.24
2019-09-19,2019,9,19,3,55.24,55.5,55.94,55.09,88750000.0,-0.008100000000000001,-0.008080445322319885,0.8499999999999943,-0.259999999999998,54.43
2019-09-20,2019,9,20,4,54.43,55.35,55.64,54.37,231910000.0,-0.0146,-0.014663287472845843,1.2700000000000031,-0.9200000000000017,54.68
2019-09-23,2019,9,23,0,54.68,54.74,54.96,54.41,77680000.0,0.0045000000000000005,0.004593055300385895,0.5500000000000043,-0.060000000000002274,54.42
2019-09-24,2019,9,24,1,54.42,55.26,55.62,54.3,125740000.0,-0.0048,-0.004754937820043881,1.3200000000000003,-0.8399999999999963,55.26
2019-09-25,2019,9,25,2,55.26,54.64,55.38,54.29,89920000.0,0.0154,0.015435501653803696,1.0900000000000034,0.6199999999999974,54.97
2019-09-26,2019,9,26,3,54.97,55.0,55.24,54.71,76350000.0,-0.0052,-0.00524791892870069,0.5300000000000011,-0.030000000000001137,54.71
2019-09-27,2019,9,27,4,54.71,55.13,55.24,54.32,101450000.0,-0.0049,-0.0047298526468982915,0.9200000000000017,-0.4200000000000017,55.99
2019-09-30,2019,9,30,0,55.99,55.22,56.15,55.2,105270000.0,0.0235,0.023396088466459464,0.9499999999999957,0.7700000000000031,56.15
2019-10-01,2019,10,1,1,56.15,56.27,57.06,56.05,144750000.0,0.0028000000000000004,0.0028576531523485382,1.0100000000000051,-0.12000000000000455,54.74
2019-10-02,2019,10,2,2,54.74,55.76,55.9,54.48,143070000.0,-0.025099999999999997,-0.02511130899376668,1.4200000000000017,-1.019999999999996,55.21
2019-10-03,2019,10,3,3,55.21,54.61,55.24,53.78,121410000.0,0.0085,0.008586043112897235,1.4600000000000009,0.6000000000000014,56.75
2019-10-04,2019,10,4,4,56.75,56.41,56.87,55.97,139020000.0,0.027999999999999997,0.02789349755479087,0.8999999999999986,0.3400000000000034,56.76
2019-10-07,2019,10,7,0,56.76,56.57,57.48,56.46,123560000.0,0.0002,0.00017621145374446812,1.019999999999996,0.18999999999999773,56.1
2019-10-08,2019,10,8,1,56.1,56.46,57.01,56.08,117130000.0,-0.011699999999999999,-0.011627906976744096,0.9299999999999997,-0.35999999999999943,56.76
2019-10-09,2019,10,9,2,56.76,56.76,56.95,56.41,76120000.0,0.011699999999999999,0.0117647058823529,0.5400000000000063,0.0,57.52
2019-10-10,2019,10,10,3,57.52,56.98,57.61,56.83,115850000.0,0.013500000000000002,0.013389711064129672,0.7800000000000011,0.5400000000000063,59.05
2019-10-11,2019,10,11,4,59.05,58.24,59.41,58.08,167960000.0,0.026600000000000002,0.026599443671766254,1.3299999999999983,0.8099999999999952,58.97
2019-10-14,2019,10,14,0,58.97,58.72,59.53,58.67,97650000.0,-0.0014000000000000002,-0.001354784081286975,0.8599999999999994,0.25,58.83
2019-10-15,2019,10,15,1,58.83,59.1,59.41,58.72,92160000.0,-0.0023,-0.002374088519586204,0.6899999999999977,-0.2700000000000031,58.59
2019-10-16,2019,10,16,2,58.59,58.34,58.81,58.3,77150000.0,-0.004,-0.004079551249362434,0.5100000000000051,0.25,58.82
2019-10-17,2019,10,17,3,58.82,58.77,59.04,58.38,69090000.0,0.0039000000000000003,0.003925584570745766,0.6599999999999966,0.04999999999999716,59.1
2019-10-18,2019,10,18,4,59.1,58.65,59.4,58.57,97510000.0,0.0048,0.00476028561713715,0.8299999999999983,0.45000000000000284,60.13
2019-10-21,2019,10,21,0,60.13,59.38,60.25,59.33,89470000.0,0.0173,0.01742808798646367,0.9200000000000017,0.75,59.99
2019-10-22,2019,10,22,1,59.99,60.29,60.55,59.91,90740000.0,-0.0023,-0.002328288707799775,0.6400000000000006,-0.29999999999999716,60.79
2019-10-23,2019,10,23,2,60.79,60.53,60.81,60.31,79730000.0,0.0134,0.013335555925987563,0.5,0.259999999999998,60.9
2019-10-24,2019,10,24,3,60.9,61.13,61.2,60.45,71670000.0,0.0016,0.0018095081427866866,0.75,-0.23000000000000398,61.65
2019-10-25,2019,10,25,4,61.65,60.79,61.68,60.72,73480000.0,0.0123,0.012315270935960632,0.9600000000000009,0.8599999999999994,62.26
2019-10-28,2019,10,28,0,62.26,61.85,62.31,61.68,96570000.0,0.01,0.009894566098945567,0.6300000000000026,0.4099999999999966,60.82
2019-10-29,2019,10,29,1,60.82,62.24,62.44,60.64,142840000.0,-0.0231,-0.02312881464824923,1.7999999999999972,-1.4200000000000017,60.81
2019-10-30,2019,10,30,2,60.81,61.19,61.33,60.3,124520000.0,-0.0001,-0.00016441959881619006,1.0300000000000011,-0.37999999999999545,62.19
2019-10-31,2019,10,31,3,62.19,61.81,62.29,59.31,139160000.0,0.0226,0.022693635915145505,2.979999999999997,0.37999999999999545,63.96
2019-11-01,2019,11,1,4,63.96,62.38,63.98,62.29,151130000.0,0.028399999999999998,0.028461167390255726,1.6899999999999977,1.5799999999999983,64.38
2019-11-04,2019,11,4,0,64.38,64.33,64.46,63.85,103270000.0,0.0066,0.0065666041275795894,0.6099999999999923,0.04999999999999716,64.28
2019-11-05,2019,11,5,1,64.28,64.26,64.55,64.08,79900000.0,-0.0014000000000000002,-0.001553277415346277,0.46999999999999886,0.01999999999999602,64.31
2019-11-06,2019,11,6,2,64.31,64.19,64.37,63.84,75860000.0,0.0004,0.00046670815183569303,0.5300000000000011,0.12000000000000455,64.86
2019-11-07,2019,11,7,3,64.86,64.68,65.09,64.53,94940000.0,0.0085,0.008552324677344014,0.5600000000000023,0.1799999999999926,65.04
2019-11-08,2019,11,8,4,65.04,64.67,65.11,64.21,70080000.0,0.0027,0.0027752081406107187,0.9000000000000057,0.37000000000000455,65.55
2019-11-11,2019,11,11,0,65.55,64.57,65.62,64.57,82030000.0,0.0079,0.007841328413283888,1.0500000000000114,0.980000000000004,65.49
2019-11-12,2019,11,12,1,65.49,65.39,65.7,65.23,87390000.0,-0.0009,-0.0009153318077803618,0.46999999999999886,0.09999999999999432,66.12
2019-11-13,2019,11,13,2,66.12,65.28,66.19,65.27,103270000.0,0.0096,0.009619789280806312,0.9200000000000017,0.8400000000000034,65.66
2019-11-14,2019,11,14,3,65.66,65.94,66.22,65.53,89580000.0,-0.0069,-0.006957047791893656,0.6899999999999977,-0.28000000000000114,66.44
2019-11-15,2019,11,15,4,66.44,65.92,66.44,65.75,100370000.0,0.011899999999999999,0.011879378617118519,0.6899999999999977,0.519999999999996,66.78
2019-11-18,2019,11,18,0,66.78,66.45,66.86,66.06,86800000.0,0.005,0.0051173991571342725,0.7999999999999972,0.3299999999999983,66.57
2019-11-19,2019,11,19,1,66.57,66.97,67.0,66.35,76280000.0,-0.003,-0.003144654088050425,0.6500000000000057,-0.4000000000000057,65.8
2019-11-20,2019,11,20,2,65.8,66.39,66.52,65.1,106440000.0,-0.0116,-0.011566771819137678,1.4200000000000017,-0.5900000000000034,65.5
2019-11-21,2019,11,21,3,65.5,65.92,66.0,65.29,121400000.0,-0.0045000000000000005,-0.004559270516717229,0.7099999999999937,-0.4200000000000017,65.44
2019-11-22,2019,11,22,4,65.44,65.65,65.79,65.21,65330000.0,-0.0009,-0.0009160305343511865,0.5800000000000125,-0.21000000000000796,66.59
2019-11-25,2019,11,25,0,66.59,65.68,66.61,65.63,84120000.0,0.0175,0.017573349633251967,0.980000000000004,0.9099999999999966,66.07
2019-11-26,2019,11,26,1,66.07,66.74,66.79,65.63,105340000.0,-0.0078000000000000005,-0.007808980327376647,1.1600000000000108,-0.6700000000000017,66.96
2019-11-27,2019,11,27,2,66.96,66.39,67.0,66.33,65540000.00000001,0.0134,0.013470561525654512,0.6700000000000017,0.5699999999999932,66.81
2019-11-29,2019,11,29,4,66.81,66.65,67.0,66.47,46620000.0,-0.0022,-0.0022401433691755512,0.5300000000000011,0.1599999999999966,66.04
2019-12-02,2019,12,2,0,66.04,66.82,67.06,65.86,94770000.0,-0.0116,-0.011525220775333023,1.2000000000000028,-0.7799999999999869,64.86
2019-12-03,2019,12,3,1,64.86,64.58,64.88,64.07,117510000.0,-0.0178,-0.017867958812840756,0.8100000000000023,0.28000000000000114,65.43
2019-12-04,2019,12,4,2,65.43,65.27,65.83,65.17,67240000.0,0.0088,0.008788159111933425,0.6599999999999966,0.1600000000000108,66.39
2019-12-05,2019,12,5,3,66.39,65.95,66.47,65.68,74650000.0,0.0147,0.01467216872994026,0.789999999999992,0.4399999999999977,67.68
2019-12-06,2019,12,6,4,67.68,66.87,67.75,66.82,106190000.0,0.019299999999999998,0.01943063714414839,0.9300000000000068,0.8100000000000023,66.73
2019-12-09,2019,12,9,0,66.73,67.5,67.7,66.23,128729999.99999999,-0.013999999999999999,-0.014036643026004714,1.4699999999999989,-0.769999999999996,67.12
2019-12-10,2019,12,10,1,67.12,67.15,67.52,66.46,90530000.0,0.0058,0.0058444477746140144,1.0600000000000023,-0.030000000000001137,67.69
2019-12-11,2019,12,11,2,67.69,67.2,67.78,67.13,78890000.0,0.0085,0.008492252681763901,0.6500000000000057,0.4899999999999949,67.86
2019-12-12,2019,12,12,3,67.86,66.94,68.14,66.83,137750000.0,0.0025,0.0025114492539519695,1.3100000000000023,0.9200000000000017,68.79
2019-12-13,2019,12,13,4,68.79,67.86,68.82,67.73,133729999.99999999,0.013600000000000001,0.013704686118479303,1.0899999999999892,0.9300000000000068,69.96
2019-12-16,2019,12,16,0,69.96,69.25,70.2,69.25,128320000.0,0.0171,0.017008286088094016,0.9500000000000028,0.7099999999999937,70.1
2019-12-17,2019,12,17,1,70.1,69.89,70.44,69.7,114300000.0,0.002,0.0020011435105775632,0.7399999999999949,0.20999999999999375,69.93
2019-12-18,2019,12,18,2,69.93,69.95,70.47,69.78,116100000.0,-0.0024,-0.002425106990014081,0.6899999999999977,-0.01999999999999602,70.0
2019-12-19,2019,12,19,3,70.0,69.88,70.29,69.74,98510000.0,0.001,0.0010010010010008674,0.5500000000000114,0.12000000000000455,69.86
2019-12-20,2019,12,20,4,69.86,70.56,70.66,69.64,276130000.0,-0.0021,-0.0020000000000000018,1.019999999999996,-0.7000000000000028,71.0
2019-12-23,2019,12,23,0,71.0,70.13,71.06,70.09,98710000.0,0.0163,0.016318350987689634,0.9699999999999989,0.8700000000000045,71.07
2019-12-24,2019,12,24,1,71.07,71.17,71.22,70.73,48480000.0,0.001,0.0009859154929576786,0.4899999999999949,-0.10000000000000853,72.48
2019-12-26,2019,12,26,3,72.48,71.21,72.5,71.18,93340000.0,0.019799999999999998,0.019839594765724167,1.3199999999999932,1.2700000000000102,72.45
2019-12-27,2019,12,27,4,72.45,72.78,73.49,72.03,146370000.0,-0.0004,-0.00041390728476820016,1.4599999999999937,-0.3299999999999983,72.88
2019-12-30,2019,12,30,0,72.88,72.36,73.17,71.31,144240000.0,0.0059,0.005935127674258078,1.8599999999999994,0.519999999999996,73.41
2019-12-31,2019,12,31,1,73.41,72.48,73.42,72.38,100990000.0,0.0073,0.0072722283205268745,1.0400000000000063,0.9299999999999926,75.09
2020-01-02,2020,1,2,3,75.09,74.06,75.15,73.8,135650000.0,0.022799999999999997,0.022885165508786276,1.3500000000000085,1.0300000000000011,74.36
2020-01-03,2020,1,3,4,74.36,74.29,75.14,74.13,146540000.0,-0.0097,-0.009721667332534323,1.0100000000000051,0.06999999999999318,74.95
2020-01-06,2020,1,6,0,74.95,73.45,74.99,73.19,118580000.0,0.008,0.007934373318988719,1.7999999999999972,1.5,74.6
2020-01-07,2020,1,7,1,74.6,74.96,75.22,74.37,111510000.0,-0.004699999999999999,-0.004669779853235578,0.8499999999999943,-0.35999999999999943,75.8
2020-01-08,2020,1,8,2,75.8,74.29,76.11,74.29,132360000.00000001,0.0161,0.01608579088471851,1.8199999999999932,1.509999999999991,77.41
2020-01-09,2020,1,9,3,77.41,76.81,77.61,76.55,170490000.0,0.0212,0.02124010554089706,1.0600000000000023,0.5999999999999943,77.58
2020-01-10,2020,1,10,4,77.58,77.65,78.17,77.06,140870000.0,0.0023,0.002196098695258941,1.1099999999999994,-0.07000000000000739,79.24
2020-01-13,2020,1,13,0,79.24,77.91,79.27,77.79,122090000.0,0.021400000000000002,0.02139726733694247,1.4799999999999898,1.3299999999999983,78.17
2020-01-14,2020,1,14,1,78.17,79.18,79.39,78.04,162610000.0,-0.013500000000000002,-0.013503281171125647,1.3499999999999943,-1.0100000000000051,77.83
2020-01-15,2020,1,15,2,77.83,77.96,78.88,77.39,121920000.0,-0.0043,-0.004349494691057942,1.4899999999999949,-0.12999999999999545,78.81
2020-01-16,2020,1,16,3,78.81,78.4,78.93,78.02,108830000.0,0.0125,0.01259154567647447,0.9100000000000108,0.4099999999999966,79.68
2020-01-17,2020,1,17,4,79.68,79.07,79.68,78.75,137820000.0,0.0111,0.011039208222306973,0.9300000000000068,0.6100000000000136,79.14
2020-01-21,2020,1,21,1,79.14,79.3,79.75,79.0,110840000.0,-0.0068000000000000005,-0.006777108433735024,0.75,-0.1599999999999966,79.43
2020-01-22,2020,1,22,2,79.43,79.64,80.0,79.33,101830000.0,0.0036,0.0036643922163255294,0.6700000000000017,-0.20999999999999375,79.81
2020-01-23,2020,1,23,3,79.81,79.48,79.89,78.91,104470000.0,0.0048,0.004784086617147132,0.980000000000004,0.3299999999999983,79.58
2020-01-24,2020,1,24,4,79.58,80.06,80.83,79.38,146540000.0,-0.0029,-0.0028818443804035088,1.4500000000000028,-0.480000000000004,77.24
2020-01-27,2020,1,27,0,77.24,77.51,77.94,76.22,161940000.0,-0.0294,-0.029404372958029668,1.7199999999999989,-0.27000000000001023,79.42
2020-01-28,2020,1,28,1,79.42,78.15,79.6,78.05,162230000.0,0.028300000000000002,0.028223718280683707,1.5499999999999972,1.269999999999996,81.08
2020-01-29,2020,1,29,2,81.08,81.11,81.96,80.35,216600000.0,0.0209,0.020901536136993082,1.6099999999999994,-0.030000000000001137,80.97
2020-01-30,2020,1,30,3,80.97,80.14,81.02,79.69,126740000.0,-0.0014000000000000002,-0.0013566847557967554,1.3299999999999983,0.8299999999999983,77.38
2020-01-31,2020,1,31,4,77.38,80.23,80.67,77.07,199590000.0,-0.0443,-0.04433740891688287,3.6000000000000085,-2.8500000000000085,77.17
2020-02-03,2020,2,3,0,77.17,76.07,78.37,75.56,173990000.0,-0.0027,-0.002713879555440557,2.8100000000000023,1.1000000000000085,79.71
2020-02-04,2020,2,4,1,79.71,78.83,79.91,78.41,136620000.0,0.033,0.032914344952701624,1.5,0.8799999999999955,80.36
2020-02-05,2020,2,5,2,80.36,80.88,81.19,79.74,118830000.0,0.008199999999999999,0.008154560281018686,1.4500000000000028,-0.519999999999996,81.3
2020-02-06,2020,2,6,3,81.3,80.64,81.31,80.07,105430000.0,0.011699999999999999,0.011697361871577883,1.240000000000009,0.6599999999999966,80.01
2020-02-07,2020,2,7,4,80.01,80.59,80.85,79.5,117680000.0,-0.0159,-0.015867158671586612,1.3499999999999943,-0.5799999999999983,80.39
2020-02-10,2020,2,10,0,80.39,78.54,80.39,78.46,109350000.0,0.004699999999999999,0.004749406324209504,1.9300000000000068,1.8499999999999943,79.9
2020-02-11,2020,2,11,1,79.9,80.9,80.97,79.68,94320000.0,-0.006,-0.006095285483268986,1.289999999999992,-1.0,81.8
2020-02-12,2020,2,12,2,81.8,80.37,81.81,80.37,113730000.0,0.023700000000000002,0.023779724655819567,1.4399999999999977,1.4299999999999926,81.22
2020-02-13,2020,2,13,3,81.22,81.05,81.56,80.84,94750000.0,-0.0070999999999999995,-0.007090464547677255,0.7199999999999989,0.1700000000000017,81.24
2020-02-14,2020,2,14,4,81.24,81.18,81.5,80.71,80110000.0,0.0002,0.0002462447672986201,0.7900000000000063,0.05999999999998806,79.75
2020-02-18,2020,2,18,1,79.75,78.84,79.94,78.65,152760000.0,-0.0183,-0.018340718857705496,1.289999999999992,0.9099999999999966,80.9
2020-02-19,2020,2,19,2,80.9,80.0,81.14,80.0,93980000.0,0.014499999999999999,0.014420062695924774,1.1400000000000006,0.9000000000000057,80.07
2020-02-20,2020,2,20,3,80.07,80.66,81.16,79.55,100570000.0,-0.0103,-0.010259579728059465,1.6099999999999994,-0.5900000000000034,78.26
2020-02-21,2020,2,21,4,78.26,79.65,80.11,77.63,129710000.00000001,-0.0226,-0.022605220432121764,2.480000000000004,-1.3900000000000006,74.54
2020-02-24,2020,2,24,0,74.54,74.32,76.04,72.31,222200000.0,-0.0475,-0.04753386148734984,3.730000000000004,0.22000000000001307,72.02
2020-02-25,2020,2,25,1,72.02,75.24,75.63,71.53,230670000.0,-0.0339,-0.03380735175744576,4.099999999999994,-3.219999999999999,73.16
2020-02-26,2020,2,26,2,73.16,71.63,74.47,71.63,198710000.0,0.0159,0.015828936406553806,2.8400000000000034,1.5300000000000011,68.38
2020-02-27,2020,2,27,3,68.38,70.28,71.5,68.24,320610000.0,-0.0654,-0.06533624931656645,3.260000000000005,-1.9000000000000057,68.34
2020-02-28,2020,2,28,4,68.34,64.32,69.6,64.09,426880000.0,-0.0006,-0.0005849663644339476,5.509999999999991,4.02000000000001,74.7
2020-03-02,2020,3,2,0,74.7,70.57,75.36,69.43,341400000.0,0.0931,0.09306409130816506,5.929999999999993,4.13000000000001,72.33
2020-03-03,2020,3,3,1,72.33,75.92,76.0,71.45,319480000.0,-0.0318,-0.031726907630522105,4.549999999999997,-3.5900000000000034,75.68
2020-03-04,2020,3,4,2,75.68,74.11,75.85,73.28,219180000.0,0.0464,0.046315498410065103,2.569999999999993,1.5700000000000074,73.23
2020-03-05,2020,3,5,3,73.23,73.88,74.89,72.85,187570000.0,-0.032400000000000005,-0.03237315010570829,2.0400000000000063,-0.6499999999999915,72.26
2020-03-06,2020,3,6,4,72.26,70.5,72.71,70.31,226180000.0,-0.013300000000000001,-0.013245937457326162,2.3999999999999915,1.7600000000000051,66.54
2020-03-09,2020,3,9,0,66.54,65.94,69.52,65.75,286740000.0,-0.0791,-0.07915859396623304,3.769999999999996,0.6000000000000085,71.33
2020-03-10,2020,3,10,1,71.33,69.29,71.61,67.34,285290000.0,0.07200000000000001,0.07198677487225713,4.269999999999996,2.039999999999992,68.86
2020-03-11,2020,3,11,2,68.86,69.35,70.31,67.96,256380000.0,-0.0347,-0.034627786345156286,2.3500000000000085,-0.4899999999999949,62.06
2020-03-12,2020,3,12,3,62.06,63.99,67.5,62.0,418470000.0,-0.09880000000000001,-0.09875108916642461,5.5,-1.9299999999999997,69.49
2020-03-13,2020,3,13,4,69.49,66.22,69.98,63.24,370730000.0,0.1198,0.11972284885594564,6.740000000000002,3.269999999999996,60.55
2020-03-16,2020,3,16,0,60.55,60.49,64.77,60.0,322420000.0,-0.1286,-0.12865160454741686,4.769999999999996,0.05999999999999517,63.22
2020-03-17,2020,3,17,1,63.22,61.88,64.4,59.6,324060000.0,0.044000000000000004,0.04409578860445906,4.800000000000004,1.3399999999999963,61.67
2020-03-18,2020,3,18,2,61.67,59.94,62.5,59.28,300230000.0,-0.0245,-0.024517557734893947,3.219999999999999,1.730000000000004,61.19
2020-03-19,2020,3,19,3,61.19,61.85,63.21,60.65,271860000.0,-0.0077,-0.007783363061456217,2.5600000000000023,-0.6600000000000037,57.31
2020-03-20,2020,3,20,4,57.31,61.79,62.96,57.0,401690000.0,-0.0635,-0.06340905376695527,5.960000000000001,-4.479999999999997,56.09
2020-03-23,2020,3,23,0,56.09,57.02,57.12,53.15,336750000.0,-0.0212,-0.021287733379863893,3.969999999999999,-0.9299999999999997,61.72
2020-03-24,2020,3,24,1,61.72,59.09,61.92,58.58,287530000.0,0.1003,0.10037439828846484,3.3400000000000034,2.6299999999999955,61.38
2020-03-25,2020,3,25,2,61.38,62.69,64.56,61.08,303600000.0,-0.0055000000000000005,-0.00550874918988975,3.480000000000004,-1.3099999999999952,64.61
2020-03-26,2020,3,26,3,64.61,61.63,64.67,61.59,252560000.0,0.0526,0.05262300423590749,3.0799999999999983,2.979999999999997,61.94
2020-03-27,2020,3,27,4,61.94,63.19,63.97,61.76,204220000.0,-0.0414,-0.04132487231078785,2.210000000000001,-1.25,63.7
2020-03-30,2020,3,30,0,63.7,62.69,63.88,62.35,167980000.0,0.0285,0.02841459476913144,1.5300000000000011,1.0100000000000051,63.57
2020-03-31,2020,3,31,1,63.57,63.9,65.62,63.0,197000000.0,-0.002,-0.0020408163265306367,2.6200000000000045,-0.3299999999999983,60.23
2020-04-01,2020,4,1,2,60.23,61.63,62.18,59.78,176220000.0,-0.0526,-0.05254050652823661,2.3999999999999986,-1.4000000000000057,61.23
2020-04-02,2020,4,2,3,61.23,60.08,61.29,59.22,165930000.0,0.0167,0.016603021749958424,2.0700000000000003,1.1499999999999986,60.35
2020-04-03,2020,4,3,4,60.35,60.7,61.42,59.74,129880000.0,-0.0144,-0.014372039849746776,1.6799999999999997,-0.3500000000000014,65.62
2020-04-06,2020,4,6,0,65.62,62.72,65.78,62.35,201820000.0,0.0872,0.08732394366197194,3.4299999999999997,2.9000000000000057,64.86
2020-04-07,2020,4,7,1,64.86,67.7,67.93,64.75,202890000.0,-0.0116,-0.011581834806461577,3.180000000000007,-2.8400000000000034,66.52
2020-04-08,2020,4,8,2,66.52,65.68,66.84,65.31,168900000.0,0.0256,0.025593586185630457,1.5300000000000011,0.8399999999999892,67.0
2020-04-09,2020,4,9,3,67.0,67.18,67.52,66.18,162120000.0,0.0072,0.007215874924834775,1.3399999999999892,-0.18000000000000682,68.31
2020-04-13,2020,4,13,0,68.31,67.08,68.43,66.46,131020000.00000001,0.0196,0.019552238805970124,1.970000000000013,1.230000000000004,71.76
2020-04-14,2020,4,14,1,71.76,70.0,72.06,69.51,194990000.0,0.050499999999999996,0.05050505050505061,2.549999999999997,1.7600000000000051,71.11
2020-04-15,2020,4,15,2,71.11,70.6,71.58,70.16,131150000.0,-0.0091,-0.009057971014492794,1.4200000000000017,0.5100000000000051,71.67
2020-04-16,2020,4,16,3,71.67,71.85,72.05,70.59,157130000.0,0.0079,0.007875123048797672,1.4599999999999937,-0.1799999999999926,70.7
2020-04-17,2020,4,17,4,70.7,71.17,71.74,69.21,215250000.0,-0.013600000000000001,-0.013534254220733954,2.530000000000001,-0.46999999999999886,69.23
2020-04-20,2020,4,20,0,69.23,69.49,70.42,69.21,130020000.00000001,-0.0208,-0.02079207920792081,1.210000000000008,-0.2599999999999909,67.09
2020-04-21,2020,4,21,1,67.09,69.07,69.31,66.36,180990000.0,-0.030899999999999997,-0.03091145457171751,2.950000000000003,-1.9799999999999898,69.03
2020-04-22,2020,4,22,2,69.03,68.4,69.47,68.05,117060000.0,0.0288,0.028916380980771983,1.4200000000000017,0.6299999999999955,68.76
2020-04-23,2020,4,23,3,68.76,68.97,70.44,68.72,124810000.0,-0.0039000000000000003,-0.003911342894393655,1.7199999999999989,-0.20999999999999375,70.74
2020-04-24,2020,4,24,4,70.74,69.3,70.75,69.25,126510000.0,0.028900000000000002,0.028795811518324443,1.5,1.4399999999999977,70.79
2020-04-27,2020,4,27,0,70.79,70.45,71.14,69.99,117090000.0,0.0007000000000000001,0.0007068136839130101,1.1500000000000057,0.3400000000000034,69.64
2020-04-28,2020,4,28,1,69.64,71.27,71.46,69.55,112000000.0,-0.016200000000000003,-0.016245232377454566,1.9099999999999966,-1.6299999999999955,71.93
2020-04-29,2020,4,29,2,71.93,71.18,72.42,70.97,137280000.0,0.032799999999999996,0.032883400344629665,1.4500000000000028,0.75,73.45
2020-04-30,2020,4,30,3,73.45,72.49,73.63,72.09,183060000.0,0.021099999999999997,0.021131655776449376,1.539999999999992,0.960000000000008,72.27
2020-05-01,2020,5,1,4,72.27,71.56,74.75,71.46,240620000.0,-0.0161,-0.016065350578625015,3.2900000000000063,0.7099999999999937,73.29
2020-05-04,2020,5,4,0,73.29,72.29,73.42,71.58,133570000.0,0.0141,0.014113740141137532,1.8400000000000034,1.0,74.39
2020-05-05,2020,5,5,1,74.39,73.76,75.25,73.61,147750000.0,0.015,0.015008868877063541,1.6400000000000006,0.6299999999999955,75.16
2020-05-06,2020,5,6,2,75.16,75.11,75.81,74.72,142330000.0,0.0103,0.010350853609355948,1.0900000000000034,0.04999999999999716,75.93
2020-05-07,2020,5,7,3,75.93,75.81,76.29,75.49,115220000.0,0.0103,0.010244811069717974,0.8000000000000114,0.12000000000000455,77.53
2020-05-08,2020,5,8,4,77.53,76.41,77.59,76.07,134050000.00000001,0.021,0.021072040036876016,1.5200000000000102,1.1200000000000045,78.75
2020-05-11,2020,5,11,0,78.75,77.03,79.26,76.81,145950000.0,0.015700000000000002,0.015735844189346038,2.450000000000003,1.7199999999999989,77.85
2020-05-12,2020,5,12,1,77.85,79.46,79.92,77.73,162300000.0,-0.011399999999999999,-0.011428571428571455,2.1899999999999977,-1.6099999999999994,76.91
2020-05-13,2020,5,13,2,76.91,78.04,78.99,75.8,200620000.0,-0.0121,-0.012074502247912622,3.1899999999999977,-1.1300000000000097,77.39
2020-05-14,2020,5,14,3,77.39,76.13,77.45,75.38,158930000.0,0.0060999999999999995,0.006241060980366697,2.0700000000000074,1.2600000000000051,76.93
2020-05-15,2020,5,15,4,76.93,75.09,76.97,75.05,166350000.0,-0.0059,-0.005943920403152836,1.9200000000000017,1.8400000000000034,78.74
2020-05-18,2020,5,18,0,78.74,78.29,79.13,77.58,135370000.0,0.0236,0.02352788249057558,1.5499999999999972,0.44999999999998863,78.29
2020-05-19,2020,5,19,1,78.29,78.76,79.63,78.25,101730000.0,-0.0058,-0.005715011430022732,1.3799999999999955,-0.46999999999999886,79.81
2020-05-20,2020,5,20,2,79.81,79.17,79.88,79.05,111500000.0,0.0194,0.019414995529441814,0.8299999999999983,0.6400000000000006,79.21
2020-05-21,2020,5,21,3,79.21,79.67,80.22,78.97,102690000.0,-0.0075,-0.007517854905400467,1.25,-0.46000000000000796,79.72
2020-05-22,2020,5,22,4,79.72,78.94,79.81,78.84,81800000.0,0.0064,0.006438580987249143,0.9699999999999989,0.7800000000000011,79.18
2020-05-26,2020,5,26,1,79.18,80.88,81.06,79.13,125520000.0,-0.0068000000000000005,-0.0067737079779226494,1.9300000000000068,-1.6999999999999886,79.53
2020-05-27,2020,5,27,2,79.53,79.04,79.68,78.27,112950000.0,0.0044,0.004420308158625819,1.4100000000000108,0.4899999999999949,79.56
2020-05-28,2020,5,28,3,79.56,79.19,80.86,78.91,133800000.00000001,0.0004,0.0003772161448509781,1.9500000000000028,0.37000000000000455,79.49
2020-05-29,2020,5,29,4,79.49,79.81,80.29,79.12,153600000.0,-0.001,-0.0008798391151333407,1.1700000000000017,-0.3200000000000074,80.46
2020-06-01,2020,6,1,0,80.46,79.44,80.59,79.3,81020000.0,0.0123,0.012202792804126394,1.2900000000000063,1.019999999999996,80.83
2020-06-02,2020,6,2,1,80.83,80.19,80.86,79.73,87640000.0,0.0046,0.004598558289833576,1.1299999999999955,0.6400000000000006,81.28
2020-06-03,2020,6,3,2,81.28,81.17,81.55,80.57,104490000.0,0.0055000000000000005,0.005567239886181019,0.980000000000004,0.10999999999999943,80.58
2020-06-04,2020,6,4,3,80.58,81.1,81.4,80.19,87560000.0,-0.0086,-0.008612204724409489,1.210000000000008,-0.519999999999996,82.88
2020-06-05,2020,6,5,4,82.88,80.84,82.94,80.81,137250000.0,0.0285,0.02854306279473806,2.1299999999999955,2.039999999999992,83.36
2020-06-08,2020,6,8,0,83.36,82.56,83.4,81.83,95650000.0,0.0059,0.005791505791505891,1.5700000000000074,0.7999999999999972,86.0
2020-06-09,2020,6,9,1,86.0,83.04,86.4,83.0,147710000.0,0.0316,0.031669865642994344,3.4000000000000057,2.9599999999999937,88.21
2020-06-10,2020,6,10,2,88.21,86.97,88.69,86.52,166650000.0,0.025699999999999997,0.0256976744186046,2.1700000000000017,1.2399999999999949,83.97
2020-06-11,2020,6,11,3,83.97,87.33,87.76,83.87,201660000.0,-0.048,-0.0480671125722707,3.8900000000000006,-3.3599999999999994,84.7
2020-06-12,2020,6,12,4,84.7,86.18,86.95,83.56,200150000.0,0.0086,0.008693581040847942,3.3900000000000006,-1.480000000000004,85.75
2020-06-15,2020,6,15,0,85.75,83.31,86.42,83.14,138810000.0,0.0124,0.012396694214876103,3.280000000000001,2.4399999999999977,88.02
2020-06-16,2020,6,16,1,88.02,87.86,88.3,86.18,165430000.0,0.0265,0.026472303206997116,2.1199999999999903,0.1599999999999966,87.9
2020-06-17,2020,6,17,2,87.9,88.79,88.85,87.77,114410000.0,-0.0014000000000000002,-0.0013633265167006803,1.0799999999999983,-0.8900000000000006,87.93
2020-06-18,2020,6,18,3,87.93,87.85,88.36,87.31,96820000.0,0.0004,0.0003412969283276279,1.0499999999999972,0.0800000000000125,87.43
2020-06-19,2020,6,19,4,87.43,88.66,89.14,86.29,264480000.00000003,-0.005699999999999999,-0.005686341407938111,2.8499999999999943,-1.2299999999999898,89.72
2020-06-22,2020,6,22,0,89.72,87.83,89.86,87.79,135450000.0,0.0262,0.026192382477410403,2.069999999999993,1.8900000000000006,91.63
2020-06-23,2020,6,23,1,91.63,91.0,93.1,90.57,212160000.0,0.0213,0.021288452964779214,2.530000000000001,0.6299999999999955,90.01
2020-06-24,2020,6,24,2,90.01,91.25,92.2,89.63,192620000.0,-0.0177,-0.017679799192404144,2.5700000000000074,-1.2399999999999949,91.21
2020-06-25,2020,6,25,3,91.21,90.18,91.25,89.39,137520000.0,0.013300000000000001,0.013331852016442491,1.8599999999999994,1.029999999999987,88.41
2020-06-26,2020,6,26,4,88.41,91.1,91.33,88.25,205260000.0,-0.030699999999999998,-0.03069838833461236,3.0799999999999983,-2.6899999999999977,90.44
2020-06-29,2020,6,29,0,90.44,88.31,90.54,87.82,130650000.0,0.023,0.022961203483768733,2.720000000000013,2.1299999999999955,91.2
2020-06-30,2020,6,30,1,91.2,90.02,91.5,90.0,140220000.0,0.0083,0.008403361344537785,1.5,1.1800000000000068,91.03
2020-07-01,2020,7,1,2,91.03,91.28,91.84,90.98,110740000.0,-0.0019,-0.0018640350877192624,0.8599999999999994,-0.25,91.03
2020-07-02,2020,7,2,3,91.03,91.96,92.62,90.91,114040000.0,0.0,0.0,1.710000000000008,-0.9299999999999926,93.46
2020-07-06,2020,7,6,0,93.46,92.5,93.94,92.47,118660000.0,0.0268,0.026694496319894512,1.4699999999999989,0.9599999999999937,93.17
2020-07-07,2020,7,7,1,93.17,93.85,94.65,93.06,112420000.0,-0.0031,-0.0031029317355016905,1.5900000000000034,-0.6799999999999926,95.34
2020-07-08,2020,7,8,2,95.34,94.18,95.38,94.09,117090000.0,0.0233,0.023290758827948954,1.289999999999992,1.1599999999999966,95.68
2020-07-09,2020,7,9,3,95.68,96.26,96.32,94.67,125640000.0,0.0036,0.0035661841829242036,1.6499999999999915,-0.5799999999999983,95.92
2020-07-10,2020,7,10,4,95.92,95.33,95.98,94.71,90260000.0,0.0025,0.0025083612040133207,1.2700000000000102,0.5900000000000034,95.48
2020-07-13,2020,7,13,0,95.48,97.26,99.96,95.26,191650000.0,-0.0046,-0.004587155963302725,4.699999999999989,-1.7800000000000011,97.06
2020-07-14,2020,7,14,1,97.06,94.84,97.25,93.88,170990000.0,0.0165,0.01654796816087134,3.3700000000000045,2.219999999999999,97.72
2020-07-15,2020,7,15,2,97.72,98.99,99.25,96.49,153200000.0,0.0069,0.006799917576756576,2.760000000000005,-1.269999999999996,96.52
2020-07-16,2020,7,16,3,96.52,96.56,97.4,95.9,110580000.0,-0.0123,-0.012279983626688473,1.5,-0.04000000000000625,96.33
2020-07-17,2020,7,17,4,96.33,96.99,97.15,95.84,92190000.0,-0.002,-0.0019685039370078705,1.3100000000000023,-0.6599999999999966,98.36
2020-07-20,2020,7,20,0,98.36,96.42,98.5,96.06,90320000.0,0.021099999999999997,0.021073393543029173,2.4399999999999977,1.9399999999999977,97.0
2020-07-21,2020,7,21,1,97.0,99.17,99.25,96.74,103650000.0,-0.0138,-0.013826758845058906,2.510000000000005,-2.1700000000000017,97.27
2020-07-22,2020,7,22,2,97.27,96.69,97.97,96.6,89000000.0,0.0028000000000000004,0.0027835051546392098,1.3700000000000045,0.5799999999999983,92.85
2020-07-23,2020,7,23,3,92.85,97.0,97.08,92.01,197000000.0,-0.0455,-0.04544052636989826,5.069999999999993,-4.150000000000006,92.61
2020-07-24,2020,7,24,4,92.61,90.99,92.97,89.14,185440000.0,-0.0025,-0.0025848142164781596,3.8299999999999983,1.6200000000000045,94.81
2020-07-27,2020,7,27,0,94.81,93.71,94.9,93.48,121210000.0,0.023700000000000002,0.023755533959615605,1.4200000000000017,1.1000000000000085,93.25
2020-07-28,2020,7,28,1,93.25,94.37,94.55,93.25,103630000.0,-0.016399999999999998,-0.016453960552684332,1.2999999999999972,-1.1200000000000045,95.04
2020-07-29,2020,7,29,2,95.04,93.75,95.23,93.71,90330000.0,0.0192,0.01919571045576407,1.5200000000000102,1.2900000000000063,96.19
2020-07-30,2020,7,30,3,96.19,94.19,96.3,93.77,158130000.0,0.0121,0.01210016835016825,2.530000000000001,2.0,106.26
2020-07-31,2020,7,31,4,106.26,102.88,106.42,100.82,374300000.0,0.1047,0.1046886370724609,5.6000000000000085,3.3800000000000097,108.94
2020-08-03,2020,8,3,0,108.94,108.2,111.64,107.89,308150000.0,0.0252,0.0252211556559383,3.75,0.7399999999999949,109.67
2020-08-04,2020,8,4,1,109.67,109.13,110.79,108.39,172790000.0,0.0067,0.006700936295208404,2.4000000000000057,0.5400000000000063,110.06
2020-08-05,2020,8,5,2,110.06,109.38,110.39,108.9,121990000.0,0.0036,0.0035561229141971573,1.4899999999999949,0.6800000000000068,113.9
2020-08-06,2020,8,6,3,113.9,110.4,114.41,109.8,202430000.0,0.0349,0.034890059967290554,4.609999999999999,3.5,111.11
2020-08-07,2020,8,7,4,111.11,113.21,113.68,110.29,198050000.0,-0.0245,-0.02449517120280953,3.3900000000000006,-2.0999999999999943,112.73
2020-08-10,2020,8,10,0,112.73,112.6,113.78,110.0,212400000.0,0.014499999999999999,0.014580145801458055,3.780000000000001,0.13000000000000966,109.38
2020-08-11,2020,8,11,1,109.38,111.97,112.48,109.11,187900000.0,-0.0297,-0.029717022975250695,3.3700000000000045,-2.5900000000000034,113.01
2020-08-12,2020,8,12,2,113.01,110.5,113.28,110.3,165940000.0,0.0332,0.03318705430608904,2.980000000000004,2.510000000000005,115.01
2020-08-13,2020,8,13,3,115.01,114.43,116.04,113.93,210080000.0,0.0177,0.01769754888947883,2.1099999999999994,0.5799999999999983,114.91
2020-08-14,2020,8,14,4,114.91,114.83,115.0,113.04,165570000.0,-0.0009,-0.0008694896095992055,1.9599999999999937,0.0799999999999983,114.61
2020-08-17,2020,8,17,0,114.61,116.06,116.09,113.96,119560000.0,-0.0026,-0.0026107388390914643,2.1300000000000097,-1.4500000000000028,115.56
2020-08-18,2020,8,18,1,115.56,114.35,116.0,114.01,105630000.0,0.0083,0.008288980019195646,1.9899999999999949,1.210000000000008,115.71
2020-08-19,2020,8,19,2,115.71,115.98,117.16,115.61,145540000.0,0.0013,0.0012980269989615323,1.5499999999999972,-0.27000000000001023,118.28
2020-08-20,2020,8,20,3,118.28,115.75,118.39,115.73,126910000.0,0.0222,0.02221069916169749,2.6599999999999966,2.530000000000001,124.37
2020-08-21,2020,8,21,4,124.37,119.26,124.87,119.25,338050000.0,0.051500000000000004,0.051487994589110686,5.6200000000000045,5.109999999999999,125.86
2020-08-24,2020,8,24,0,125.86,128.7,128.79,123.94,345940000.0,0.012,0.011980381120848982,4.849999999999994,-2.839999999999989,124.82
2020-08-25,2020,8,25,1,124.82,124.7,125.18,123.05,211500000.0,-0.008199999999999999,-0.0082631495312252,2.1300000000000097,0.11999999999999034,126.52
2020-08-26,2020,8,26,2,126.52,126.18,126.99,125.08,163020000.0,0.013600000000000001,0.013619612241627888,1.9099999999999966,0.3399999999999892,125.01
2020-08-27,2020,8,27,3,125.01,127.14,127.49,123.83,155550000.0,-0.012,-0.011934871957002824,3.6599999999999966,-2.1299999999999955,124.81
2020-08-28,2020,8,28,4,124.81,126.01,126.44,124.58,187630000.0,-0.0016,-0.001599872010239256,1.8599999999999994,-1.2000000000000028,129.04
2020-08-31,2020,8,31,0,129.04,127.58,131.0,126.0,225700000.0,0.0339,0.033891515102956404,5.0,1.4599999999999937,134.18
2020-09-01,2020,9,1,1,134.18,132.76,134.8,130.53,152470000.0,0.0398,0.03983261004339744,4.27000000000001,1.420000000000016,131.4
2020-09-02,2020,9,2,2,131.4,137.59,137.98,127.0,200120000.0,-0.0207,-0.020718437919213017,10.97999999999999,-6.189999999999998,120.88
2020-09-03,2020,9,3,3,120.88,126.91,128.84,120.5,257600000.00000003,-0.0801,-0.08006088280060886,8.340000000000003,-6.030000000000001,120.96
2020-09-04,2020,9,4,4,120.96,120.07,123.7,110.89,332610000.0,0.0007000000000000001,0.0006618133686300265,12.810000000000002,0.8900000000000006,112.82
2020-09-08,2020,9,8,1,112.82,113.95,118.99,112.68,231370000.0,-0.0673,-0.0672949735449736,6.309999999999988,-1.1300000000000097,117.32
2020-09-09,2020,9,9,2,117.32,117.26,119.14,115.26,176940000.0,0.039900000000000005,0.039886544938840585,3.8799999999999955,0.05999999999998806,113.49
2020-09-10,2020,9,10,3,113.49,120.36,120.5,112.5,182270000.0,-0.0326,-0.03264575519945445,8.0,-6.8700000000000045,112.0
2020-09-11,2020,9,11,4,112.0,114.57,115.23,110.0,180860000.0,-0.0131,-0.013128910036126484,5.230000000000004,-2.569999999999993,115.36
2020-09-14,2020,9,14,0,115.36,114.72,115.93,112.8,140150000.0,0.03,0.030000000000000027,3.1300000000000097,0.6400000000000006,115.54
2020-09-15,2020,9,15,1,115.54,118.33,118.83,113.61,184640000.0,0.0016,0.0015603328710125375,5.219999999999999,-2.789999999999992,112.13
2020-09-16,2020,9,16,2,112.13,115.23,116.0,112.04,155030000.0,-0.029500000000000002,-0.029513588367664934,3.9599999999999937,-3.1000000000000085,110.34
2020-09-17,2020,9,17,3,110.34,109.72,112.2,108.71,178010000.0,-0.016,-0.015963613662712817,3.490000000000009,0.6200000000000045,106.84
2020-09-18,2020,9,18,4,106.84,110.4,110.88,106.09,287100000.0,-0.0317,-0.03172013775602678,4.789999999999992,-3.5600000000000023,110.08
2020-09-21,2020,9,21,0,110.08,104.54,110.19,103.1,195710000.0,0.030299999999999997,0.030325720703856085,7.090000000000003,5.539999999999992,111.81
2020-09-22,2020,9,22,1,111.81,112.68,112.86,109.16,183060000.0,0.015700000000000002,0.015715843023255793,3.700000000000003,-0.8700000000000045,107.12
2020-09-23,2020,9,23,2,107.12,111.62,112.11,106.77,150720000.0,-0.04190000000000001,-0.0419461586620159,5.340000000000003,-4.5,108.22
2020-09-24,2020,9,24,3,108.22,105.17,110.25,105.0,167740000.0,0.0103,0.01026885735623595,5.25,3.049999999999997,112.28
2020-09-25,2020,9,25,4,112.28,108.43,112.44,107.67,149980000.0,0.0375,0.03751617076326008,4.769999999999996,3.8499999999999943,114.96
2020-09-28,2020,9,28,0,114.96,115.01,115.32,112.78,137670000.0,0.0239,0.02386889918061974,2.539999999999992,-0.05000000000001137,114.09
2020-09-29,2020,9,29,1,114.09,114.55,115.31,113.57,100060000.0,-0.0076,-0.007567849686847539,1.740000000000009,-0.45999999999999375,115.81
2020-09-30,2020,9,30,2,115.81,113.79,117.26,113.62,142680000.0,0.0151,0.015075817337189878,3.6400000000000006,2.019999999999996,116.79
2020-10-01,2020,10,1,3,116.79,117.64,117.72,115.83,116120000.0,0.0085,0.008462136257663344,1.8900000000000006,-0.8499999999999943,113.02
2020-10-02,2020,10,2,4,113.02,112.89,115.37,112.22,144710000.0,-0.0323,-0.032280160972686156,3.1500000000000057,0.12999999999999545,116.5
2020-10-05,2020,10,5,0,116.5,113.91,116.65,113.55,106240000.0,0.0308,0.03079101044062993,3.1000000000000085,2.5900000000000034,113.16
2020-10-06,2020,10,6,1,113.16,115.7,116.12,112.25,161500000.0,-0.0287,-0.028669527896995728,3.8700000000000045,-2.5400000000000063,115.08
2020-10-07,2020,10,7,2,115.08,114.62,115.55,114.13,96850000.0,0.017,0.016967126193001114,1.4200000000000017,0.45999999999999375,114.97
2020-10-08,2020,10,8,3,114.97,116.25,116.4,114.59,83480000.0,-0.001,-0.0009558567952728803,1.8100000000000023,-1.2800000000000011,116.97
2020-10-09,2020,10,9,4,116.97,115.28,117.0,114.92,100510000.0,0.0174,0.017395842393667982,2.0799999999999983,1.6899999999999977,124.4
2020-10-12,2020,10,12,0,124.4,120.06,125.18,119.28,240230000.0,0.0635,0.06352056082756263,5.900000000000006,4.340000000000003,121.1
2020-10-13,2020,10,13,1,121.1,125.27,125.39,119.65,262329999.99999997,-0.0265,-0.026527331189710734,5.739999999999995,-4.170000000000002,121.19
2020-10-14,2020,10,14,2,121.19,121.0,123.03,119.62,151060000.0,0.0007000000000000001,0.0007431874483898593,3.4099999999999966,0.18999999999999773,120.71
2020-10-15,2020,10,15,3,120.71,118.72,121.2,118.15,112560000.0,-0.004,-0.003960722831916841,3.049999999999997,1.9899999999999949,119.02
2020-10-16,2020,10,16,4,119.02,121.28,121.55,118.81,115390000.0,-0.013999999999999999,-0.01400049705906714,2.739999999999995,-2.260000000000005,115.98
2020-10-19,2020,10,19,0,115.98,119.96,120.42,115.66,120640000.0,-0.0255,-0.0255419257267685,4.760000000000005,-3.9799999999999898,117.51
2020-10-20,2020,10,20,1,117.51,116.2,118.98,115.63,124420000.0,0.0132,0.013191929643041833,3.3500000000000085,1.3100000000000023,116.87
2020-10-21,2020,10,21,2,116.87,116.67,118.71,116.45,89950000.0,-0.0054,-0.0054463449919155416,2.259999999999991,0.20000000000000284,115.75
2020-10-22,2020,10,22,3,115.75,117.45,118.04,114.59,101990000.0,-0.0096,-0.009583297681184266,3.450000000000003,-1.7000000000000028,115.04
2020-10-23,2020,10,23,4,115.04,116.39,116.55,114.28,82570000.0,-0.0060999999999999995,-0.006133909287256989,2.269999999999996,-1.3499999999999943,115.05
2020-10-26,2020,10,26,0,115.05,114.01,116.55,112.88,111850000.0,0.0001,8.692628650885936e-05,3.6700000000000017,1.039999999999992,116.6
2020-10-27,2020,10,27,1,116.6,115.49,117.28,114.54,92280000.0,0.013500000000000002,0.013472403302911662,2.739999999999995,1.1099999999999994,111.2
2020-10-28,2020,10,28,2,111.2,115.05,115.43,111.1,143940000.0,-0.0463,-0.046312178387650005,4.3300000000000125,-3.8499999999999943,115.32
2020-10-29,2020,10,29,3,115.32,112.37,116.93,112.2,146130000.0,0.0371,0.03705035971223003,4.730000000000004,2.9499999999999886,108.86
2020-10-30,2020,10,30,4,108.86,111.06,111.99,107.72,190570000.0,-0.055999999999999994,-0.05601803676725625,4.269999999999996,-2.200000000000003,108.77
2020-11-02,2020,11,2,0,108.77,109.11,110.68,107.32,122870000.0,-0.0008,-0.0008267499540695056,3.3600000000000136,-0.3400000000000034,110.44
2020-11-03,2020,11,3,1,110.44,109.66,111.49,108.73,107620000.0,0.0154,0.015353498207226313,2.759999999999991,0.7800000000000011,114.95
2020-11-04,2020,11,4,2,114.95,114.14,115.59,112.35,138240000.0,0.0408,0.04083665338645415,3.240000000000009,0.8100000000000023,119.03
2020-11-05,2020,11,5,3,119.03,117.95,119.62,116.87,126390000.0,0.0355,0.03549369290996074,2.75,1.0799999999999983,118.69
2020-11-06,2020,11,6,4,118.69,118.32,119.2,116.13,114460000.0,-0.0029,-0.002856422750567078,3.0700000000000074,0.37000000000000455,116.32
2020-11-09,2020,11,9,0,116.32,120.5,121.99,116.05,154520000.0,-0.02,-0.01996798382340559,5.939999999999998,-4.180000000000007,115.97
2020-11-10,2020,11,10,1,115.97,115.55,117.59,114.13,138020000.0,-0.003,-0.0030089408528197747,3.460000000000008,0.4200000000000017,119.49
2020-11-11,2020,11,11,2,119.49,117.19,119.63,116.44,112290000.0,0.0304,0.030352677416573215,3.1899999999999977,2.299999999999997,119.21
2020-11-12,2020,11,12,3,119.21,119.62,120.53,118.57,103350000.0,-0.0023,-0.0023432923257176164,1.960000000000008,-0.4100000000000108,119.26
2020-11-13,2020,11,13,4,119.26,119.44,119.67,117.87,81690000.0,0.0004,0.0004194279003439938,1.7999999999999972,-0.1799999999999926,120.3
2020-11-16,2020,11,16,0,120.3,118.92,120.99,118.15,91180000.0,0.0087,0.008720442730169253,2.839999999999989,1.3799999999999955,119.39
2020-11-17,2020,11,17,1,119.39,119.55,120.67,118.96,74270000.0,-0.0076,-0.0075644222776392045,1.710000000000008,-0.1599999999999966,118.03
2020-11-18,2020,11,18,2,118.03,118.61,119.82,118.0,76320000.0,-0.011399999999999999,-0.01139123879721915,1.8199999999999932,-0.5799999999999983,118.64
2020-11-19,2020,11,19,3,118.64,117.59,119.06,116.81,74110000.0,0.0052,0.005168177581970745,2.25,1.0499999999999972,117.34
2020-11-20,2020,11,20,4,117.34,118.64,118.77,117.29,73600000.0,-0.011000000000000001,-0.010957518543492917,1.4799999999999898,-1.2999999999999972,113.85
2020-11-23,2020,11,23,0,113.85,117.18,117.62,113.75,127960000.0,-0.0297,-0.02974262825975804,3.8700000000000045,-3.3300000000000125,115.17
2020-11-24,2020,11,24,1,115.17,113.91,115.85,112.59,113870000.0,0.0116,0.011594202898550732,3.259999999999991,1.2600000000000051,116.03
2020-11-25,2020,11,25,2,116.03,115.55,116.75,115.17,76500000.0,0.0075,0.007467222366935866,1.5799999999999983,0.480000000000004,116.59
2020-11-27,2020,11,27,4,116.59,116.57,117.49,116.22,46690000.0,0.0048,0.004826338016030274,1.269999999999996,0.020000000000010232,119.05
2020-11-30,2020,11,30,0,119.05,116.97,120.97,116.81,169410000.0,0.021099999999999997,0.021099579723818485,4.159999999999997,2.0799999999999983,122.72
2020-12-01,2020,12,1,1,122.72,121.01,123.47,120.01,128169999.99999999,0.0308,0.030827383452330936,3.4599999999999937,1.7099999999999937,123.08
2020-12-02,2020,12,2,2,123.08,122.02,123.37,120.89,89000000.0,0.0029,0.002933507170795213,2.480000000000004,1.0600000000000023,122.94
2020-12-03,2020,12,3,3,122.94,123.52,123.78,122.21,78970000.0,-0.0011,-0.0011374715632109789,1.5700000000000074,-0.5799999999999983,122.25
2020-12-04,2020,12,4,4,122.25,122.6,122.86,121.52,78260000.0,-0.005600000000000001,-0.005612493899463167,1.3400000000000034,-0.3499999999999943,123.75
2020-12-07,2020,12,7,0,123.75,122.31,124.57,122.25,86710000.0,0.0123,0.012269938650306678,2.319999999999993,1.4399999999999977,124.38
2020-12-08,2020,12,8,1,124.38,124.37,124.98,123.09,82230000.0,0.0051,0.005090909090909035,1.8900000000000006,0.009999999999990905,121.78
2020-12-09,2020,12,9,2,121.78,124.53,125.95,121.0,115090000.0,-0.0209,-0.0209036822640295,4.950000000000003,-2.75,123.24
2020-12-10,2020,12,10,3,123.24,120.5,123.87,120.15,81310000.0,0.012,0.011988832320578124,3.719999999999999,2.739999999999995,122.41
2020-12-11,2020,12,11,4,122.41,122.43,122.76,120.55,86940000.0,-0.0067,-0.006734826355079493,2.210000000000008,-0.020000000000010232,121.78
2020-12-14,2020,12,14,0,121.78,122.6,123.35,121.54,79080000.0,-0.0051,-0.005146638346540278,1.809999999999988,-0.8199999999999932,127.88
2020-12-15,2020,12,15,1,127.88,124.34,127.9,124.13,157570000.0,0.0501,0.050090326818853725,3.7700000000000102,3.539999999999992,127.81
2020-12-16,2020,12,16,2,127.81,127.41,128.37,126.56,98210000.0,-0.0005,-0.0005473881764153088,1.8100000000000023,0.4000000000000057,128.7
2020-12-17,2020,12,17,3,128.7,128.9,129.58,128.04,94360000.0,0.006999999999999999,0.006963461387997638,1.5400000000000205,-0.20000000000001705,126.65
2020-12-18,2020,12,18,4,126.65,128.96,129.1,126.12,192540000.0,-0.0159,-0.015928515928515852,2.9799999999999898,-2.3100000000000023,128.23
2020-12-21,2020,12,21,0,128.23,125.02,128.31,123.45,121250000.0,0.0124,0.01247532570074994,4.859999999999999,3.2099999999999937,131.88
2020-12-22,2020,12,22,1,131.88,131.61,134.4,129.65,169350000.0,0.0285,0.02846447789128903,4.75,0.2699999999999818,130.96
2020-12-23,2020,12,23,2,130.96,132.16,132.43,130.78,88220000.0,-0.006999999999999999,-0.006976038823172437,1.6500000000000057,-1.1999999999999886,131.97
2020-12-24,2020,12,24,3,131.97,131.32,133.46,131.1,54930000.0,0.0077,0.007712278558338337,2.3600000000000136,0.6500000000000057,136.69
2020-12-28,2020,12,28,0,136.69,133.99,137.34,133.51,124490000.0,0.0358,0.03576570432674098,3.8300000000000125,2.6999999999999886,134.87
2020-12-29,2020,12,29,1,134.87,138.05,138.79,134.34,121050000.0,-0.013300000000000001,-0.013314799912210074,4.449999999999989,-3.180000000000007,133.72
2020-12-30,2020,12,30,2,133.72,135.58,135.99,133.4,96450000.0,-0.0085,-0.008526729443167569,2.5900000000000034,-1.8600000000000136,132.69
2020-12-31,2020,12,31,3,132.69,134.08,134.74,131.72,99120000.0,-0.0077,-0.00770266227938976,3.0200000000000102,-1.3900000000000148,129.41
2021-01-04,2021,1,4,0,129.41,133.52,133.61,126.76,143300000.0,-0.024700000000000003,-0.02471927048006628,6.8500000000000085,-4.110000000000014,131.01
2021-01-05,2021,1,5,1,131.01,128.89,131.74,128.43,97660000.0,0.0124,0.012363804960976665,3.3100000000000023,2.1200000000000045,126.6
2021-01-06,2021,1,6,2,126.6,127.72,131.05,126.38,155090000.0,-0.0337,-0.033661552553240215,4.670000000000016,-1.1200000000000045,130.92
2021-01-07,2021,1,7,3,130.92,128.36,131.63,127.86,109580000.0,0.0341,0.034123222748815074,3.769999999999996,2.559999999999974,132.05
2021-01-08,2021,1,8,4,132.05,132.43,132.63,130.23,105160000.0,0.0086,0.008631225175679935,2.4000000000000057,-0.37999999999999545,128.98
2021-01-11,2021,1,11,0,128.98,129.19,130.17,128.5,100620000.0,-0.0232,-0.023248769405528336,1.6699999999999875,-0.21000000000000796,128.8
2021-01-12,2021,1,12,1,128.8,128.5,129.69,126.86,91950000.0,-0.0014000000000000002,-0.0013955652039073785,2.8299999999999983,0.30000000000001137,130.89
2021-01-13,2021,1,13,2,130.89,128.76,131.45,128.49,88640000.0,0.016200000000000003,0.01622670807453397,2.9599999999999795,2.1299999999999955,128.91
2021-01-14,2021,1,14,3,128.91,130.8,131.0,128.76,90220000.0,-0.0151,-0.015127206050882358,2.240000000000009,-1.8900000000000148,127.14
2021-01-15,2021,1,15,4,127.14,128.78,130.22,127.0,111600000.0,-0.0137,-0.013730509657900791,3.219999999999999,-1.6400000000000006,127.83
2021-01-19,2021,1,19,1,127.83,127.78,128.71,126.94,90760000.0,0.0054,0.005427088249174039,1.7700000000000102,0.04999999999999716,132.03
2021-01-20,2021,1,20,2,132.03,128.66,132.49,128.55,104320000.0,0.0329,0.032856137057028834,3.9399999999999977,3.3700000000000045,136.87
2021-01-21,2021,1,21,3,136.87,133.8,139.67,133.59,120530000.0,0.036699999999999997,0.036658335226842365,6.079999999999984,3.069999999999993,139.07
2021-01-22,2021,1,22,4,139.07,136.28,139.85,135.02,114460000.0,0.0161,0.016073646525900376,4.829999999999984,2.789999999999992,142.92
2021-01-25,2021,1,25,0,142.92,143.07,145.09,136.54,157610000.0,0.0277,0.027683900194146682,8.550000000000011,-0.15000000000000568,143.16
2021-01-26,2021,1,26,1,143.16,143.6,144.3,141.37,98390000.0,0.0017000000000000001,0.0016792611251050804,2.930000000000007,-0.4399999999999977,142.06
2021-01-27,2021,1,27,2,142.06,143.43,144.3,140.41,140840000.0,-0.0077,-0.007683710533668564,3.890000000000015,-1.3700000000000045,137.09
2021-01-28,2021,1,28,3,137.09,139.52,141.99,136.7,142620000.0,-0.035,-0.03498521751372663,5.2900000000000205,-2.430000000000007,131.96
2021-01-29,2021,1,29,4,131.96,135.83,136.74,130.21,177520000.0,-0.0374,-0.037420672550879,6.530000000000001,-3.8700000000000045,134.14
2021-02-01,2021,2,1,0,134.14,133.75,135.38,130.93,106240000.0,0.0165,0.016520157623522103,4.449999999999989,0.38999999999998636,134.99
2021-02-02,2021,2,2,1,134.99,135.73,136.31,134.61,83310000.0,0.0063,0.00633666318771442,1.6999999999999886,-0.7399999999999807,133.94
2021-02-03,2021,2,3,2,133.94,135.76,135.77,133.61,89880000.0,-0.0078000000000000005,-0.0077783539521446565,2.1599999999999966,-1.8199999999999932,137.39
2021-02-04,2021,2,4,3,137.39,136.3,137.4,134.59,84180000.0,0.0258,0.025757802000895946,2.8100000000000023,1.089999999999975,136.76
2021-02-05,2021,2,5,4,136.76,137.35,137.42,135.86,75690000.0,-0.0046,-0.004585486571075048,1.5599999999999739,-0.5900000000000034,136.91
2021-02-08,2021,2,8,0,136.91,136.03,136.96,134.92,71300000.0,0.0011,0.0010968119333139015,2.0400000000000205,0.8799999999999955,136.01
2021-02-09,2021,2,9,1,136.01,136.62,137.88,135.85,76770000.0,-0.0066,-0.006573661529471919,2.030000000000001,-0.6100000000000136,135.39
2021-02-10,2021,2,10,2,135.39,136.48,136.99,134.4,73050000.0,-0.0046,-0.004558488346445122,2.5900000000000034,-1.0900000000000034,135.13
2021-02-11,2021,2,11,3,135.13,135.9,136.39,133.77,64280000.0,-0.0019,-0.00192037816677737,2.619999999999976,-0.7700000000000102,135.37
2021-02-12,2021,2,12,4,135.37,134.35,135.53,133.69,60150000.0,0.0018,0.0017760674905646923,1.8400000000000034,1.0200000000000102,133.19
2021-02-16,2021,2,16,1,133.19,135.49,136.01,132.79,80580000.0,-0.0161,-0.016104011228484927,3.219999999999999,-2.3000000000000114,130.84
2021-02-17,2021,2,17,2,130.84,131.25,132.22,129.47,98090000.0,-0.0176,-0.017643967264809657,2.75,-0.4099999999999966,129.71
2021-02-18,2021,2,18,3,129.71,129.2,129.99,127.41,96860000.0,-0.0086,-0.00863650259859372,2.5800000000000125,0.5100000000000193,129.87
2021-02-19,2021,2,19,4,129.87,130.24,130.71,128.8,87670000.0,0.0012,0.0012335209313083517,1.9099999999999966,-0.37000000000000455,126.0
2021-02-22,2021,2,22,0,126.0,128.01,129.72,125.6,103920000.0,-0.0298,-0.02979902979902982,4.1200000000000045,-2.009999999999991,125.86
2021-02-23,2021,2,23,1,125.86,123.76,126.71,118.39,158270000.0,-0.0011,-0.0011111111111110628,8.319999999999993,2.0999999999999943,125.35
2021-02-24,2021,2,24,2,125.35,124.94,125.56,122.23,111040000.0,-0.0040999999999999995,-0.0040521214047354315,3.3299999999999983,0.4099999999999966,120.99
2021-02-25,2021,2,25,3,120.99,124.68,126.46,120.54,148200000.0,-0.0348,-0.034782608695652195,5.9199999999999875,-3.690000000000012,121.26
2021-02-26,2021,2,26,4,121.26,122.59,124.85,121.2,164560000.0,0.0022,0.002231589387552857,3.6499999999999915,-1.3299999999999983,127.79
2021-03-01,2021,3,1,0,127.79,123.75,127.93,122.79,116310000.0,0.053899999999999997,0.05385122876463799,5.140000000000001,4.040000000000006,125.12
2021-03-02,2021,3,2,1,125.12,128.41,128.72,125.01,102260000.0,-0.0209,-0.020893653650520427,3.7099999999999937,-3.289999999999992,122.06
2021-03-03,2021,3,3,2,122.06,124.81,125.71,121.84,112970000.0,-0.0245,-0.024456521739130488,3.8699999999999903,-2.75,120.13
2021-03-04,2021,3,4,3,120.13,121.75,123.6,118.62,178150000.0,-0.0158,-0.015811895788956254,4.97999999999999,-1.6200000000000045,121.42
2021-03-05,2021,3,5,4,121.42,120.98,121.93,117.57,153770000.0,0.010700000000000001,0.010738366769333263,4.360000000000014,0.4399999999999977,116.36
2021-03-08,2021,3,8,0,116.36,120.93,121.0,116.21,154380000.0,-0.0417,-0.04167352989622797,4.790000000000006,-4.570000000000007,121.08
2021-03-09,2021,3,9,1,121.08,119.03,122.06,118.79,129530000.0,0.0406,0.040563767617737945,3.269999999999996,2.049999999999997,119.98
2021-03-10,2021,3,10,2,119.98,121.69,122.17,119.45,111940000.0,-0.0091,-0.0090849025437727,2.719999999999999,-1.7099999999999937,121.96
2021-03-11,2021,3,11,3,121.96,122.54,123.21,121.26,103030000.0,0.0165,0.016502750458409654,1.9499999999999886,-0.5800000000000125,121.03
2021-03-12,2021,3,12,4,121.03,120.4,121.17,119.16,88110000.0,-0.0076,-0.007625450967530312,2.010000000000005,0.6299999999999955,123.99
2021-03-15,2021,3,15,0,123.99,121.41,124.0,120.42,92590000.0,0.0245,0.02445674626125749,3.5799999999999983,2.5799999999999983,125.57
2021-03-16,2021,3,16,1,125.57,125.7,127.22,124.71,115230000.0,0.0127,0.012742963142188923,2.510000000000005,-0.13000000000000966,124.76
2021-03-17,2021,3,17,2,124.76,124.05,125.86,122.34,111930000.0,-0.006500000000000001,-0.0064505853308910455,3.519999999999996,0.710000000000008,120.53
2021-03-18,2021,3,18,3,120.53,122.88,123.18,120.32,121470000.0,-0.0339,-0.033905097787752525,2.8600000000000136,-2.3499999999999943,119.99
2021-03-19,2021,3,19,4,119.99,119.9,121.43,119.68,185550000.0,-0.0045000000000000005,-0.004480212395254313,1.75,0.0899999999999892,123.39
2021-03-22,2021,3,22,0,123.39,120.33,123.87,120.26,111910000.0,0.028300000000000002,0.0283356946412201,3.6099999999999994,3.0600000000000023,122.54
2021-03-23,2021,3,23,1,122.54,123.33,124.24,122.14,95470000.0,-0.0069,-0.006888726801199452,2.0999999999999943,-0.789999999999992,120.09
2021-03-24,2021,3,24,2,120.09,122.82,122.9,120.07,88530000.0,-0.02,-0.019993471519503814,2.8300000000000125,-2.7299999999999898,120.59
2021-03-25,2021,3,25,3,120.59,119.54,121.66,119.0,98840000.0,0.0042,0.004163544008660258,2.6599999999999966,1.0499999999999972,121.21
2021-03-26,2021,3,26,4,121.21,120.35,121.48,118.92,94070000.0,0.0051,0.005141388174807027,2.5600000000000023,0.8599999999999994,121.39
2021-03-29,2021,3,29,0,121.39,121.65,122.58,120.73,80820000.0,0.0015,0.0014850259879548577,1.8499999999999943,-0.2600000000000051,119.9
2021-03-30,2021,3,30,1,119.9,120.11,120.4,118.86,85670000.0,-0.0123,-0.012274487190048533,1.5400000000000063,-0.20999999999999375,122.15
2021-03-31,2021,3,31,2,122.15,121.65,123.52,121.15,118320000.0,0.018799999999999997,0.018765638031693177,2.3699999999999903,0.5,123.0
2021-04-01,2021,4,1,3,123.0,123.66,124.18,122.49,75090000.0,0.006999999999999999,0.0069586573884568015,1.690000000000012,-0.6599999999999966,125.9
2021-04-05,2021,4,5,0,125.9,123.87,126.16,123.07,88650000.0,0.0236,0.02357723577235782,3.0900000000000034,2.030000000000001,126.21
2021-04-06,2021,4,6,1,126.21,126.5,127.13,125.65,80170000.0,0.0025,0.0024622716441620174,1.4799999999999898,-0.29000000000000625,127.9
2021-04-07,2021,4,7,2,127.9,125.83,127.92,125.14,83470000.0,0.0134,0.013390381110847116,2.780000000000001,2.0700000000000074,130.36
2021-04-08,2021,4,8,3,130.36,128.95,130.39,128.52,88840000.0,0.0192,0.019233776387802992,1.8699999999999761,1.410000000000025,132.99
2021-04-09,2021,4,9,4,132.99,129.8,133.04,129.47,106690000.0,0.0202,0.020174900276158203,3.569999999999993,3.1899999999999977,131.24
2021-04-12,2021,4,12,0,131.24,132.52,132.85,130.63,91420000.0,-0.0132,-0.013158884126626025,2.219999999999999,-1.2800000000000011,134.43
2021-04-13,2021,4,13,1,134.43,132.44,134.66,131.93,91270000.0,0.024300000000000002,0.02430661383724475,2.7299999999999898,1.990000000000009,132.03
2021-04-14,2021,4,14,2,132.03,134.94,135.0,131.65,87220000.0,-0.0179,-0.017853157777281914,3.3499999999999943,-2.9099999999999966,134.5
2021-04-15,2021,4,15,3,134.5,133.82,135.0,133.64,89350000.0,0.0187,0.018707869423615797,1.3600000000000136,0.6800000000000068,134.16
2021-04-16,2021,4,16,4,134.16,134.3,134.67,133.28,84920000.0,-0.0025,-0.002527881040892188,1.3899999999999864,-0.14000000000001478,134.84
2021-04-19,2021,4,19,0,134.84,133.51,135.47,133.34,94260000.0,0.0051,0.005068574836016637,2.1299999999999955,1.3300000000000125,133.11
2021-04-20,2021,4,20,1,133.11,135.02,135.53,131.81,94810000.0,-0.0128,-0.012830020765351446,3.719999999999999,-1.9099999999999966,133.5
2021-04-21,2021,4,21,2,133.5,132.36,133.75,131.3,68850000.0,0.0029,0.0029299075952218256,2.4499999999999886,1.1399999999999864,131.94
2021-04-22,2021,4,22,3,131.94,133.04,134.15,131.41,84570000.0,-0.011699999999999999,-0.01168539325842699,2.740000000000009,-1.0999999999999943,134.32
2021-04-23,2021,4,23,4,134.32,132.16,135.12,132.16,78760000.0,0.018000000000000002,0.018038502349552843,2.960000000000008,2.1599999999999966,134.72
2021-04-26,2021,4,26,0,134.72,134.83,135.06,133.56,66910000.0,0.003,0.0029779630732580387,1.5,-0.11000000000001364,134.39
2021-04-27,2021,4,27,1,134.39,135.01,135.41,134.11,66019999.99999999,-0.0024,-0.0024495249406176756,1.299999999999983,-0.6200000000000045,133.58
2021-04-28,2021,4,28,2,133.58,134.31,135.02,133.08,107760000.0,-0.006,-0.006027234169208806,1.9399999999999977,-0.7299999999999898,133.48
2021-04-29,2021,4,29,3,133.48,136.47,137.07,132.45,151100000.0,-0.0007000000000000001,-0.0007486150621351939,4.6200000000000045,-2.990000000000009,131.46
2021-04-30,2021,4,30,4,131.46,131.78,133.56,131.07,109840000.0,-0.0151,-0.015133353311357345,2.490000000000009,-0.3199999999999932,132.54
2021-05-03,2021,5,3,0,132.54,132.04,134.07,131.83,75140000.0,0.008199999999999999,0.008215426745778132,2.2399999999999807,0.5,127.85
2021-05-04,2021,5,4,1,127.85,131.19,131.49,126.7,137560000.0,-0.0354,-0.035385543986721,4.790000000000006,-3.3400000000000034,128.1
2021-05-05,2021,5,5,2,128.1,129.2,130.45,127.97,84000000.0,0.002,0.001955416503715224,2.4799999999999898,-1.0999999999999943,129.74
2021-05-06,2021,5,6,3,129.74,127.89,129.75,127.13,78130000.0,0.0128,0.012802498048399835,2.6200000000000045,1.8500000000000085,130.21
2021-05-07,2021,5,7,4,130.21,130.85,131.26,129.48,78970000.0,0.0036,0.003622629875134953,1.7800000000000011,-0.6399999999999864,126.85
2021-05-10,2021,5,10,0,126.85,129.41,129.54,126.81,88070000.0,-0.0258,-0.025804469702787936,2.7299999999999898,-2.5600000000000023,125.91
2021-05-11,2021,5,11,1,125.91,123.5,126.27,122.77,126140000.0,-0.0074,-0.00741032715806067,3.5,2.4099999999999966,122.77
2021-05-12,2021,5,12,2,122.77,123.4,124.64,122.25,112170000.0,-0.024900000000000002,-0.02493844809784762,2.3900000000000006,-0.6300000000000097,124.97
2021-05-13,2021,5,13,3,124.97,124.58,126.15,124.26,105860000.0,0.0179,0.01791968722000492,1.8900000000000006,0.39000000000000057,127.45
2021-05-14,2021,5,14,4,127.45,126.25,127.89,125.85,81920000.0,0.019799999999999998,0.019844762743058464,2.0400000000000063,1.2000000000000028,126.27
2021-05-17,2021,5,17,0,126.27,126.82,126.93,125.17,74240000.0,-0.009300000000000001,-0.009258532757944304,1.7600000000000051,-0.5499999999999972,124.85
2021-05-18,2021,5,18,1,124.85,126.56,126.99,124.78,63340000.0,-0.011200000000000002,-0.011245743248594287,2.2099999999999937,-1.710000000000008,124.69
2021-05-19,2021,5,19,2,124.69,123.16,124.92,122.86,92610000.0,-0.0013,-0.0012815378454145154,2.0600000000000023,1.5300000000000011,127.31
2021-05-20,2021,5,20,3,127.31,125.23,127.72,125.1,76860000.0,0.021,0.021012110032881504,2.6200000000000045,2.0799999999999983,125.43
2021-05-21,2021,5,21,4,125.43,127.82,128.0,125.21,79300000.0,-0.0148,-0.014767103919566371,2.7900000000000063,-2.3899999999999864,127.1
2021-05-24,2021,5,24,0,127.1,126.01,127.94,125.94,63090000.0,0.013300000000000001,0.013314199154907058,2.0,1.0899999999999892,126.9
2021-05-25,2021,5,25,1,126.9,127.82,128.32,126.32,72010000.0,-0.0016,-0.0015735641227379027,2.0,-0.9199999999999875,126.85
2021-05-26,2021,5,26,2,126.85,126.96,127.39,126.42,56580000.0,-0.0004,-0.00039401103230896073,0.9699999999999989,-0.10999999999999943,125.28
2021-05-27,2021,5,27,3,125.28,126.44,127.64,125.08,94630000.0,-0.0124,-0.012376823019314087,2.5600000000000023,-1.1599999999999966,124.61
2021-05-28,2021,5,28,4,124.61,125.57,125.8,124.55,71310000.0,-0.0053,-0.00534802043422733,1.25,-0.9599999999999937,124.28
2021-06-01,2021,6,1,1,124.28,125.08,125.35,123.94,67640000.0,-0.0026,-0.002648262579247218,1.4099999999999966,-0.7999999999999972,125.06
2021-06-02,2021,6,2,2,125.06,124.28,125.24,124.05,59280000.0,0.0063,0.006276150627614996,1.1899999999999977,0.7800000000000011,123.54
2021-06-03,2021,6,3,3,123.54,124.68,124.85,123.13,76230000.0,-0.012199999999999999,-0.012154166000319822,1.7199999999999989,-1.1400000000000006,125.89
2021-06-04,2021,6,4,4,125.89,124.07,126.16,123.85,75170000.0,0.019,0.01902217905131942,2.3100000000000023,1.8200000000000074,125.9
2021-06-07,2021,6,7,0,125.9,126.17,126.32,124.83,71060000.0,0.0001,7.943442688063129e-05,1.4899999999999949,-0.269999999999996,126.74
2021-06-08,2021,6,8,1,126.74,126.6,128.46,126.21,74400000.0,0.0067,0.006671961874503474,2.250000000000014,0.14000000000000057,127.13
2021-06-09,2021,6,9,2,127.13,127.21,127.75,126.52,56880000.0,0.0031,0.003077165851349317,1.230000000000004,-0.0799999999999983,126.11
2021-06-10,2021,6,10,3,126.11,127.02,128.19,125.94,71190000.0,-0.008,-0.008023283253362656,2.25,-0.9099999999999966,127.35
2021-06-11,2021,6,11,4,127.35,126.53,127.44,126.1,53520000.0,0.0098,0.009832685750535308,1.3400000000000034,0.8199999999999932,130.48
2021-06-14,2021,6,14,0,130.48,127.82,130.54,127.07,96910000.0,0.0246,0.024577934825284586,3.469999999999999,2.6599999999999966,129.64
2021-06-15,2021,6,15,1,129.64,129.94,130.6,129.39,62750000.0,-0.0064,-0.006437768240343367,1.210000000000008,-0.30000000000001137,130.15
2021-06-16,2021,6,16,2,130.15,130.37,130.89,128.46,91820000.0,0.0039000000000000003,0.003933970996606195,2.4299999999999784,-0.21999999999999886,131.79
2021-06-17,2021,6,17,3,131.79,129.8,132.55,129.65,96720000.0,0.0126,0.012600845178639908,2.9000000000000057,1.9899999999999807,130.46
2021-06-18,2021,6,18,4,130.46,130.71,131.51,130.24,108950000.0,-0.0101,-0.010091812732377137,1.2699999999999818,-0.25,132.3
2021-06-21,2021,6,21,0,132.3,130.3,132.41,129.21,79660000.0,0.0141,0.014103939904951845,3.1999999999999886,2.0,133.98
2021-06-22,2021,6,22,1,133.98,132.13,134.08,131.62,74780000.0,0.0127,0.012698412698412431,2.460000000000008,1.8499999999999943,133.7
2021-06-23,2021,6,23,2,133.7,133.77,134.32,133.23,60210000.0,-0.0021,-0.002089864158829724,1.0900000000000034,-0.0700000000000216,133.41
2021-06-24,2021,6,24,3,133.41,134.45,134.64,132.93,68710000.0,-0.0022,-0.002169035153328336,1.7099999999999795,-1.039999999999992,133.11
2021-06-25,2021,6,25,4,133.11,133.46,133.89,132.81,70780000.0,-0.0022,-0.0022487069934786774,1.079999999999984,-0.3499999999999943,134.78
2021-06-28,2021,6,28,0,134.78,133.41,135.24,133.35,62110000.0,0.0125,0.012546014574412068,1.8900000000000148,1.3700000000000045,136.33
2021-06-29,2021,6,29,1,136.33,134.8,136.49,134.35,64560000.0,0.0115,0.011500222584953423,2.140000000000015,1.5300000000000011,136.96
2021-06-30,2021,6,30,2,136.96,136.17,137.41,135.87,63260000.0,0.0046,0.004621139881170633,1.539999999999992,0.7900000000000205,137.27
2021-07-01,2021,7,1,3,137.27,136.6,137.33,135.76,52490000.0,0.0023,0.0022634345794392274,1.5700000000000216,0.6700000000000159,139.96
2021-07-02,2021,7,2,4,139.96,137.9,140.0,137.74,78950000.0,0.0196,0.019596415822831004,2.259999999999991,2.0600000000000023,142.02
2021-07-06,2021,7,6,1,142.02,140.07,143.15,140.07,108180000.0,0.0147,0.014718490997427836,3.0800000000000125,1.950000000000017,144.57
2021-07-07,2021,7,7,2,144.57,143.54,144.89,142.66,104910000.0,0.018000000000000002,0.0179552175749893,2.2299999999999898,1.0300000000000011,143.24
2021-07-08,2021,7,8,3,143.24,141.58,144.06,140.66,105580000.0,-0.0092,-0.00919969564916634,3.4000000000000057,1.6599999999999966,145.11
2021-07-09,2021,7,9,4,145.11,142.75,145.65,142.65,99890000.0,0.0131,0.013055012566322244,3.0,2.3600000000000136,144.5
2021-07-12,2021,7,12,0,144.5,146.21,146.32,144.0,76300000.0,-0.0042,-0.004203707532216994,2.319999999999993,-1.710000000000008,145.64
2021-07-13,2021,7,13,1,145.64,144.03,147.46,143.63,100830000.0,0.0079,0.007889273356401327,3.8300000000000125,1.6099999999999852,149.15
2021-07-14,2021,7,14,2,149.15,148.1,149.57,147.68,127050000.0,0.0241,0.02410052183466105,1.8899999999999864,1.0500000000000114,148.48
2021-07-15,2021,7,15,3,148.48,149.24,150.0,147.09,106820000.0,-0.0045000000000000005,-0.00449212202480731,2.9099999999999966,-0.7600000000000193,146.39
2021-07-16,2021,7,16,4,146.39,148.46,149.76,145.88,93250000.0,-0.0141,-0.014075969827586188,3.8799999999999955,-2.0700000000000216,142.45
2021-07-19,2021,7,19,0,142.45,143.75,144.07,141.67,121430000.0,-0.0269,-0.02691440672177059,2.4000000000000057,-1.3000000000000114,146.15
2021-07-20,2021,7,20,1,146.15,143.46,147.1,142.96,96350000.0,0.026000000000000002,0.025974025974026205,4.139999999999986,2.6899999999999977,145.4
2021-07-21,2021,7,21,2,145.4,145.53,146.13,144.63,74990000.0,-0.0051,-0.0051317139924734745,1.5,-0.12999999999999545,146.8
2021-07-22,2021,7,22,3,146.8,145.93,148.2,145.81,77340000.0,0.0096,0.009628610729023324,2.3899999999999864,0.8700000000000045,148.56
2021-07-23,2021,7,23,4,148.56,147.55,148.72,146.92,71450000.0,0.012,0.011989100817438647,1.8000000000000114,1.009999999999991,148.99
2021-07-26,2021,7,26,0,148.99,148.27,149.83,147.7,72430000.0,0.0029,0.002894453419493903,2.130000000000024,0.7199999999999989,146.77
2021-07-27,2021,7,27,1,146.77,149.12,149.21,145.55,104820000.0,-0.0149,-0.014900328881132907,3.6599999999999966,-2.3499999999999943,144.98
2021-07-28,2021,7,28,2,144.98,144.81,146.97,142.54,118930000.0,-0.012199999999999999,-0.012195952851400294,4.430000000000007,0.1699999999999875,145.64
2021-07-29,2021,7,29,3,145.64,144.68,146.55,144.58,56700000.0,0.0046,0.004552352048558417,1.9699999999999989,0.9599999999999795,145.86
2021-07-30,2021,7,30,4,145.86,144.38,146.33,144.11,70440000.0,0.0015,0.0015105740181271532,2.219999999999999,1.4800000000000182,145.52
2021-08-02,2021,8,2,0,145.52,146.36,146.95,145.25,62880000.0,-0.0023,-0.002331002331002363,1.6999999999999886,-0.8400000000000034,147.36
2021-08-03,2021,8,3,1,147.36,145.81,148.04,145.18,64790000.00000001,0.0126,0.01264431006047273,2.859999999999985,1.5500000000000114,146.95
2021-08-04,2021,8,4,2,146.95,147.27,147.79,146.28,56370000.0,-0.0028000000000000004,-0.0027823018458199567,1.509999999999991,-0.3200000000000216,147.06
2021-08-05,2021,8,5,3,147.06,146.98,147.84,146.17,46400000.0,0.0007000000000000001,0.0007485539299081356,1.670000000000016,0.0800000000000125,146.14
2021-08-06,2021,8,6,4,146.14,146.35,147.11,145.63,54130000.0,-0.0063,-0.00625594995240053,1.4800000000000182,-0.21000000000000796,146.09
2021-08-09,2021,8,9,0,146.09,146.2,146.7,145.52,48910000.0,-0.0003,-0.0003421376762008377,1.1799999999999784,-0.10999999999998522,145.6
2021-08-10,2021,8,10,1,145.6,146.44,147.71,145.3,69020000.0,-0.0034000000000000002,-0.0033540967896502627,2.4099999999999966,-0.8400000000000034,145.86
2021-08-11,2021,8,11,2,145.86,146.05,146.72,145.53,48490000.0,0.0018,0.0017857142857145014,1.1899999999999977,-0.18999999999999773,148.89
2021-08-12,2021,8,12,3,148.89,146.19,149.05,145.84,73780000.0,0.0208,0.020773344302755792,3.210000000000008,2.6999999999999886,149.1
2021-08-13,2021,8,13,4,149.1,148.97,149.44,148.27,59380000.0,0.0014000000000000002,0.0014104372355430161,1.1699999999999875,0.12999999999999545,151.12
2021-08-16,2021,8,16,0,151.12,148.54,151.19,146.47,103560000.0,0.013500000000000002,0.013547954393024808,4.719999999999999,2.5800000000000125,150.19
2021-08-17,2021,8,17,1,150.19,150.23,151.68,149.09,92230000.0,-0.0062,-0.0061540497617788015,2.5900000000000034,-0.03999999999999204,146.36
2021-08-18,2021,8,18,2,146.36,149.8,150.72,146.15,86330000.0,-0.0255,-0.025501032026100212,4.569999999999993,-3.4399999999999977,146.7
2021-08-19,2021,8,19,3,146.7,145.03,148.0,144.5,86960000.0,0.0023,0.0023230390817161606,3.5,1.6699999999999875,148.19
2021-08-20,2021,8,20,4,148.19,147.44,148.5,146.78,60550000.0,0.0102,0.010156782549420651,1.7199999999999989,0.75,149.71
2021-08-23,2021,8,23,0,149.71,148.31,150.19,147.89,60130000.0,0.0103,0.010257102368580906,2.3000000000000114,1.4000000000000057,149.62
2021-08-24,2021,8,24,1,149.62,149.45,150.86,149.15,48610000.0,-0.0006,-0.0006011622470109002,1.710000000000008,0.17000000000001592,148.36
2021-08-25,2021,8,25,2,148.36,149.81,150.32,147.8,58990000.0,-0.0084,-0.00842133404625045,2.519999999999982,-1.4499999999999886,147.54
2021-08-26,2021,8,26,3,147.54,148.35,149.12,147.51,48600000.0,-0.0055000000000000005,-0.005527096252359254,1.6100000000000136,-0.8100000000000023,148.6
2021-08-27,2021,8,27,4,148.6,147.48,148.75,146.83,55800000.0,0.0072,0.00718449234106,1.9199999999999875,1.1200000000000045,153.12
2021-08-30,2021,8,30,0,153.12,149.0,153.49,148.61,90960000.0,0.0304,0.03041722745625841,4.8799999999999955,4.1200000000000045,151.83
2021-08-31,2021,8,31,1,151.83,152.66,152.8,151.29,86450000.0,-0.0084,-0.0084247648902821,1.5100000000000193,-0.8299999999999841,152.51
2021-09-01,2021,9,1,2,152.51,152.83,154.98,152.34,80310000.0,0.0045000000000000005,0.004478693275373535,2.6399999999999864,-0.3200000000000216,153.65
2021-09-02,2021,9,2,3,153.65,153.87,154.72,152.4,71170000.0,0.0075,0.007474919677398217,2.319999999999993,-0.21999999999999886,154.3
2021-09-03,2021,9,3,4,154.3,153.76,154.63,153.09,57870000.0,0.0042,0.004230393752033823,1.539999999999992,0.5400000000000205,156.69
2021-09-07,2021,9,7,1,156.69,154.97,157.26,154.39,82280000.0,0.0155,0.01548930654569003,2.8700000000000045,1.7199999999999989,155.11
2021-09-08,2021,9,8,2,155.11,156.98,157.04,153.98,74420000.0,-0.0101,-0.010083604569532056,3.0600000000000023,-1.8699999999999761,154.07
2021-09-09,2021,9,9,3,154.07,155.49,156.11,153.95,57310000.0,-0.0067,-0.006704919089678407,2.160000000000025,-1.420000000000016,148.97
2021-09-10,2021,9,10,4,148.97,155.0,155.48,148.7,140890000.0,-0.0331,-0.033101836827416076,6.780000000000001,-6.030000000000001,149.55
2021-09-13,2021,9,13,0,149.55,150.63,151.42,148.75,102400000.0,0.0039000000000000003,0.0038934013559777103,2.6699999999999875,-1.079999999999984,148.12
2021-09-14,2021,9,14,1,148.12,150.35,151.07,146.91,109300000.0,-0.0096,-0.009562019391507914,4.159999999999997,-2.2299999999999898,149.03
2021-09-15,2021,9,15,2,149.03,148.56,149.44,146.37,83280000.0,0.0060999999999999995,0.0061436672967862815,3.069999999999993,0.46999999999999886,148.79
2021-09-16,2021,9,16,3,148.79,148.44,148.97,147.22,68030000.0,-0.0016,-0.0016104140106019127,1.75,0.3499999999999943,146.06
2021-09-17,2021,9,17,4,146.06,148.82,148.82,145.76,129870000.0,-0.0183,-0.018348007258552235,3.0600000000000023,-2.759999999999991,142.94
2021-09-20,2021,9,20,0,142.94,143.8,144.84,141.27,123480000.0,-0.021400000000000002,-0.02136108448582774,3.569999999999993,-0.8600000000000136,143.43
2021-09-21,2021,9,21,1,143.43,143.93,144.6,142.78,75830000.0,0.0034000000000000002,0.003428011753183302,1.8199999999999932,-0.5,145.85
2021-09-22,2021,9,22,2,145.85,144.45,146.43,143.7,76400000.0,0.0169,0.016872341908944932,2.730000000000018,1.4000000000000057,146.83
2021-09-23,2021,9,23,3,146.83,146.65,147.08,145.64,64840000.0,0.0067,0.006719232087761595,1.4400000000000261,0.18000000000000682,146.92
2021-09-24,2021,9,24,4,146.92,145.66,147.47,145.56,53480000.0,0.0006,0.0006129537560441989,1.9099999999999966,1.259999999999991,145.37
2021-09-27,2021,9,27,0,145.37,145.47,145.96,143.82,74150000.0,-0.0105,-0.010549959161448297,2.140000000000015,-0.09999999999999432,141.91
2021-09-28,2021,9,28,1,141.91,143.25,144.75,141.69,108970000.0,-0.023799999999999998,-0.023801334525693107,3.0600000000000023,-1.3400000000000034,142.83
2021-09-29,2021,9,29,2,142.83,142.47,144.45,142.03,74600000.0,0.006500000000000001,0.006482982171799101,2.4199999999999875,0.36000000000001364,141.5
2021-09-30,2021,9,30,3,141.5,143.66,144.38,141.28,89060000.0,-0.009300000000000001,-0.009311769236154954,3.0999999999999943,-2.1599999999999966,142.65
2021-10-01,2021,10,1,4,142.65,141.9,142.92,139.11,94640000.0,0.008100000000000001,0.008127208480565473,3.809999999999974,0.75,139.14
2021-10-04,2021,10,4,0,139.14,141.76,142.21,138.27,98320000.0,-0.0246,-0.02460567823343862,3.9399999999999977,-2.6200000000000045,141.11
2021-10-05,2021,10,5,1,141.11,139.49,142.24,139.36,80860000.0,0.014199999999999999,0.01415840160988946,2.8799999999999955,1.6200000000000045,142.0
2021-10-06,2021,10,6,2,142.0,139.47,142.15,138.37,83220000.0,0.0063,0.006307136276663572,3.780000000000001,2.530000000000001,143.29
2021-10-07,2021,10,7,3,143.29,143.06,144.21,142.72,61730000.0,0.0091,0.009084507042253387,1.490000000000009,0.22999999999998977,142.9
2021-10-08,2021,10,8,4,142.9,144.03,144.18,142.56,58770000.0,-0.0027,-0.00272175308814282,1.6200000000000045,-1.1299999999999955,142.81
2021-10-11,2021,10,11,0,142.81,142.27,144.81,141.81,64450000.0,-0.0006,-0.0006298110566830273,3.0,0.539999999999992,141.51
2021-10-12,2021,10,12,1,141.51,143.23,143.25,141.04,73040000.0,-0.0091,-0.009103003991317249,2.210000000000008,-1.7199999999999989,140.91
2021-10-13,2021,10,13,2,140.91,141.24,141.4,139.2,78760000.0,-0.0042,-0.004239983040067785,2.200000000000017,-0.3300000000000125,143.76
2021-10-14,2021,10,14,3,143.76,142.11,143.88,141.51,69910000.0,0.0202,0.020225675963380763,2.3700000000000045,1.6499999999999773,144.84
2021-10-15,2021,10,15,4,144.84,143.77,144.9,143.51,67940000.0,0.0075,0.0075125208681137146,1.3900000000000148,1.0699999999999932,146.55
2021-10-18,2021,10,18,0,146.55,143.45,146.84,143.16,85590000.0,0.0118,0.011806130903065482,3.680000000000007,3.1000000000000227,148.76
2021-10-19,2021,10,19,1,148.76,147.01,149.17,146.55,76380000.0,0.0151,0.015080177413851814,2.619999999999976,1.75,149.26
2021-10-20,2021,10,20,2,149.26,148.7,149.75,148.12,58420000.0,0.0034000000000000002,0.0033611185802635557,1.6299999999999955,0.5600000000000023,149.48
2021-10-21,2021,10,21,3,149.48,148.81,149.64,147.87,61420000.0,0.0015,0.001473938094600058,1.7699999999999818,0.6699999999999875,148.69
2021-10-22,2021,10,22,4,148.69,149.69,150.18,148.64,58880000.0,-0.0053,-0.005284987958255272,1.5400000000000205,-1.0,148.64
2021-10-25,2021,10,25,0,148.64,148.68,149.37,147.62,50720000.0,-0.0003,-0.00033627009213810233,1.75,-0.040000000000020464,149.32
2021-10-26,2021,10,26,1,149.32,149.33,150.84,149.01,60890000.0,0.0046,0.00457481162540363,1.8300000000000125,-0.010000000000019327,148.85
2021-10-27,2021,10,27,2,148.85,149.36,149.73,148.49,56090000.0,-0.0031,-0.0031476024645057388,1.2399999999999807,-0.5100000000000193,152.57
2021-10-28,2021,10,28,3,152.57,149.82,153.16,149.72,100080000.0,0.025,0.024991602284178738,3.4399999999999977,2.75,149.8
2021-10-29,2021,10,29,4,149.8,147.21,149.94,146.41,124950000.0,-0.0182,-0.0181556007078717,3.530000000000001,2.5900000000000034,148.96
2021-11-01,2021,11,1,0,148.96,148.99,149.7,147.8,74590000.0,-0.005600000000000001,-0.005607476635514086,1.8999999999999773,-0.030000000000001137,150.02
2021-11-02,2021,11,2,1,150.02,148.66,151.57,148.65,69120000.0,0.0070999999999999995,0.007116004296455536,2.9199999999999875,1.3600000000000136,151.49
2021-11-03,2021,11,3,2,151.49,150.39,151.97,149.82,54510000.0,0.0098,0.009798693507532263,2.1500000000000057,1.1000000000000227,150.96
2021-11-04,2021,11,4,3,150.96,151.58,152.43,150.64,60390000.0,-0.0034999999999999996,-0.0034985807644069,1.7900000000000205,-0.6200000000000045,151.28
2021-11-05,2021,11,5,4,151.28,151.89,152.2,150.06,65459999.99999999,0.0021,0.002119766825649183,2.1399999999999864,-0.6099999999999852,150.44
2021-11-08,2021,11,8,0,150.44,151.41,151.57,150.16,55020000.0,-0.005600000000000001,-0.005552617662612391,1.4099999999999966,-0.9699999999999989,150.81
2021-11-09,2021,11,9,1,150.81,150.2,151.43,150.06,56790000.0,0.0025,0.0024594522733316637,1.3700000000000045,0.6100000000000136,147.92
2021-11-10,2021,11,10,2,147.92,150.02,150.13,147.85,65190000.0,-0.0192,-0.01916318546515494,2.280000000000001,-2.1000000000000227,147.87
2021-11-11,2021,11,11,3,147.87,148.96,149.43,147.68,41000000.0,-0.0003,-0.0003380205516494428,1.75,-1.0900000000000034,149.99
2021-11-12,2021,11,12,4,149.99,148.43,150.4,147.48,63800000.0,0.0143,0.01433691756272415,2.920000000000016,1.5600000000000023,150.0
2021-11-15,2021,11,15,0,150.0,150.37,151.88,149.43,59220000.0,0.0001,6.667111140745696e-05,2.4499999999999886,-0.37000000000000455,151.0
2021-11-16,2021,11,16,1,151.0,149.94,151.49,149.34,59260000.0,0.0067,0.006666666666666599,2.1500000000000057,1.0600000000000023,153.49
2021-11-17,2021,11,17,2,153.49,150.99,155.0,150.99,88810000.0,0.0165,0.01649006622516569,4.009999999999991,2.5,157.87
2021-11-18,2021,11,18,3,157.87,153.71,158.67,153.05,137830000.0,0.0285,0.02853606098117134,5.619999999999976,4.159999999999997,160.55
2021-11-19,2021,11,19,4,160.55,157.65,161.02,156.53,117310000.0,0.017,0.016975992905555293,4.490000000000009,2.9000000000000057,161.02
2021-11-22,2021,11,22,0,161.02,161.68,165.7,161.0,117470000.0,0.0029,0.0029274369355341,4.699999999999989,-0.6599999999999966,161.41
2021-11-23,2021,11,23,1,161.41,161.12,161.8,159.06,96040000.0,0.0024,0.002422059371506524,2.740000000000009,0.28999999999999204,161.94
2021-11-24,2021,11,24,2,161.94,160.75,162.14,159.64,69460000.0,0.0033,0.0032835635958119447,2.5,1.1899999999999977,156.81
2021-11-26,2021,11,26,4,156.81,159.57,160.45,156.36,76960000.0,-0.0317,-0.03167839940718786,4.089999999999975,-2.759999999999991,160.24
2021-11-29,2021,11,29,0,160.24,159.37,161.19,158.79,88750000.0,0.0219,0.021873604999681273,2.4000000000000057,0.8700000000000045,165.3
2021-11-30,2021,11,30,1,165.3,159.99,165.52,159.92,174050000.0,0.0316,0.03157763354967558,5.600000000000023,5.310000000000002,164.77
2021-12-01,2021,12,1,2,164.77,167.48,170.3,164.53,152420000.0,-0.0032,-0.003206291591046573,5.77000000000001,-2.7099999999999795,163.76
2021-12-02,2021,12,2,3,163.76,158.74,164.2,157.8,136740000.0,-0.0060999999999999995,-0.006129756630454675,6.399999999999977,5.019999999999982,161.84
2021-12-03,2021,12,3,4,161.84,164.02,164.96,159.72,118020000.0,-0.011699999999999999,-0.011724474841230959,5.240000000000009,-2.180000000000007,165.32
2021-12-06,2021,12,6,0,165.32,164.29,167.88,164.28,107500000.0,0.0215,0.021502718734552673,3.5999999999999943,1.0300000000000011,171.18
2021-12-07,2021,12,7,1,171.18,169.08,171.58,168.34,120410000.0,0.0354,0.035446406968304034,3.240000000000009,2.0999999999999943,175.08
2021-12-08,2021,12,8,2,175.08,172.13,175.96,170.7,117000000.0,0.022799999999999997,0.022783035401331864,5.260000000000019,2.950000000000017,174.56
2021-12-09,2021,12,9,3,174.56,174.91,176.75,173.92,108920000.0,-0.003,-0.002970070824765858,2.8300000000000125,-0.3499999999999943,179.45
2021-12-10,2021,12,10,4,179.45,175.21,179.63,174.69,115400000.0,0.027999999999999997,0.02801329055911994,4.939999999999998,4.239999999999981,175.74
2021-12-13,2021,12,13,0,175.74,181.12,182.13,175.53,153240000.0,-0.0207,-0.020674282529952515,6.599999999999994,-5.3799999999999955,174.33
2021-12-14,2021,12,14,1,174.33,175.25,177.74,172.21,139380000.0,-0.008,-0.008023216114714904,5.530000000000001,-0.9199999999999875,179.3
2021-12-15,2021,12,15,2,179.3,175.11,179.5,172.31,131060000.0,0.0285,0.028509149314518423,7.189999999999998,4.189999999999998,172.26
2021-12-16,2021,12,16,3,172.26,179.28,181.14,170.75,150190000.0,-0.0393,-0.0392638036809817,10.389999999999986,-7.02000000000001,171.14
2021-12-17,2021,12,17,4,171.14,169.93,173.47,169.69,195920000.0,-0.006500000000000001,-0.006501799605247882,3.780000000000001,1.2099999999999795,169.75
2021-12-20,2021,12,20,0,169.75,168.28,170.58,167.46,107500000.0,-0.008100000000000001,-0.008122005375715724,3.1200000000000045,1.4699999999999989,172.99
2021-12-21,2021,12,21,1,172.99,171.55,173.2,169.12,91190000.0,0.0191,0.019086892488954454,4.079999999999984,1.4399999999999977,175.64
2021-12-22,2021,12,22,2,175.64,173.04,175.86,172.15,92140000.0,0.015300000000000001,0.015318804555176424,3.710000000000008,2.5999999999999943,176.28
2021-12-23,2021,12,23,3,176.28,175.85,176.85,175.27,68360000.0,0.0036,0.0036438168982009245,1.579999999999984,0.4300000000000068,180.33
2021-12-27,2021,12,27,0,180.33,177.09,180.42,177.07,74920000.0,0.023,0.022974812797821764,3.3499999999999943,3.240000000000009,179.29
2021-12-28,2021,12,28,1,179.29,180.16,181.33,178.53,79140000.0,-0.0058,-0.005767204569400608,2.8000000000000114,-0.8700000000000045,179.38
2021-12-29,2021,12,29,2,179.38,179.33,180.63,178.14,62350000.0,0.0005,0.0005019800323498025,2.490000000000009,0.04999999999998295,178.2
2021-12-30,2021,12,30,3,178.2,179.47,180.57,178.09,59770000.0,-0.0066,-0.006578213847697634,2.4799999999999898,-1.2700000000000102,177.57
2021-12-31,2021,12,31,4,177.57,178.09,179.23,177.26,64060000.0,-0.0034999999999999996,-0.0035353535353535026,1.9699999999999989,-0.5200000000000102,182.01
2022-01-03,2022,1,3,0,182.01,177.83,182.88,177.71,104700000.0,0.025,0.025004223686433402,5.1699999999999875,4.179999999999978,179.7
2022-01-04,2022,1,4,1,179.7,182.63,182.94,179.12,99310000.0,-0.0127,-0.012691610351079574,3.819999999999993,-2.930000000000007,174.92
2022-01-05,2022,1,5,2,174.92,179.61,180.17,174.64,94540000.0,-0.026600000000000002,-0.02659988870339458,5.530000000000001,-4.690000000000026,172.0
2022-01-06,2022,1,6,3,172.0,172.7,175.3,171.64,96900000.0,-0.0167,-0.01669334552938484,3.660000000000025,-0.6999999999999886,172.17
2022-01-07,2022,1,7,4,172.17,172.89,174.14,171.03,86710000.0,0.001,0.000988372093023271,3.109999999999985,-0.7199999999999989,172.19
2022-01-10,2022,1,10,0,172.19,169.08,172.5,168.17,106770000.0,0.0001,0.00011616425625837756,4.3300000000000125,3.109999999999985,175.08
2022-01-11,2022,1,11,1,175.08,172.32,175.18,170.82,76140000.0,0.0168,0.016783785353388758,4.360000000000014,2.7600000000000193,175.53
2022-01-12,2022,1,12,2,175.53,176.12,177.18,174.82,74810000.0,0.0026,0.0025702535983549435,2.3600000000000136,-0.5900000000000034,172.19
2022-01-13,2022,1,13,3,172.19,175.78,176.62,171.79,84510000.0,-0.019,-0.019028086367002817,4.8300000000000125,-3.5900000000000034,173.07
2022-01-14,2022,1,14,4,173.07,171.34,173.78,171.09,80440000.0,0.0051,0.005110633602415815,2.6899999999999977,1.7299999999999898,169.8
2022-01-18,2022,1,18,1,169.8,171.51,172.54,169.4,91170000.0,-0.0189,-0.01889408909689716,3.1399999999999864,-1.7099999999999795,166.23
2022-01-19,2022,1,19,2,166.23,170.0,171.08,165.94,94810000.0,-0.021,-0.02102473498233226,5.140000000000015,-3.7700000000000102,164.51
2022-01-20,2022,1,20,3,164.51,166.98,169.68,164.18,91420000.0,-0.0103,-0.01034710942669792,5.5,-2.469999999999999,162.41
2022-01-21,2022,1,21,4,162.41,164.41,166.33,162.3,122850000.0,-0.0128,-0.012765181447936258,4.030000000000001,-2.0,161.62
2022-01-24,2022,1,24,0,161.62,160.02,162.3,154.7,162710000.0,-0.0049,-0.004864232497998833,7.600000000000023,1.5999999999999943,159.78
2022-01-25,2022,1,25,1,159.78,158.98,162.76,157.02,115800000.0,-0.011399999999999999,-0.011384729612671673,5.739999999999981,0.8000000000000114,159.69
2022-01-26,2022,1,26,2,159.69,163.5,164.39,157.82,108280000.0,-0.0006,-0.0005632745024408692,6.569999999999993,-3.8100000000000023,159.22
2022-01-27,2022,1,27,3,159.22,162.45,163.84,158.28,121950000.0,-0.0029,-0.0029432024547560998,5.560000000000002,-3.2299999999999898,170.33
2022-01-28,2022,1,28,4,170.33,165.71,170.35,162.8,179940000.0,0.0698,0.0697776661223466,7.549999999999983,4.6200000000000045,174.78
2022-01-31,2022,1,31,0,174.78,170.16,175.0,169.51,115540000.0,0.026099999999999998,0.026125755885633595,5.490000000000009,4.6200000000000045,174.61
2022-02-01,2022,2,1,1,174.61,174.01,174.84,172.31,86210000.0,-0.001,-0.000972651333104424,2.530000000000001,0.6000000000000227,175.84
2022-02-02,2022,2,2,2,175.84,174.74,175.88,173.33,84910000.0,0.006999999999999999,0.007044270087623872,2.549999999999983,1.0999999999999943,172.9
2022-02-03,2022,2,3,3,172.9,174.48,176.24,172.12,89420000.0,-0.0167,-0.01671974522292996,4.1200000000000045,-1.579999999999984,172.39
2022-02-04,2022,2,4,4,172.39,171.68,174.1,170.68,82470000.0,-0.0029,-0.0029496818970504712,3.4199999999999875,0.7099999999999795,171.66
2022-02-07,2022,2,7,0,171.66,172.86,173.95,170.95,77250000.0,-0.0042,-0.004234584372643346,3.0,-1.200000000000017,174.83
2022-02-08,2022,2,8,1,174.83,171.73,175.35,171.43,74830000.0,0.018500000000000003,0.01846673657229414,3.9199999999999875,3.1000000000000227,176.28
2022-02-09,2022,2,9,2,176.28,176.05,176.65,174.9,71290000.0,0.0083,0.008293771091917757,1.75,0.22999999999998977,172.12
2022-02-10,2022,2,10,3,172.12,174.14,175.48,171.55,90870000.0,-0.0236,-0.02359882005899705,3.9299999999999784,-2.019999999999982,168.64
2022-02-11,2022,2,11,4,168.64,172.33,173.08,168.04,98670000.0,-0.0202,-0.020218452242621532,5.0400000000000205,-3.690000000000026,168.88
2022-02-14,2022,2,14,0,168.88,167.37,169.58,166.56,86190000.0,0.0014000000000000002,0.0014231499051233776,3.0200000000000102,1.509999999999991,172.79
2022-02-15,2022,2,15,1,172.79,170.97,172.95,170.25,64290000.00000001,0.0232,0.023152534343912734,2.6999999999999886,1.8199999999999932,172.55
2022-02-16,2022,2,16,2,172.55,171.85,173.34,170.05,61180000.0,-0.0014000000000000002,-0.0013889692690548516,3.289999999999992,0.700000000000017,168.88
2022-02-17,2022,2,17,3,168.88,171.03,171.91,168.47,69590000.0,-0.0213,-0.02126919733410615,3.4399999999999977,-2.1500000000000057,167.3
2022-02-18,2022,2,18,4,167.3,169.82,170.54,166.19,82770000.0,-0.009399999999999999,-0.009355755566082369,4.349999999999994,-2.519999999999982,164.32
2022-02-22,2022,2,22,1,164.32,164.98,166.69,162.15,91160000.0,-0.0178,-0.01781231320980281,4.539999999999992,-0.6599999999999966,160.07
2022-02-23,2022,2,23,2,160.07,165.54,166.15,159.75,90010000.0,-0.0259,-0.025864167478091504,6.400000000000006,-5.469999999999999,162.74
2022-02-24,2022,2,24,3,162.74,152.58,162.85,152.0,141150000.0,0.0167,0.01668020241144519,10.849999999999994,10.159999999999997,164.85
2022-02-25,2022,2,25,4,164.85,163.84,165.12,160.87,91970000.0,0.013000000000000001,0.012965466388103586,4.25,1.009999999999991,165.12
2022-02-28,2022,2,28,0,165.12,163.06,165.42,162.43,95060000.0,0.0016,0.0016378525932667642,2.9899999999999807,2.0600000000000023,163.2
2022-03-01,2022,3,1,1,163.2,164.7,166.6,161.97,83470000.0,-0.0116,-0.011627906976744318,4.6299999999999955,-1.5,166.56
2022-03-02,2022,3,2,2,166.56,164.39,167.36,162.95,79720000.0,0.0206,0.020588235294117796,4.410000000000025,2.170000000000016,166.23
2022-03-03,2022,3,3,3,166.23,168.47,168.91,165.55,76680000.0,-0.002,-0.001981268011527426,3.359999999999985,-2.240000000000009,163.17
2022-03-04,2022,3,4,4,163.17,164.49,165.55,162.1,83820000.0,-0.0184,-0.01840822956145105,3.450000000000017,-1.3200000000000216,159.3
2022-03-07,2022,3,7,0,159.3,163.36,165.02,159.04,96420000.0,-0.023700000000000002,-0.023717595146166448,5.980000000000018,-4.060000000000002,157.44
2022-03-08,2022,3,8,1,157.44,158.82,162.88,155.8,131150000.0,-0.011699999999999999,-0.01167608286252364,7.079999999999984,-1.3799999999999955,162.95
2022-03-09,2022,3,9,2,162.95,161.48,163.41,159.41,91450000.0,0.035,0.03499745934959342,4.0,1.4699999999999989,158.52
2022-03-10,2022,3,10,3,158.52,160.2,160.39,155.98,105340000.0,-0.027200000000000002,-0.027186253451979003,4.409999999999997,-1.6799999999999784,154.73
2022-03-11,2022,3,11,4,154.73,158.93,159.28,154.5,96970000.0,-0.0239,-0.023908655059298622,4.780000000000001,-4.200000000000017,150.62
2022-03-14,2022,3,14,0,150.62,151.45,154.12,150.1,108730000.0,-0.026600000000000002,-0.026562399017643568,4.02000000000001,-0.8299999999999841,155.09
2022-03-15,2022,3,15,1,155.09,150.9,155.57,150.38,92960000.0,0.0297,0.0296773336874252,5.189999999999998,4.189999999999998,159.59
2022-03-16,2022,3,16,2,159.59,157.05,160.0,154.46,102300000.0,0.028999999999999998,0.02901541040686051,5.539999999999992,2.539999999999992,160.62
2022-03-17,2022,3,17,3,160.62,158.61,161.0,157.63,75620000.0,0.006500000000000001,0.006454038473588497,3.3700000000000045,2.009999999999991,163.98
2022-03-18,2022,3,18,4,163.98,160.51,164.48,159.76,123510000.0,0.0209,0.020918939110945,4.719999999999999,3.469999999999999,165.38
2022-03-21,2022,3,21,0,165.38,163.51,166.35,163.01,95810000.0,0.0085,0.00853762653982204,3.3400000000000034,1.8700000000000045,168.82
2022-03-22,2022,3,22,1,168.82,165.51,169.42,164.91,81530000.0,0.0208,0.020800580481315833,4.509999999999991,3.3100000000000023,170.21
2022-03-23,2022,3,23,2,170.21,167.99,172.64,167.65,98060000.0,0.008199999999999999,0.008233621608814135,4.989999999999981,2.219999999999999,174.07
2022-03-24,2022,3,24,3,174.07,171.06,174.14,170.21,90130000.0,0.0227,0.022677868515363242,3.9299999999999784,3.009999999999991,174.72
2022-03-25,2022,3,25,4,174.72,173.88,175.28,172.75,80550000.0,0.0037,0.0037341299477222645,2.530000000000001,0.8400000000000034,175.6
2022-03-28,2022,3,28,0,175.6,172.17,175.73,172.0,90370000.0,0.005,0.005036630036630019,3.7299999999999898,3.430000000000007,178.96
2022-03-29,2022,3,29,1,178.96,176.69,179.01,176.34,100590000.0,0.0191,0.01913439635535319,2.6699999999999875,2.2700000000000102,177.77
2022-03-30,2022,3,30,2,177.77,178.55,179.61,176.7,92630000.0,-0.0066,-0.006649530621367861,2.910000000000025,-0.7800000000000011,174.61
2022-03-31,2022,3,31,3,174.61,177.84,178.03,174.4,103050000.0,-0.0178,-0.01777577769027394,3.6299999999999955,-3.2299999999999898,174.31
2022-04-01,2022,4,1,4,174.31,174.03,174.88,171.94,78750000.0,-0.0017000000000000001,-0.001718114655518077,2.9399999999999977,0.28000000000000114,178.44
2022-04-04,2022,4,4,0,178.44,174.57,178.49,174.44,76550000.0,0.023700000000000002,0.023693419769376334,4.050000000000011,3.8700000000000045,175.06
2022-04-05,2022,4,5,1,175.06,177.5,178.3,174.41,73400000.0,-0.0189,-0.0189419412687738,3.890000000000015,-2.4399999999999977,171.83
2022-04-06,2022,4,6,2,171.83,172.36,173.63,170.13,89060000.0,-0.018500000000000003,-0.01845081686278982,3.5,-0.5300000000000011,172.14
2022-04-07,2022,4,7,3,172.14,171.16,173.36,169.85,77590000.0,0.0018,0.0018041087120990174,3.5100000000000193,0.9799999999999898,170.09
2022-04-08,2022,4,8,4,170.09,171.78,171.78,169.2,76580000.0,-0.011899999999999999,-0.011908911351225626,2.5800000000000125,-1.6899999999999977,165.75
2022-04-11,2022,4,11,0,165.75,168.71,169.03,165.5,72250000.0,-0.0255,-0.02551590334528786,3.530000000000001,-2.960000000000008,167.66
2022-04-12,2022,4,12,1,167.66,168.02,169.87,166.64,79270000.0,0.0115,0.011523378582201982,3.230000000000018,-0.36000000000001364,170.4
2022-04-13,2022,4,13,2,170.4,167.39,171.04,166.77,70620000.0,0.0163,0.016342598115233198,4.269999999999982,3.0100000000000193,165.29
2022-04-14,2022,4,14,3,165.29,170.62,171.27,165.04,75330000.0,-0.03,-0.029988262910798147,6.230000000000018,-5.3300000000000125,165.07
2022-04-18,2022,4,18,0,165.07,163.92,166.6,163.57,69020000.0,-0.0013,-0.0013309940105269424,3.030000000000001,1.1500000000000057,167.4
2022-04-19,2022,4,19,1,167.4,165.02,167.82,163.91,67720000.0,0.0141,0.014115223844429758,3.9099999999999966,2.3799999999999955,167.23
2022-04-20,2022,4,20,2,167.23,168.76,168.88,166.1,67930000.0,-0.001,-0.0010155316606930143,2.780000000000001,-1.5300000000000011,166.42
2022-04-21,2022,4,21,3,166.42,168.91,171.53,165.91,87230000.0,-0.0048,-0.004843628535549871,5.6200000000000045,-2.490000000000009,161.79
2022-04-22,2022,4,22,4,161.79,166.46,167.87,161.5,84880000.0,-0.0278,-0.027821175339502457,6.3700000000000045,-4.670000000000016,162.88
2022-04-25,2022,4,25,0,162.88,161.12,163.17,158.46,96050000.0,0.0067,0.006737128376290258,4.7099999999999795,1.759999999999991,156.8
2022-04-26,2022,4,26,1,156.8,162.25,162.34,156.72,95620000.0,-0.0373,-0.037328094302553905,5.6200000000000045,-5.449999999999989,156.57
2022-04-27,2022,4,27,2,156.57,155.91,159.79,155.38,88060000.0,-0.0015,-0.0014668367346939437,4.409999999999997,0.6599999999999966,163.64
2022-04-28,2022,4,28,3,163.64,159.25,164.51,158.93,130220000.0,0.0452,0.04515552149198432,5.579999999999984,4.389999999999986,157.65
2022-04-29,2022,4,29,4,157.65,161.84,166.2,157.25,131750000.0,-0.0366,-0.036604742116841726,8.949999999999989,-4.189999999999998,157.96
2022-05-02,2022,5,2,0,157.96,156.71,158.23,153.27,123060000.0,0.002,0.001966381224230984,4.9599999999999795,1.25,159.48
2022-05-03,2022,5,3,1,159.48,158.15,160.71,156.32,88970000.0,0.0096,0.009622689288427244,4.390000000000015,1.329999999999984,166.02
2022-05-04,2022,5,4,2,166.02,159.67,166.48,159.26,108260000.0,0.040999999999999995,0.04100827689992492,7.219999999999999,6.350000000000023,156.77
2022-05-05,2022,5,5,3,156.77,163.85,164.08,154.95,130530000.0,-0.0557,-0.05571617877364177,9.130000000000024,-7.079999999999984,157.28
2022-05-06,2022,5,6,4,157.28,156.01,159.44,154.18,116120000.0,0.0033,0.00325317343879572,5.259999999999991,1.2700000000000102,152.06
2022-05-09,2022,5,9,0,152.06,154.93,155.83,151.49,131580000.00000001,-0.0332,-0.033189216683621514,4.340000000000003,-2.8700000000000045,154.51
2022-05-10,2022,5,10,1,154.51,155.52,156.74,152.93,115370000.0,0.0161,0.016112061028541236,3.8100000000000023,-1.0100000000000193,146.5
2022-05-11,2022,5,11,2,146.5,153.5,155.45,145.81,142690000.0,-0.0518,-0.05184130476991777,9.639999999999986,-7.0,142.56
2022-05-12,2022,5,12,3,142.56,142.77,146.2,138.8,182600000.0,-0.0269,-0.02689419795221837,7.399999999999977,-0.21000000000000796,147.11
2022-05-13,2022,5,13,4,147.11,144.59,148.1,143.11,113990000.0,0.0319,0.03191638608305292,4.989999999999981,2.5200000000000102,145.54
2022-05-16,2022,5,16,0,145.54,145.55,147.52,144.18,86640000.0,-0.010700000000000001,-0.010672286044456691,3.3400000000000034,-0.010000000000019327,149.24
2022-05-17,2022,5,17,1,149.24,148.86,149.77,146.68,78340000.0,0.0254,0.025422564243507084,3.0900000000000034,0.37999999999999545,140.82
2022-05-18,2022,5,18,2,140.82,146.85,147.36,139.9,109740000.0,-0.0564,-0.05641919056553213,7.460000000000008,-6.030000000000001,137.35
2022-05-19,2022,5,19,3,137.35,139.88,141.66,136.6,136100000.0,-0.0246,-0.024641386166737722,5.060000000000002,-2.530000000000001,137.59
2022-05-20,2022,5,20,4,137.59,139.09,140.7,132.61,137430000.0,0.0017000000000000001,0.00174736075718962,8.089999999999975,-1.5,143.11
2022-05-23,2022,5,23,0,143.11,137.79,143.26,137.65,117730000.0,0.0401,0.040119194708917894,5.609999999999985,5.320000000000022,140.36
2022-05-24,2022,5,24,1,140.36,140.8,141.97,137.33,104130000.0,-0.0192,-0.01921598770176791,4.639999999999986,-0.4399999999999977,140.52
2022-05-25,2022,5,25,2,140.52,138.43,141.79,138.34,92480000.0,0.0011,0.0011399259048161525,3.4499999999999886,2.0900000000000034,143.78
2022-05-26,2022,5,26,3,143.78,137.39,144.34,137.14,90600000.0,0.0232,0.023199544548818674,7.200000000000017,6.390000000000015,149.64
2022-05-27,2022,5,27,4,149.64,145.39,149.68,145.26,90980000.0,0.0408,0.04075671164278738,4.420000000000016,4.25,148.84
2022-05-31,2022,5,31,1,148.84,149.07,150.66,146.84,103720000.0,-0.0053,-0.00534616412723854,3.819999999999993,-0.22999999999998977,148.71
2022-06-01,2022,6,1,2,148.71,149.9,151.74,147.68,74290000.0,-0.0009,-0.000873421123353868,4.060000000000002,-1.1899999999999977,151.21
2022-06-02,2022,6,2,3,151.21,147.83,151.27,146.86,72350000.0,0.0168,0.01681124335955886,4.409999999999997,3.3799999999999955,145.38
2022-06-03,2022,6,3,4,145.38,146.9,147.97,144.46,88570000.0,-0.038599999999999995,-0.038555651081277786,3.509999999999991,-1.5200000000000102,146.14
2022-06-06,2022,6,6,0,146.14,147.03,148.57,144.9,71600000.0,0.0052,0.005227679185582534,3.6699999999999875,-0.8900000000000148,148.71
2022-06-07,2022,6,7,1,148.71,144.35,149.0,144.1,67810000.0,0.0176,0.0175858765567265,4.900000000000006,4.360000000000014,147.96
2022-06-08,2022,6,8,2,147.96,148.58,149.87,147.46,53950000.0,-0.005,-0.005043373007867613,2.4099999999999966,-0.6200000000000045,142.64
2022-06-09,2022,6,9,3,142.64,147.08,147.95,142.53,69470000.0,-0.036000000000000004,-0.03595566369289016,5.4199999999999875,-4.440000000000026,137.13
2022-06-10,2022,6,10,4,137.13,140.28,140.76,137.06,91570000.0,-0.038599999999999995,-0.038628715647784584,3.6999999999999886,-3.1500000000000057,131.88
2022-06-13,2022,6,13,0,131.88,132.87,135.2,131.44,122210000.0,-0.0383,-0.038284839203675314,3.759999999999991,-0.9900000000000091,132.76
2022-06-14,2022,6,14,1,132.76,133.13,133.89,131.48,84780000.0,0.0067,0.0066727327873823405,2.4099999999999966,-0.37000000000000455,135.43
2022-06-15,2022,6,15,2,135.43,134.29,137.34,132.16,91530000.0,0.020099999999999996,0.02011147936125357,5.180000000000007,1.1400000000000148,130.06
2022-06-16,2022,6,16,3,130.06,132.08,132.39,129.04,107960000.0,-0.0397,-0.03965148046961531,3.3499999999999943,-2.0200000000000102,131.56
2022-06-17,2022,6,17,4,131.56,130.07,133.08,129.81,134520000.0,0.0115,0.011533138551437894,3.2700000000000102,1.490000000000009,135.87
2022-06-21,2022,6,21,1,135.87,133.42,137.06,133.32,81000000.0,0.032799999999999996,0.03276071754332621,3.740000000000009,2.450000000000017,135.35
2022-06-22,2022,6,22,2,135.35,134.79,137.76,133.91,73410000.0,-0.0038,-0.0038271877529992837,3.8499999999999943,0.5600000000000023,138.27
2022-06-23,2022,6,23,3,138.27,136.82,138.59,135.63,72430000.0,0.0216,0.021573697820465476,2.960000000000008,1.450000000000017,141.66
2022-06-24,2022,6,24,4,141.66,139.9,141.91,139.77,89120000.0,0.0245,0.024517248860924212,2.1399999999999864,1.759999999999991,141.66
2022-06-27,2022,6,27,0,141.66,142.7,143.49,140.96,70210000.0,0.0,0.0,2.530000000000001,-1.039999999999992,137.44
2022-06-28,2022,6,28,1,137.44,142.13,143.42,137.32,67320000.0,-0.0298,-0.029789637159395754,6.099999999999994,-4.689999999999998,139.23
2022-06-29,2022,6,29,2,139.23,137.46,140.67,136.67,66239999.99999999,0.013000000000000001,0.013023864959254894,4.0,1.7699999999999818,136.72
2022-06-30,2022,6,30,3,136.72,137.25,138.37,133.77,98960000.0,-0.018000000000000002,-0.018027723910076787,4.599999999999994,-0.5300000000000011,138.93
2022-07-01,2022,7,1,4,138.93,136.04,139.04,135.66,71050000.0,0.016200000000000003,0.01616442363955528,3.3799999999999955,2.890000000000015,141.56
2022-07-05,2022,7,5,1,141.56,137.77,141.61,136.93,73430000.0,0.0189,0.018930396602605537,4.680000000000007,3.789999999999992,142.92
2022-07-06,2022,7,6,2,142.92,141.35,144.12,141.08,74060000.0,0.0096,0.009607233681830918,3.039999999999992,1.5699999999999932,146.35
2022-07-07,2022,7,7,3,146.35,143.29,146.55,143.28,66250000.0,0.024,0.023999440246291748,3.2700000000000102,3.0600000000000023,147.04
2022-07-08,2022,7,8,4,147.04,145.26,147.55,145.0,64550000.0,0.004699999999999999,0.004714724974376416,2.5500000000000114,1.7800000000000011,144.87
2022-07-11,2022,7,11,0,144.87,145.67,146.64,143.78,63310000.0,-0.0148,-0.014757889009793135,2.859999999999985,-0.799999999999983,145.86
2022-07-12,2022,7,12,1,145.86,145.76,148.45,145.05,77590000.0,0.0068000000000000005,0.006833712984054774,3.3999999999999773,0.10000000000002274,145.49
2022-07-13,2022,7,13,2,145.49,142.99,146.45,142.12,71190000.0,-0.0025,-0.002536679007267284,4.329999999999984,2.5,148.47
2022-07-14,2022,7,14,3,148.47,144.08,148.95,143.25,78140000.0,0.020499999999999997,0.020482507388823956,5.699999999999989,4.389999999999986,150.17
2022-07-15,2022,7,15,4,150.17,149.78,150.86,148.2,76260000.0,0.0115,0.011450124604297063,2.660000000000025,0.38999999999998636,147.07
2022-07-18,2022,7,18,0,147.07,150.74,151.57,146.7,81420000.0,-0.0206,-0.020643270959579074,4.8700000000000045,-3.670000000000016,151.0
2022-07-19,2022,7,19,1,151.0,147.92,151.23,146.91,82980000.0,0.026699999999999998,0.02672196913034619,4.319999999999993,3.0800000000000125,153.04
2022-07-20,2022,7,20,2,153.04,151.12,153.72,150.37,64819999.99999999,0.013500000000000002,0.013509933774834337,3.3499999999999943,1.9199999999999875,155.35
2022-07-21,2022,7,21,3,155.35,154.5,155.57,151.94,65090000.0,0.0151,0.015094093047569368,3.6299999999999955,0.8499999999999943,154.09
2022-07-22,2022,7,22,4,154.09,155.39,156.28,153.41,66680000.00000001,-0.008100000000000001,-0.00811071773414862,2.8700000000000045,-1.299999999999983,152.95
2022-07-25,2022,7,25,0,152.95,154.01,155.04,152.28,53620000.0,-0.0074,-0.007398273736128336,2.759999999999991,-1.0600000000000023,151.6
2022-07-26,2022,7,26,1,151.6,152.26,153.09,150.8,55140000.0,-0.0088,-0.008826413860738791,2.289999999999992,-0.6599999999999966,156.79
2022-07-27,2022,7,27,2,156.79,152.58,157.33,152.16,78620000.0,0.0342,0.03423482849604231,5.170000000000016,4.2099999999999795,157.35
2022-07-28,2022,7,28,3,157.35,156.98,157.64,154.41,81380000.0,0.0036,0.0035716563556349445,3.2299999999999898,0.37000000000000455,162.51
2022-07-29,2022,7,29,4,162.51,161.24,163.63,159.5,101790000.0,0.032799999999999996,0.032793136320305116,4.1299999999999955,1.2699999999999818,161.51
2022-08-01,2022,8,1,0,161.51,161.01,163.59,160.89,67830000.0,-0.0062,-0.006153467478924424,2.700000000000017,0.5,160.01
2022-08-02,2022,8,2,1,160.01,160.1,162.41,159.63,59910000.0,-0.009300000000000001,-0.009287350628444102,2.780000000000001,-0.09000000000000341,166.13
2022-08-03,2022,8,3,2,166.13,160.84,166.59,160.75,82510000.0,0.0382,0.03824760952440465,5.840000000000003,5.289999999999992,165.81
2022-08-04,2022,8,4,3,165.81,166.01,167.19,164.43,55470000.0,-0.0019,-0.0019262023716366539,2.759999999999991,-0.19999999999998863,165.35
2022-08-05,2022,8,5,4,165.35,163.21,165.85,163.0,56700000.0,-0.0028000000000000004,-0.0027742596948314713,2.8499999999999943,2.1399999999999864,164.87
2022-08-08,2022,8,8,0,164.87,166.37,167.81,164.2,60360000.0,-0.0029,-0.002902933172059252,3.6100000000000136,-1.5,164.92
2022-08-09,2022,8,9,1,164.92,164.02,165.82,163.25,63140000.0,0.0003,0.0003032692424334016,2.569999999999993,0.8999999999999773,169.24
2022-08-10,2022,8,10,2,169.24,167.68,169.34,166.9,70170000.0,0.0262,0.026194518554450763,2.4399999999999977,1.5600000000000023,168.49
2022-08-11,2022,8,11,3,168.49,170.06,170.99,168.19,57150000.0,-0.0044,-0.004431576459465902,2.8000000000000114,-1.5699999999999932,172.1
2022-08-12,2022,8,12,4,172.1,169.82,172.17,169.4,68040000.0,0.021400000000000002,0.021425603893405976,2.769999999999982,2.280000000000001,173.19
2022-08-15,2022,8,15,0,173.19,171.52,173.39,171.35,54090000.0,0.0063,0.006333527019174889,2.039999999999992,1.6699999999999875,173.03
2022-08-16,2022,8,16,1,173.03,172.78,173.71,171.66,56380000.0,-0.0009,-0.0009238408684103527,2.0500000000000114,0.25,174.55
2022-08-17,2022,8,17,2,174.55,172.77,176.15,172.57,79540000.0,0.0088,0.008784603825926274,3.5800000000000125,1.7800000000000011,174.15
2022-08-18,2022,8,18,3,174.15,173.75,174.9,173.12,62290000.0,-0.0023,-0.0022916069894013402,1.7800000000000011,0.4000000000000057,171.52
2022-08-19,2022,8,19,4,171.52,173.03,173.74,171.31,70350000.0,-0.0151,-0.01510192362905538,2.430000000000007,-1.509999999999991,167.57
2022-08-22,2022,8,22,0,167.57,169.69,169.86,167.13,69030000.0,-0.023,-0.023029384328358327,2.730000000000018,-2.1200000000000045,167.23
2022-08-23,2022,8,23,1,167.23,167.08,168.71,166.65,54150000.0,-0.002,-0.002029002804798008,2.0600000000000023,0.14999999999997726,167.53
2022-08-24,2022,8,24,2,167.53,167.32,168.11,166.24,53840000.0,0.0018,0.0017939364946482073,1.8700000000000045,0.21000000000000796,170.03
2022-08-25,2022,8,25,3,170.03,168.78,170.14,168.35,51220000.0,0.0149,0.014922700411866607,1.789999999999992,1.25,163.62
2022-08-26,2022,8,26,4,163.62,170.57,171.05,163.56,78960000.0,-0.0377,-0.037699229547726865,7.490000000000009,-6.949999999999989,161.38
2022-08-29,2022,8,29,0,161.38,161.15,162.9,159.82,73310000.0,-0.0137,-0.01369025791468037,3.0800000000000125,0.22999999999998977,158.91
2022-08-30,2022,8,30,1,158.91,162.13,162.56,157.72,77910000.0,-0.015300000000000001,-0.015305490147477951,4.840000000000003,-3.219999999999999,157.22
2022-08-31,2022,8,31,2,157.22,160.3,160.58,157.14,87990000.0,-0.0106,-0.010634950600969084,3.440000000000026,-3.0800000000000125,157.96
2022-09-01,2022,9,1,3,157.96,156.64,158.42,154.67,74230000.0,0.004699999999999999,0.004706780307848879,3.75,1.3200000000000216,155.81
2022-09-02,2022,9,2,4,155.81,159.75,160.36,154.96,76960000.0,-0.013600000000000001,-0.01361104076981523,5.400000000000006,-3.9399999999999977,154.53
2022-09-06,2022,9,6,1,154.53,156.47,157.09,153.69,73710000.0,-0.008199999999999999,-0.008215133816828146,3.4000000000000057,-1.9399999999999977,155.96
2022-09-07,2022,9,7,2,155.96,154.82,156.67,153.61,87450000.0,0.009300000000000001,0.009253866563126989,3.059999999999974,1.1400000000000148,154.46
2022-09-08,2022,9,8,3,154.46,154.64,156.36,152.68,84920000.0,-0.0096,-0.009617850730956667,3.680000000000007,-0.1799999999999784,157.37
2022-09-09,2022,9,9,4,157.37,155.47,157.82,154.75,68080000.0,0.018799999999999997,0.01883982908196291,3.069999999999993,1.9000000000000057,163.43
2022-09-12,2022,9,12,0,163.43,159.59,164.26,159.3,104960000.0,0.0385,0.038507974836372805,4.9599999999999795,3.8400000000000034,153.84
2022-09-13,2022,9,13,1,153.84,159.9,160.54,153.37,122660000.0,-0.0587,-0.058679556996879434,7.1699999999999875,-6.060000000000002,155.31
2022-09-14,2022,9,14,2,155.31,154.79,157.1,153.61,87970000.0,0.0096,0.00955538221528851,3.4899999999999807,0.5200000000000102,152.37
2022-09-15,2022,9,15,3,152.37,154.65,155.24,151.38,90480000.0,-0.0189,-0.018929882171141554,3.8600000000000136,-2.280000000000001,150.7
2022-09-16,2022,9,16,4,150.7,151.21,151.35,148.37,162280000.0,-0.011000000000000001,-0.010960162761698644,2.9799999999999898,-0.5100000000000193,154.48
2022-09-19,2022,9,19,0,154.48,149.31,154.56,149.1,81470000.0,0.025099999999999997,0.02508294625082952,5.460000000000008,5.1699999999999875,156.9
2022-09-20,2022,9,20,1,156.9,153.4,158.08,153.08,107690000.0,0.015700000000000002,0.015665458311755698,5.0,3.5,153.72
2022-09-21,2022,9,21,2,153.72,157.34,158.74,153.6,101700000.0,-0.0203,-0.020267686424474185,5.140000000000015,-3.6200000000000045,152.74
2022-09-22,2022,9,22,3,152.74,152.38,154.47,150.91,86650000.0,-0.0064,-0.006375227686703067,3.5600000000000023,0.36000000000001364,150.43
2022-09-23,2022,9,23,4,150.43,151.19,151.47,148.56,96030000.0,-0.0151,-0.015123739688359339,2.9099999999999966,-0.7599999999999909,150.77
2022-09-26,2022,9,26,0,150.77,149.66,153.77,149.64,93340000.0,0.0023,0.002260187462607144,4.130000000000024,1.1100000000000136,151.76
2022-09-27,2022,9,27,1,151.76,152.74,154.72,149.95,84440000.0,0.0066,0.006566293029117043,4.77000000000001,-0.9800000000000182,149.84
2022-09-28,2022,9,28,2,149.84,147.64,150.64,144.84,146690000.0,-0.0127,-0.01265155508697935,5.799999999999983,2.200000000000017,142.48
2022-09-29,2022,9,29,3,142.48,146.1,146.72,140.68,128139999.99999999,-0.049100000000000005,-0.04911906033101987,6.039999999999992,-3.6200000000000045,138.2
2022-09-30,2022,9,30,4,138.2,141.28,143.1,138.0,124930000.0,-0.03,-0.030039303761931535,5.099999999999994,-3.0800000000000125,142.45
2022-10-03,2022,10,3,0,142.45,138.21,143.07,137.68,114310000.0,0.0308,0.030752532561505008,5.389999999999986,4.239999999999981,146.1
2022-10-04,2022,10,4,1,146.1,145.03,146.22,144.26,87830000.0,0.0256,0.025623025623025653,1.960000000000008,1.0699999999999932,146.4
2022-10-05,2022,10,5,2,146.4,144.07,147.38,143.01,79470000.0,0.0021,0.002053388090349051,4.3700000000000045,2.3300000000000125,145.43
2022-10-06,2022,10,6,3,145.43,145.81,147.54,145.22,68400000.0,-0.0066,-0.006625683060109244,2.319999999999993,-0.37999999999999545,140.09
2022-10-07,2022,10,7,4,140.09,142.54,143.1,139.45,85930000.0,-0.036699999999999997,-0.03671869627999724,3.6500000000000057,-2.4499999999999886,140.42
2022-10-10,2022,10,10,0,140.42,140.42,141.89,138.57,74900000.0,0.0024,0.0023556285245198705,3.319999999999993,0.0,138.98
2022-10-11,2022,10,11,1,138.98,139.9,141.35,138.22,77030000.0,-0.0103,-0.010254949437402017,3.1299999999999955,-0.9200000000000159,138.34
2022-10-12,2022,10,12,2,138.34,139.13,140.36,138.16,70430000.0,-0.0046,-0.004604979133688181,2.200000000000017,-0.789999999999992,142.99
2022-10-13,2022,10,13,3,142.99,134.99,143.59,134.37,113220000.0,0.0336,0.03361283793552117,9.219999999999999,8.0,138.38
2022-10-14,2022,10,14,4,138.38,144.31,144.52,138.19,88600000.0,-0.0322,-0.03224001678439059,6.3300000000000125,-5.930000000000007,142.41
2022-10-17,2022,10,17,0,142.41,141.07,142.9,140.27,85250000.0,0.0291,0.029122705593293885,2.6299999999999955,1.3400000000000034,143.75
2022-10-18,2022,10,18,1,143.75,145.49,146.7,140.61,99140000.0,0.009399999999999999,0.009409451583456185,6.089999999999975,-1.740000000000009,143.86
2022-10-19,2022,10,19,2,143.86,141.69,144.95,141.5,61760000.0,0.0008,0.000765217391304418,3.4499999999999886,2.170000000000016,143.39
2022-10-20,2022,10,20,3,143.39,143.02,145.89,142.65,64519999.99999999,-0.0033,-0.0032670652022801505,3.2399999999999807,0.3699999999999761,147.27
2022-10-21,2022,10,21,4,147.27,142.87,147.85,142.65,86550000.0,0.0271,0.027059069670130498,5.199999999999989,4.400000000000006,149.45
2022-10-24,2022,10,24,0,149.45,147.18,150.23,146.0,75980000.0,0.0148,0.014802743260677431,4.22999999999999,2.269999999999982,152.34
2022-10-25,2022,10,25,1,152.34,150.09,152.49,149.36,74730000.0,0.019299999999999998,0.019337571094011574,3.1299999999999955,2.25,149.35
2022-10-26,2022,10,26,2,149.35,150.96,151.99,148.04,88440000.0,-0.0196,-0.019627149796507926,3.950000000000017,-1.6100000000000136,144.8
2022-10-27,2022,10,27,3,144.8,148.07,149.05,144.13,109180000.0,-0.0305,-0.030465349849347012,4.920000000000016,-3.269999999999982,155.74
2022-10-28,2022,10,28,4,155.74,148.2,157.5,147.82,164760000.0,0.0756,0.07555248618784538,9.680000000000007,7.5400000000000205,153.34
2022-10-31,2022,10,31,0,153.34,153.15,154.24,151.92,97940000.0,-0.0154,-0.015410299216643164,2.3200000000000216,0.18999999999999773,150.65
2022-11-01,2022,11,1,1,150.65,155.08,155.45,149.13,80380000.0,-0.0175,-0.017542715534107245,6.319999999999993,-4.430000000000007,145.03
2022-11-02,2022,11,2,2,145.03,148.95,152.17,145.0,93600000.0,-0.0373,-0.037305011616329264,7.1699999999999875,-3.9199999999999875,138.88
2022-11-03,2022,11,3,3,138.88,142.06,142.8,138.75,97920000.0,-0.0424,-0.04240501965110666,4.050000000000011,-3.180000000000007,138.38
2022-11-04,2022,11,4,4,138.38,142.09,142.67,134.38,140810000.0,-0.0036,-0.0036002304147465525,8.289999999999992,-3.710000000000008,138.92
2022-11-07,2022,11,7,0,138.92,137.11,139.15,135.67,83370000.0,0.0039000000000000003,0.0039022980199450163,3.480000000000018,1.8099999999999739,139.5
2022-11-08,2022,11,8,1,139.5,140.41,141.43,137.49,89910000.0,0.0042,0.004175064785488125,3.9399999999999977,-0.9099999999999966,134.87
2022-11-09,2022,11,9,2,134.87,138.5,138.55,134.59,74920000.0,-0.0332,-0.03318996415770603,3.960000000000008,-3.6299999999999955,146.87
2022-11-10,2022,11,10,3,146.87,141.24,146.87,139.5,118850000.0,0.08900000000000001,0.08897456810261728,7.3700000000000045,5.6299999999999955,149.7
2022-11-11,2022,11,11,4,149.7,145.82,150.01,144.37,93980000.0,0.019299999999999998,0.019268741063525496,5.639999999999986,3.8799999999999955,148.28
2022-11-14,2022,11,14,0,148.28,148.97,150.28,147.43,73370000.0,-0.0095,-0.009485637942551639,2.8499999999999943,-0.6899999999999977,150.04
2022-11-15,2022,11,15,1,150.04,152.21,153.59,148.56,89870000.0,0.011899999999999999,0.011869436201780381,5.030000000000001,-2.170000000000016,148.79
2022-11-16,2022,11,16,2,148.79,149.13,149.87,147.29,64220000.0,-0.0083,-0.008331111703545724,2.5800000000000125,-0.3400000000000034,150.72
2022-11-17,2022,11,17,3,150.72,146.43,151.48,146.15,80390000.0,0.013000000000000001,0.012971301834800775,5.329999999999984,4.289999999999992,151.29
2022-11-18,2022,11,18,4,151.29,152.3,152.7,149.97,74830000.0,0.0038,0.003781847133757843,2.7299999999999898,-1.0100000000000193,148.01
2022-11-21,2022,11,21,0,148.01,150.16,150.37,147.71,58720000.0,-0.0217,-0.02168021680216803,2.6599999999999966,-2.1500000000000057,150.18
2022-11-22,2022,11,22,1,150.18,148.13,150.42,146.93,51800000.0,0.0147,0.01466117154246338,3.4899999999999807,2.0500000000000114,151.07
2022-11-23,2022,11,23,2,151.07,149.45,151.83,149.34,58300000.0,0.0059,0.005926221867092796,2.490000000000009,1.6200000000000045,148.11
2022-11-25,2022,11,25,4,148.11,148.3,148.88,147.12,35200000.0,-0.0196,-0.019593565896604104,1.759999999999991,-0.18999999999999773,144.22
2022-11-28,2022,11,28,0,144.22,145.14,146.64,143.38,69350000.0,-0.0263,-0.02626426304773488,3.259999999999991,-0.9199999999999875,141.17
2022-11-29,2022,11,29,1,141.17,144.29,144.81,140.35,83760000.0,-0.021099999999999997,-0.021148245735681637,4.460000000000008,-3.1200000000000045,148.03
2022-11-30,2022,11,30,2,148.03,141.4,148.72,140.55,111380000.0,0.048600000000000004,0.04859389388680335,8.169999999999987,6.6299999999999955,148.31
2022-12-01,2022,12,1,3,148.31,148.21,149.13,146.61,71250000.0,0.0019,0.0018915084780111169,2.519999999999982,0.09999999999999432,147.81
2022-12-02,2022,12,2,4,147.81,145.96,148.0,145.65,65450000.0,-0.0034000000000000002,-0.003371316836356275,2.3499999999999943,1.8499999999999943,146.63
2022-12-05,2022,12,5,0,146.63,147.77,150.92,145.77,68830000.0,-0.008,-0.007983221703538379,5.149999999999977,-1.1400000000000148,142.91
2022-12-06,2022,12,6,1,142.91,147.07,147.3,141.92,64730000.00000001,-0.0254,-0.025369978858350906,5.380000000000024,-4.159999999999997,140.94
2022-12-07,2022,12,7,2,140.94,142.19,143.37,140.0,69720000.0,-0.0138,-0.013784899587152788,3.3700000000000045,-1.25,142.65
2022-12-08,2022,12,8,3,142.65,142.36,143.52,141.1,62130000.0,0.0121,0.012132822477650018,2.420000000000016,0.28999999999999204,142.16
2022-12-09,2022,12,9,4,142.16,142.34,145.57,140.9,76100000.0,-0.0034000000000000002,-0.003434980722047065,4.6699999999999875,-0.18000000000000682,144.49
2022-12-12,2022,12,12,0,144.49,142.7,144.5,141.06,70460000.0,0.016399999999999998,0.01638998311761397,3.4399999999999977,1.7900000000000205,145.47
2022-12-13,2022,12,13,1,145.47,149.5,149.97,144.24,93890000.0,0.0068000000000000005,0.006782476295937423,5.72999999999999,-4.030000000000001,143.21
2022-12-14,2022,12,14,2,143.21,145.35,146.65,141.16,82290000.0,-0.0155,-0.015535849316010153,5.490000000000009,-2.1399999999999864,136.5
2022-12-15,2022,12,15,3,136.5,141.11,141.8,136.02,98930000.0,-0.046900000000000004,-0.04685426995321562,5.780000000000001,-4.610000000000014,134.51
2022-12-16,2022,12,16,4,134.51,136.68,137.65,133.73,160160000.0,-0.0146,-0.014578754578754682,3.920000000000016,-2.170000000000016,132.37
2022-12-19,2022,12,19,0,132.37,135.11,135.2,131.32,79590000.0,-0.0159,-0.015909597799420028,3.8799999999999955,-2.740000000000009,132.3
2022-12-20,2022,12,20,1,132.3,131.39,133.25,129.89,77430000.0,-0.0005,-0.0005288207297725611,3.3600000000000136,0.910000000000025,135.45
2022-12-21,2022,12,21,2,135.45,132.98,136.81,132.75,85930000.0,0.023799999999999998,0.023809523809523725,4.060000000000002,2.469999999999999,132.23
2022-12-22,2022,12,22,3,132.23,134.35,134.56,130.3,77850000.0,-0.023799999999999998,-0.023772609819121437,4.259999999999991,-2.1200000000000045,131.86
2022-12-23,2022,12,23,4,131.86,130.92,132.41,129.64,63810000.0,-0.0028000000000000004,-0.002798154730393798,2.7700000000000102,0.9400000000000261,130.03
2022-12-27,2022,12,27,1,130.03,131.38,131.41,128.72,69010000.0,-0.0139,-0.013878355831943079,2.6899999999999977,-1.3499999999999943,126.04
2022-12-28,2022,12,28,2,126.04,129.67,131.03,125.87,85440000.0,-0.030699999999999998,-0.030685226486195427,5.159999999999997,-3.6299999999999812,129.61
2022-12-29,2022,12,29,3,129.61,127.99,130.48,127.73,75700000.0,0.028300000000000002,0.02832434147889562,2.749999999999986,1.6200000000000188,129.93
2022-12-30,2022,12,30,4,129.93,128.41,129.95,127.43,77030000.0,0.0025,0.0024689452974306914,2.519999999999982,1.5200000000000102,125.07
2023-01-03,2023,1,3,1,125.07,130.28,130.9,124.17,112120000.0,-0.0374,-0.03740475640729635,6.730000000000004,-5.210000000000008,126.36
2023-01-04,2023,1,4,2,126.36,126.89,128.66,125.08,89110000.0,0.0103,0.010314224034540631,3.5799999999999983,-0.5300000000000011,125.02
2023-01-05,2023,1,5,3,125.02,127.13,127.77,124.76,80960000.0,-0.0106,-0.010604621715732843,3.009999999999991,-2.1099999999999994,129.62
2023-01-06,2023,1,6,4,129.62,126.01,130.29,124.89,87750000.0,0.0368,0.03679411294192936,5.3999999999999915,3.6099999999999994,130.15
2023-01-09,2023,1,9,0,130.15,130.46,133.41,129.89,70790000.0,0.0040999999999999995,0.004088875173584361,3.5200000000000102,-0.3100000000000023,130.73
2023-01-10,2023,1,10,1,130.73,130.26,131.26,128.12,63900000.0,0.0045000000000000005,0.004456396465616574,3.1399999999999864,0.46999999999999886,133.49
2023-01-11,2023,1,11,2,133.49,131.25,133.51,130.46,69460000.0,0.021099999999999997,0.0211122160177466,3.049999999999983,2.240000000000009,133.41
2023-01-12,2023,1,12,3,133.41,133.88,134.26,131.44,71380000.0,-0.0006,-0.0005992958274029236,2.819999999999993,-0.46999999999999886,134.76
2023-01-13,2023,1,13,4,134.76,132.03,134.92,131.66,57810000.0,0.0101,0.01011918147065427,3.259999999999991,2.7299999999999898,135.94
2023-01-17,2023,1,17,1,135.94,134.83,137.29,134.13,63650000.0,0.0088,0.008756307509646843,3.1599999999999966,1.1099999999999852,135.21
2023-01-18,2023,1,18,2,135.21,136.82,138.61,135.03,69670000.0,-0.0054,-0.005370016183610327,3.5800000000000125,-1.6099999999999852,135.27
2023-01-19,2023,1,19,3,135.27,134.08,136.25,133.77,58280000.0,0.0004,0.0004437541601953754,2.4799999999999898,1.1899999999999977,137.87
2023-01-20,2023,1,20,4,137.87,135.28,138.02,134.22,80220000.0,0.0192,0.019220817624011177,3.8000000000000114,2.5900000000000034,141.11
2023-01-23,2023,1,23,0,141.11,138.12,143.32,137.9,81760000.0,0.0235,0.023500398926525,5.4199999999999875,2.990000000000009,142.53
2023-01-24,2023,1,24,1,142.53,140.3,143.16,140.3,66440000.0,0.0101,0.010063071362766518,2.859999999999985,2.2299999999999898,141.86
2023-01-25,2023,1,25,2,141.86,140.89,142.43,138.81,65800000.0,-0.004699999999999999,-0.00470076475128034,3.6200000000000045,0.9700000000000273,143.96
2023-01-26,2023,1,26,3,143.96,143.17,144.25,141.9,54110000.0,0.0148,0.014803327224023555,2.3499999999999943,0.7900000000000205,145.93
2023-01-27,2023,1,27,4,145.93,143.15,147.23,143.08,70560000.0,0.0137,0.01368435676576829,4.149999999999977,2.780000000000001,143.0
2023-01-30,2023,1,30,0,143.0,144.96,145.55,142.85,64019999.99999999,-0.020099999999999996,-0.020078119646405823,2.700000000000017,-1.960000000000008,144.29
2023-01-31,2023,1,31,1,144.29,142.7,144.34,142.28,65870000.00000001,0.009000000000000001,0.00902097902097898,2.0600000000000023,1.5900000000000034,145.43
2023-02-01,2023,2,1,2,145.43,143.97,146.61,141.32,77660000.0,0.0079,0.00790075542310631,5.2900000000000205,1.460000000000008,150.82
2023-02-02,2023,2,2,3,150.82,148.9,151.18,148.17,118340000.0,0.0371,0.03706250429760005,3.0100000000000193,1.9199999999999875,154.5
2023-02-03,2023,2,3,4,154.5,148.03,157.38,147.83,154360000.0,0.024399999999999998,0.024399946956637164,9.549999999999983,6.469999999999999,151.73
2023-02-06,2023,2,6,0,151.73,152.57,153.1,150.78,69860000.0,-0.0179,-0.017928802588996873,2.319999999999993,-0.8400000000000034,154.65
2023-02-07,2023,2,7,1,154.65,150.64,155.23,150.64,83320000.0,0.0192,0.019244710999802406,4.590000000000003,4.010000000000019,151.92
2023-02-08,2023,2,8,2,151.92,153.88,154.58,151.17,64120000.00000001,-0.0177,-0.017652764306498647,3.410000000000025,-1.960000000000008,150.87
2023-02-09,2023,2,9,3,150.87,153.77,154.33,150.42,56010000.0,-0.0069,-0.006911532385465935,3.910000000000025,-2.9000000000000057,151.01
2023-02-10,2023,2,10,4,151.01,149.46,151.34,149.22,57450000.0,0.0009,0.0009279512162787551,2.1200000000000045,1.549999999999983,153.85
2023-02-13,2023,2,13,0,153.85,150.95,154.26,150.92,62200000.0,0.018799999999999997,0.018806701542944282,3.3400000000000034,2.9000000000000057,153.2
2023-02-14,2023,2,14,1,153.2,152.12,153.77,150.86,61710000.0,-0.0042,-0.00422489437764062,2.9099999999999966,1.079999999999984,155.33
2023-02-15,2023,2,15,2,155.33,153.11,155.5,152.88,65670000.0,0.0139,0.013903394255874835,2.6200000000000045,2.219999999999999,153.71
2023-02-16,2023,2,16,3,153.71,153.51,156.33,153.35,68170000.0,-0.0104,-0.010429408356402492,2.980000000000018,0.20000000000001705,152.55
2023-02-17,2023,2,17,4,152.55,152.35,153.0,150.85,59140000.0,-0.0075,-0.0075466788107474425,2.1500000000000057,0.20000000000001705,148.48
2023-02-21,2023,2,21,1,148.48,150.2,151.3,148.4,58870000.0,-0.026699999999999998,-0.02667977712225511,2.9000000000000057,-1.7199999999999989,148.91
2023-02-22,2023,2,22,2,148.91,148.87,149.95,147.16,51010000.0,0.0029,0.002896012931034475,2.789999999999992,0.03999999999999204,149.4
2023-02-23,2023,2,23,3,149.4,150.09,150.34,147.24,48390000.0,0.0033,0.003290578201598393,3.0999999999999943,-0.6899999999999977,146.71
2023-02-24,2023,2,24,4,146.71,147.11,147.19,145.72,55470000.0,-0.018000000000000002,-0.01800535475234266,1.4699999999999989,-0.4000000000000057,147.92
2023-02-27,2023,2,27,0,147.92,147.71,149.17,147.45,45000000.0,0.008199999999999999,0.008247563219957676,1.7199999999999989,0.20999999999997954,147.41
2023-02-28,2023,2,28,1,147.41,147.05,149.08,146.83,50550000.0,-0.0034000000000000002,-0.0034478096268252267,2.25,0.3599999999999852,145.31
2023-03-01,2023,3,1,2,145.31,146.83,147.23,145.01,55480000.0,-0.014199999999999999,-0.014245980598331154,2.219999999999999,-1.5200000000000102,145.91
2023-03-02,2023,3,2,3,145.91,144.38,146.71,143.9,52280000.0,0.0040999999999999995,0.004129103296400816,2.8100000000000023,1.5300000000000011,151.03
2023-03-03,2023,3,3,4,151.03,148.04,151.11,147.33,70730000.0,0.0351,0.0350901240490713,3.780000000000001,2.990000000000009,153.83
2023-03-06,2023,3,6,0,153.83,153.79,156.3,153.46,87560000.0,0.018500000000000003,0.01853936304045556,2.8400000000000034,0.040000000000020464,151.6
2023-03-07,2023,3,7,1,151.6,153.7,154.03,151.13,56180000.0,-0.014499999999999999,-0.014496522134824219,2.9000000000000057,-2.0999999999999943,152.87
2023-03-08,2023,3,8,2,152.87,152.81,153.47,151.83,47200000.0,0.0084,0.008377308707124165,1.6399999999999864,0.060000000000002274,150.59
2023-03-09,2023,3,9,3,150.59,153.56,154.54,150.23,53830000.0,-0.0149,-0.014914633348596884,4.310000000000002,-2.969999999999999,148.5
2023-03-10,2023,3,10,4,148.5,150.21,150.94,147.61,68570000.0,-0.0139,-0.01387874360847341,3.329999999999984,-1.710000000000008,150.47
2023-03-13,2023,3,13,0,150.47,147.8,153.14,147.7,84460000.0,0.013300000000000001,0.013265993265993314,5.439999999999998,2.6699999999999875,152.59
2023-03-14,2023,3,14,1,152.59,151.28,153.4,150.1,73700000.0,0.0141,0.014089187213398136,3.3000000000000114,1.3100000000000023,152.99
2023-03-15,2023,3,15,2,152.99,151.19,153.24,149.92,77170000.0,0.0026,0.0026214037617144914,3.3200000000000216,1.8000000000000114,155.85
2023-03-16,2023,3,16,3,155.85,152.16,156.46,151.64,76250000.0,0.0187,0.01869403228969202,4.820000000000022,3.6899999999999977,155.0
2023-03-17,2023,3,17,4,155.0,156.08,156.74,154.28,98940000.0,-0.0055000000000000005,-0.005453962143086244,2.460000000000008,-1.0800000000000125,157.4
2023-03-20,2023,3,20,0,157.4,155.07,157.82,154.15,73640000.0,0.0155,0.015483870967742064,3.6699999999999875,2.3300000000000125,159.28
2023-03-21,2023,3,21,1,159.28,157.32,159.4,156.54,73940000.0,0.011899999999999999,0.011944091486658204,2.8600000000000136,1.960000000000008,157.83
2023-03-22,2023,3,22,2,157.83,159.3,162.14,157.81,75700000.0,-0.0091,-0.009103465595178273,4.329999999999984,-1.4699999999999989,158.93
2023-03-23,2023,3,23,3,158.93,158.83,161.55,157.68,67620000.0,0.006999999999999999,0.006969524171577035,3.8700000000000045,0.09999999999999432,160.25
2023-03-24,2023,3,24,4,160.25,158.86,160.34,157.85,59260000.0,0.0083,0.008305543320958897,2.490000000000009,1.3899999999999864,158.28
2023-03-27,2023,3,27,0,158.28,159.94,160.77,157.87,52390000.0,-0.0123,-0.012293291731669265,2.9000000000000057,-1.6599999999999966,157.65
2023-03-28,2023,3,28,1,157.65,157.97,158.49,155.98,45990000.0,-0.004,-0.003980288097043205,2.5100000000000193,-0.3199999999999932,160.77
2023-03-29,2023,3,29,2,160.77,159.37,161.05,159.35,51310000.0,0.019799999999999998,0.019790675547098013,1.700000000000017,1.4000000000000057,162.36
2023-03-30,2023,3,30,3,162.36,161.53,162.47,161.27,49500000.0,0.009899999999999999,0.009889904832991236,1.1999999999999886,0.8300000000000125,164.9
2023-03-31,2023,3,31,4,164.9,162.44,165.0,161.91,68750000.0,0.015600000000000001,0.015644247351564333,3.0900000000000034,2.460000000000008,166.17
2023-04-03,2023,4,3,0,166.17,164.27,166.29,164.22,56980000.0,0.0077,0.00770163735597329,2.069999999999993,1.8999999999999773,165.63
2023-04-04,2023,4,4,1,165.63,166.6,166.84,165.11,46280000.0,-0.0032,-0.00324968405849424,1.7299999999999898,-0.9699999999999989,163.76
2023-04-05,2023,4,5,2,163.76,164.74,165.05,161.8,51510000.0,-0.0113,-0.011290225200748738,3.25,-0.9800000000000182,164.66
2023-04-06,2023,4,6,3,164.66,162.43,164.96,162.0,45390000.0,0.0055000000000000005,0.005495847581827196,2.960000000000008,2.2299999999999898,162.03
2023-04-10,2023,4,10,0,162.03,161.42,162.03,160.08,47720000.0,-0.016,-0.015972306571116257,1.9499999999999886,0.6100000000000136,160.8
2023-04-11,2023,4,11,1,160.8,162.35,162.36,160.51,47640000.0,-0.0076,-0.007591186817256013,1.8500000000000227,-1.549999999999983,160.1
2023-04-12,2023,4,12,2,160.1,161.22,162.06,159.78,50130000.0,-0.0044,-0.0043532338308458485,2.280000000000001,-1.1200000000000045,165.56
2023-04-13,2023,4,13,3,165.56,161.63,165.8,161.42,68450000.0,0.0341,0.034103685196752,4.380000000000024,3.930000000000007,165.21
2023-04-14,2023,4,14,4,165.21,164.59,166.32,163.82,49390000.0,-0.0021,-0.0021140372070548308,2.5,0.6200000000000045,165.23
2023-04-17,2023,4,17,0,165.23,165.09,165.39,164.03,41520000.0,0.0001,0.00012105804733364423,1.3599999999999852,0.13999999999998636,166.47
2023-04-18,2023,4,18,1,166.47,166.1,167.41,165.65,49920000.0,0.0075,0.007504690431519689,1.759999999999991,0.37000000000000455,167.63
2023-04-19,2023,4,19,2,167.63,165.8,168.16,165.54,47720000.0,0.006999999999999999,0.006968222502552912,2.6200000000000045,1.829999999999984,166.65
2023-04-20,2023,4,20,3,166.65,166.09,167.87,165.56,52460000.0,-0.0058,-0.005846208912485773,2.3100000000000023,0.5600000000000023,165.02
2023-04-21,2023,4,21,4,165.02,165.05,166.45,164.49,58340000.0,-0.0098,-0.009780978097809756,1.9599999999999795,-0.030000000000001137,165.33
2023-04-24,2023,4,24,0,165.33,165.0,165.6,163.89,41950000.0,0.0019,0.0018785601745243685,1.710000000000008,0.3300000000000125,163.77
2023-04-25,2023,4,25,1,163.77,165.19,166.3,163.73,48710000.0,-0.009399999999999999,-0.009435674106332836,2.5700000000000216,-1.4199999999999875,163.76
2023-04-26,2023,4,26,2,163.76,163.05,165.28,162.8,45500000.0,-0.0001,-6.106124442828431e-05,2.4799999999999898,0.7099999999999795,168.41
2023-04-27,2023,4,27,3,168.41,165.19,168.56,165.19,64900000.00000001,0.028399999999999998,0.028395212506106438,3.3700000000000045,3.219999999999999,169.68
2023-04-28,2023,4,28,4,169.68,168.49,169.85,167.88,55280000.0,0.0075,0.007541119885992487,1.9699999999999989,1.1899999999999977,169.59
2023-05-01,2023,5,1,0,169.59,169.28,170.45,168.64,52470000.0,-0.0005,-0.0005304101838755626,1.8100000000000023,0.3100000000000023,168.54
2023-05-02,2023,5,2,1,168.54,170.09,170.35,167.54,48430000.0,-0.0062,-0.0061914027949762085,2.8100000000000023,-1.5500000000000114,167.45
2023-05-03,2023,5,3,2,167.45,169.5,170.92,167.16,65140000.0,-0.006500000000000001,-0.006467307464103511,3.759999999999991,-2.0500000000000114,165.79
2023-05-04,2023,5,4,3,165.79,164.89,167.04,164.31,81240000.0,-0.009899999999999999,-0.009913406987160367,2.7299999999999898,0.9000000000000057,173.57
2023-05-05,2023,5,5,4,173.57,170.98,174.3,170.76,113450000.0,0.046900000000000004,0.04692683515290419,3.5400000000000205,2.5900000000000034,173.5
2023-05-08,2023,5,8,0,173.5,172.48,173.85,172.11,55960000.0,-0.0004,-0.0004032955003744343,1.7399999999999807,1.0200000000000102,171.77
2023-05-09,2023,5,9,1,171.77,173.05,173.54,171.6,45330000.0,-0.01,-0.009971181556195918,1.9399999999999977,-1.2800000000000011,173.55
2023-05-10,2023,5,10,2,173.55,173.02,174.03,171.9,53720000.0,0.0104,0.010362694300518172,2.1299999999999955,0.5300000000000011,173.75
2023-05-11,2023,5,11,3,173.75,173.85,174.59,172.17,49510000.0,0.0011,0.0011524056467875354,2.420000000000016,-0.09999999999999432,172.57
2023-05-12,2023,5,12,4,172.57,173.62,174.06,171.0,45530000.0,-0.0068000000000000005,-0.0067913669064748605,3.0600000000000023,-1.0500000000000114,172.07
2023-05-15,2023,5,15,0,172.07,173.16,173.21,171.47,37270000.0,-0.0029,-0.0028973749782696956,1.740000000000009,-1.0900000000000034,172.07
2023-05-16,2023,5,16,1,172.07,171.99,173.14,171.8,42110000.0,0.0,0.0,1.339999999999975,0.07999999999998408,172.69
2023-05-17,2023,5,17,2,172.69,171.71,172.93,170.42,57950000.0,0.0036,0.003603184750392341,2.5100000000000193,0.9799999999999898,175.05
2023-05-18,2023,5,18,3,175.05,173.0,175.24,172.58,65500000.0,0.0137,0.013666106896751407,2.6599999999999966,2.0500000000000114,175.16
2023-05-19,2023,5,19,4,175.16,176.39,176.39,174.94,55810000.0,0.0006,0.0006283918880318762,1.4499999999999886,-1.2299999999999898,174.2
2023-05-22,2023,5,22,0,174.2,173.98,174.71,173.45,43570000.0,-0.0055000000000000005,-0.005480703356930849,1.2600000000000193,0.21999999999999886,171.56
2023-05-23,2023,5,23,1,171.56,173.13,173.38,171.27,50750000.0,-0.0152,-0.015154994259471755,2.109999999999985,-1.5699999999999932,171.84
2023-05-24,2023,5,24,2,171.84,171.09,172.42,170.52,45140000.0,0.0016,0.0016320820704127659,1.8999999999999773,0.75,172.99
2023-05-25,2023,5,25,3,172.99,172.41,173.9,171.69,56060000.0,0.0067,0.006692271880819334,2.210000000000008,0.5800000000000125,175.43
2023-05-26,2023,5,26,4,175.43,173.32,175.77,173.11,54830000.0,0.0141,0.014104861552690862,2.6599999999999966,2.1100000000000136,177.3
2023-05-30,2023,5,30,1,177.3,176.96,178.99,176.57,55960000.0,0.010700000000000001,0.010659522316593506,2.420000000000016,0.3400000000000034,177.25
2023-05-31,2023,5,31,2,177.25,177.32,179.35,176.76,99630000.0,-0.0003,-0.0002820078962211259,2.5900000000000034,-0.06999999999999318,180.09
2023-06-01,2023,6,1,3,180.09,177.7,180.12,176.93,68900000.0,0.016,0.01602256699576876,3.1899999999999977,2.390000000000015,180.95
2023-06-02,2023,6,2,4,180.95,181.03,181.78,179.26,62000000.0,0.0048,0.004775390082736308,2.5200000000000102,-0.0800000000000125,179.58
2023-06-05,2023,6,5,0,179.58,182.63,184.95,178.04,121950000.0,-0.0076,-0.0075711522520032215,6.909999999999997,-3.049999999999983,179.21
2023-06-06,2023,6,6,1,179.21,179.96,180.12,177.43,64849999.99999999,-0.0021,-0.0020603630693841746,2.6899999999999977,-0.75,177.82
2023-06-07,2023,6,7,2,177.82,178.44,181.21,177.32,61940000.0,-0.0078000000000000005,-0.007756263601361613,3.890000000000015,-0.6200000000000045,180.57
2023-06-08,2023,6,8,3,180.57,177.9,180.84,177.46,50210000.0,0.0155,0.01546507704420197,3.3799999999999955,2.6699999999999875,180.96
2023-06-09,2023,6,9,4,180.96,181.5,182.23,180.63,48900000.0,0.0022,0.002159827213823018,1.5999999999999943,-0.539999999999992,183.79
2023-06-12,2023,6,12,0,183.79,181.27,183.89,180.97,54750000.0,0.015600000000000001,0.015638815207780654,2.9199999999999875,2.519999999999982,183.31
2023-06-13,2023,6,13,1,183.31,182.8,184.15,182.44,54930000.0,-0.0026,-0.0026116763697697776,1.710000000000008,0.5099999999999909,183.95
2023-06-14,2023,6,14,2,183.95,183.37,184.39,182.02,57460000.0,0.0034999999999999996,0.003491353444983858,2.369999999999976,0.5799999999999841,186.01
2023-06-15,2023,6,15,3,186.01,183.96,186.52,183.78,65430000.00000001,0.011200000000000002,0.011198695297635286,2.740000000000009,2.049999999999983,184.92
2023-06-16,2023,6,16,4,184.92,186.73,186.99,184.27,101260000.0,-0.0059,-0.005859900005376062,2.719999999999999,-1.8100000000000023,185.01
2023-06-20,2023,6,20,1,185.01,184.41,186.1,184.41,49800000.0,0.0005,0.0004866969500325613,1.6899999999999977,0.5999999999999943,183.96
2023-06-21,2023,6,21,2,183.96,184.9,185.41,182.59,49520000.0,-0.005699999999999999,-0.00567536889897835,2.819999999999993,-0.9399999999999977,187.0
2023-06-22,2023,6,22,3,187.0,183.74,187.04,183.67,51250000.0,0.0165,0.016525331593824744,3.3700000000000045,3.259999999999991,186.68
2023-06-23,2023,6,23,4,186.68,185.55,187.56,185.01,53120000.0,-0.0017000000000000001,-0.0017112299465240621,2.5500000000000114,1.1299999999999955,185.27
2023-06-26,2023,6,26,0,185.27,186.83,188.05,185.23,48090000.0,-0.0076,-0.007553031926290976,2.8200000000000216,-1.5600000000000023,188.06
2023-06-27,2023,6,27,1,188.06,185.89,188.39,185.67,50730000.0,0.0151,0.015059102930857549,2.719999999999999,2.170000000000016,189.25
2023-06-28,2023,6,28,2,189.25,187.93,189.9,187.6,51220000.0,0.0063,0.006327767733701917,2.3000000000000114,1.3199999999999932,189.59
2023-06-29,2023,6,29,3,189.59,189.08,190.07,188.94,46350000.0,0.0018,0.001796565389696081,1.1299999999999955,0.5099999999999909,193.97
2023-06-30,2023,6,30,4,193.97,191.63,194.48,191.26,85210000.0,0.0231,0.02310248430824413,3.219999999999999,2.3400000000000034,192.46
2023-07-03,2023,7,3,0,192.46,193.78,193.88,191.76,31460000.0,-0.0078000000000000005,-0.007784708975614785,2.1200000000000045,-1.3199999999999932,191.33
2023-07-05,2023,7,5,2,191.33,191.57,192.98,190.62,46920000.0,-0.0059,-0.005871349890886446,2.359999999999985,-0.23999999999998067,191.81
2023-07-06,2023,7,6,3,191.81,189.84,192.02,189.2,45160000.0,0.0025,0.0025087545079180984,2.8200000000000216,1.9699999999999989,190.68
2023-07-07,2023,7,7,4,190.68,191.41,192.67,190.24,46820000.0,-0.0059,-0.005891246546061213,2.4299999999999784,-0.7299999999999898,188.61
2023-07-10,2023,7,10,0,188.61,189.26,189.99,187.04,59920000.0,-0.0109,-0.010855884203901822,2.950000000000017,-0.6499999999999773,188.08
2023-07-11,2023,7,11,1,188.08,189.16,189.3,186.6,46640000.0,-0.0028000000000000004,-0.002810031281480274,2.700000000000017,-1.079999999999984,189.77
2023-07-12,2023,7,12,2,189.77,189.68,191.7,188.47,60750000.0,0.009000000000000001,0.008985538068906784,3.2299999999999898,0.09000000000000341,190.54
2023-07-13,2023,7,13,3,190.54,190.5,191.19,189.78,41340000.0,0.0040999999999999995,0.004057543341940084,1.4099999999999966,0.03999999999999204,190.69
2023-07-14,2023,7,14,4,190.69,190.23,191.18,189.63,41620000.0,0.0008,0.000787236275847647,1.5500000000000114,0.46000000000000796,193.99
2023-07-17,2023,7,17,0,193.99,191.9,194.32,191.81,50520000.0,0.0173,0.017305574492632037,2.509999999999991,2.0900000000000034,193.73
2023-07-18,2023,7,18,1,193.73,193.35,194.33,192.41,48350000.0,-0.0013,-0.0013402752719213762,1.920000000000016,0.37999999999999545,195.1
2023-07-19,2023,7,19,2,195.1,193.1,198.23,192.65,80510000.0,0.0070999999999999995,0.007071697723636028,5.579999999999984,2.0,193.13
2023-07-20,2023,7,20,3,193.13,195.09,196.47,192.49,59580000.0,-0.0101,-0.010097385955920024,3.9799999999999898,-1.960000000000008,191.94
2023-07-21,2023,7,21,4,191.94,194.1,194.97,191.23,71950000.0,-0.0062,-0.00616165277274372,3.740000000000009,-2.1599999999999966,192.75
2023-07-24,2023,7,24,0,192.75,193.41,194.91,192.25,45510000.0,0.0042,0.004220068771491059,2.6599999999999966,-0.6599999999999966,193.62
2023-07-25,2023,7,25,1,193.62,193.33,194.44,192.91,37280000.0,0.0045000000000000005,0.004513618677042919,1.5300000000000011,0.28999999999999204,194.5
2023-07-26,2023,7,26,2,194.5,193.67,195.64,193.32,47470000.0,0.0045000000000000005,0.004544985022208348,2.319999999999993,0.8300000000000125,193.22
2023-07-27,2023,7,27,3,193.22,196.02,197.2,192.55,47460000.0,-0.0066,-0.006580976863753252,4.649999999999977,-2.8000000000000114,195.83
2023-07-28,2023,7,28,4,195.83,194.67,196.63,194.14,48290000.0,0.013500000000000002,0.013507918434944699,2.490000000000009,1.160000000000025,196.45
2023-07-31,2023,7,31,0,196.45,196.06,196.49,195.26,38820000.0,0.0032,0.0031660113363629616,1.2300000000000182,0.38999999999998636,195.6
2023-08-01,2023,8,1,1,195.6,196.24,196.73,195.28,35280000.0,-0.0043,-0.004326800712649459,1.4499999999999886,-0.6400000000000148,192.58
2023-08-02,2023,8,2,2,192.58,195.04,195.18,191.85,50390000.0,-0.0155,-0.01543967280163594,3.3300000000000125,-2.4599999999999795,191.17
2023-08-03,2023,8,3,3,191.17,191.57,192.37,190.69,62240000.0,-0.0073,-0.007321632568283443,1.6800000000000068,-0.4000000000000057,181.99
2023-08-04,2023,8,4,4,181.99,185.52,187.38,181.92,115960000.0,-0.048,-0.048020086833708064,5.460000000000008,-3.530000000000001,178.85
2023-08-07,2023,8,7,0,178.85,182.13,183.13,177.35,97580000.0,-0.0173,-0.01725369525798126,5.780000000000001,-3.280000000000001,179.8
2023-08-08,2023,8,8,1,179.8,179.69,180.27,177.58,67820000.0,0.0053,0.005311713726586564,2.6899999999999977,0.11000000000001364,178.19
2023-08-09,2023,8,9,2,178.19,180.87,180.93,177.01,60380000.0,-0.009000000000000001,-0.008954393770856606,3.920000000000016,-2.680000000000007,177.97
2023-08-10,2023,8,10,3,177.97,179.48,180.75,177.6,54690000.0,-0.0012,-0.0012346371850272542,3.1500000000000057,-1.509999999999991,177.79
2023-08-11,2023,8,11,4,177.79,177.32,178.62,176.55,52040000.0,-0.001,-0.0010114064168118553,2.069999999999993,0.46999999999999886,179.46
2023-08-14,2023,8,14,0,179.46,177.97,179.69,177.3,43680000.0,0.009399999999999999,0.00939310422408468,2.3899999999999864,1.490000000000009,177.45
2023-08-15,2023,8,15,1,177.45,178.88,179.48,177.05,43620000.0,-0.011200000000000002,-0.011200267469073988,2.4299999999999784,-1.4300000000000068,176.57
2023-08-16,2023,8,16,2,176.57,177.13,178.54,176.5,46960000.0,-0.005,-0.004959143420681822,2.039999999999992,-0.5600000000000023,174.0
2023-08-17,2023,8,17,3,174.0,177.14,177.51,173.48,66060000.0,-0.0146,-0.014555133941213105,4.030000000000001,-3.1399999999999864,174.49
2023-08-18,2023,8,18,4,174.49,172.3,175.1,171.96,61170000.0,0.0028000000000000004,0.0028160919540229923,3.1399999999999864,2.1899999999999977,175.84
2023-08-21,2023,8,21,0,175.84,175.07,176.13,173.74,46310000.0,0.0077,0.007736833056335657,2.3899999999999864,0.7700000000000102,177.23
2023-08-22,2023,8,22,1,177.23,177.06,177.68,176.25,42080000.0,0.0079,0.00790491355777978,1.4300000000000068,0.1699999999999875,181.12
2023-08-23,2023,8,23,2,181.12,178.52,181.55,178.32,52720000.0,0.0219,0.021948879986458447,3.230000000000018,2.5999999999999943,176.38
2023-08-24,2023,8,24,3,176.38,180.67,181.1,176.01,54950000.0,-0.0262,-0.026170494699646718,5.090000000000003,-4.289999999999992,178.61
2023-08-25,2023,8,25,4,178.61,177.38,179.15,175.82,51450000.0,0.0126,0.012643156820501211,3.3300000000000125,1.2300000000000182,180.19
2023-08-28,2023,8,28,0,180.19,180.09,180.59,178.54,43820000.0,0.0088,0.008846089244723077,2.0500000000000114,0.09999999999999432,184.12
2023-08-29,2023,8,29,1,184.12,179.7,184.9,179.5,53000000.0,0.0218,0.02181031133803213,5.400000000000006,4.420000000000016,187.65
2023-08-30,2023,8,30,2,187.65,184.94,187.85,184.74,60810000.0,0.0192,0.01917227894851181,3.109999999999985,2.710000000000008,187.87
2023-08-31,2023,8,31,3,187.87,187.84,189.12,187.48,60790000.0,0.0012,0.0011723954169997608,1.6400000000000148,0.030000000000001137,189.46
2023-09-01,2023,9,1,4,189.46,189.49,189.92,188.28,45770000.0,0.0085,0.00846329908979615,1.6399999999999864,-0.030000000000001137,189.7
2023-09-05,2023,9,5,1,189.7,188.28,189.98,187.61,45280000.0,0.0013,0.0012667581547554096,2.369999999999976,1.4199999999999875,182.91
2023-09-06,2023,9,6,2,182.91,188.4,188.85,181.47,81760000.0,-0.0358,-0.035793357933579295,7.3799999999999955,-5.490000000000009,177.56
2023-09-07,2023,9,7,3,177.56,175.18,178.21,173.54,112490000.0,-0.0292,-0.02924935760756653,4.670000000000016,2.3799999999999955,178.18
2023-09-08,2023,9,8,4,178.18,178.35,180.24,177.79,65599999.99999999,0.0034999999999999996,0.00349177742734863,2.450000000000017,-0.1699999999999875,179.36
2023-09-11,2023,9,11,0,179.36,180.07,180.3,177.34,58950000.0,0.0066,0.0066225165562914245,2.960000000000008,-0.7099999999999795,176.3
2023-09-12,2023,9,12,1,176.3,179.49,180.13,174.82,90370000.0,-0.0171,-0.017060660124888494,5.310000000000002,-3.1899999999999977,174.21
2023-09-13,2023,9,13,2,174.21,176.51,177.3,173.98,84270000.0,-0.011899999999999999,-0.011854792966534355,3.3200000000000216,-2.299999999999983,175.74
2023-09-14,2023,9,14,3,175.74,174.0,176.1,173.58,60900000.0,0.0088,0.008782503874634084,2.519999999999982,1.740000000000009,175.01
2023-09-15,2023,9,15,4,175.01,176.48,176.49,173.82,109260000.0,-0.0042,-0.004153863662228363,2.670000000000016,-1.4699999999999989,177.97
2023-09-18,2023,9,18,0,177.97,176.48,179.38,176.17,67260000.0,0.0169,0.016913319238900604,3.210000000000008,1.490000000000009,179.07
2023-09-19,2023,9,19,1,179.07,177.52,179.63,177.13,51830000.0,0.0062,0.006180816991627758,2.5,1.549999999999983,175.49
2023-09-20,2023,9,20,2,175.49,179.26,179.7,175.4,58440000.0,-0.02,-0.019992181828335176,4.299999999999983,-3.769999999999982,173.93
2023-09-21,2023,9,21,3,173.93,174.55,176.3,173.86,63150000.0,-0.0089,-0.008889395407145728,2.4399999999999977,-0.6200000000000045,174.79
2023-09-22,2023,9,22,4,174.79,174.67,177.08,174.05,56730000.0,0.0049,0.004944517909503787,3.030000000000001,0.12000000000000455,176.08
2023-09-25,2023,9,25,0,176.08,174.2,176.97,174.15,46170000.0,0.0074,0.007380284913324653,2.819999999999993,1.8800000000000239,171.96
2023-09-26,2023,9,26,1,171.96,174.82,175.2,171.66,64590000.0,-0.023399999999999997,-0.023398455247614747,3.539999999999992,-2.859999999999985,170.43
2023-09-27,2023,9,27,2,170.43,172.62,173.04,169.05,66920000.0,-0.0089,-0.008897418004186974,3.9899999999999807,-2.1899999999999977,170.69
2023-09-28,2023,9,28,3,170.69,169.34,172.03,167.62,56290000.0,0.0015,0.0015255530129671957,4.409999999999997,1.3499999999999943,171.21
2023-09-29,2023,9,29,4,171.21,172.02,173.07,170.34,51860000.0,0.003,0.0030464584920031346,2.7299999999999898,-0.8100000000000023,173.75
2023-10-02,2023,10,2,0,173.75,171.22,174.3,170.93,52160000.0,0.0148,0.014835582033759565,3.3700000000000045,2.530000000000001,172.4
2023-10-03,2023,10,3,1,172.4,172.26,173.63,170.82,49590000.0,-0.0078000000000000005,-0.007769784172661831,2.8100000000000023,0.14000000000001478,173.66
2023-10-04,2023,10,4,2,173.66,171.09,174.21,170.97,53020000.0,0.0073,0.007308584686774866,3.240000000000009,2.569999999999993,174.91
2023-10-05,2023,10,5,3,174.91,173.79,175.45,172.68,48530000.0,0.0072,0.007197973050788953,2.769999999999982,1.1200000000000045,177.49
2023-10-06,2023,10,6,4,177.49,173.8,177.99,173.18,57270000.0,0.0148,0.014750443085015164,4.810000000000002,3.6899999999999977,178.99
2023-10-09,2023,10,9,0,178.99,176.81,179.05,175.8,42390000.0,0.0085,0.008451180348188592,3.25,2.180000000000007,178.39
2023-10-10,2023,10,10,1,178.39,178.1,179.72,177.95,43700000.0,-0.0034000000000000002,-0.003352142577797812,1.7700000000000102,0.28999999999999204,179.8
2023-10-11,2023,10,11,2,179.8,178.2,179.85,177.6,47550000.0,0.0079,0.007904030494983116,2.25,1.6000000000000227,180.71
2023-10-12,2023,10,12,3,180.71,180.07,182.34,179.04,56740000.0,0.0051,0.0050611790878754,3.3000000000000114,0.6400000000000148,178.85
2023-10-13,2023,10,13,4,178.85,181.42,181.93,178.14,51460000.0,-0.0103,-0.010292734215040733,3.7900000000000205,-2.569999999999993,178.72
2023-10-16,2023,10,16,0,178.72,176.75,179.07,176.51,52520000.0,-0.0007000000000000001,-0.0007268660889012679,2.5600000000000023,1.9699999999999989,177.15
2023-10-17,2023,10,17,1,177.15,176.65,178.42,174.8,57550000.0,-0.0088,-0.008784691136973999,3.619999999999976,0.5,175.84
2023-10-18,2023,10,18,2,175.84,175.58,177.57,175.11,54760000.0,-0.0074,-0.007394863110358418,2.4599999999999795,0.2599999999999909,175.46
2023-10-19,2023,10,19,3,175.46,176.04,177.84,175.19,59300000.0,-0.0022,-0.002161055505004561,2.6500000000000057,-0.5799999999999841,172.88
2023-10-20,2023,10,20,4,172.88,175.31,175.42,172.64,64239999.99999999,-0.0147,-0.014704206086857519,2.780000000000001,-2.430000000000007,173.0
2023-10-23,2023,10,23,0,173.0,170.91,174.01,169.93,55980000.0,0.0007000000000000001,0.0006941230911614582,4.079999999999984,2.0900000000000034,173.44
2023-10-24,2023,10,24,1,173.44,173.05,173.67,171.45,43820000.0,0.0025,0.0025433526011560126,2.219999999999999,0.38999999999998636,171.1
2023-10-25,2023,10,25,2,171.1,171.88,173.06,170.65,57160000.0,-0.013500000000000002,-0.013491697416974202,2.4099999999999966,-0.7800000000000011,166.89
2023-10-26,2023,10,26,3,166.89,170.37,171.38,165.67,70630000.0,-0.0246,-0.02460549386323796,5.710000000000008,-3.480000000000018,168.22
2023-10-27,2023,10,27,4,168.22,166.91,168.96,166.83,58500000.0,0.008,0.007969321109713157,2.1299999999999955,1.3100000000000023,170.29
2023-10-30,2023,10,30,0,170.29,169.02,171.17,168.87,51130000.0,0.0123,0.0123053144691474,2.299999999999983,1.2699999999999818,170.77
2023-10-31,2023,10,31,1,170.77,169.35,170.9,167.9,44850000.0,0.0028000000000000004,0.0028187210053438605,3.0,1.420000000000016,173.97
2023-11-01,2023,11,1,2,173.97,171.0,174.23,170.12,56930000.0,0.0187,0.018738654330385796,4.109999999999985,2.969999999999999,177.57
2023-11-02,2023,11,2,3,177.57,175.52,177.78,175.46,77330000.0,0.0207,0.0206932229694774,2.319999999999993,2.049999999999983,176.65
2023-11-03,2023,11,3,4,176.65,174.24,176.82,173.35,79830000.0,-0.0052,-0.005181055358450148,3.469999999999999,2.4099999999999966,179.23
2023-11-06,2023,11,6,0,179.23,176.38,179.43,176.21,63840000.0,0.0146,0.014605151429380125,3.219999999999999,2.8499999999999943,181.82
2023-11-07,2023,11,7,1,181.82,179.18,182.44,178.97,70530000.0,0.014499999999999999,0.01445070579702068,3.469999999999999,2.6399999999999864,182.89
2023-11-08,2023,11,8,2,182.89,182.35,183.45,181.59,49340000.0,0.0059,0.005884941150588352,1.8599999999999852,0.539999999999992,182.41
2023-11-09,2023,11,9,3,182.41,182.96,184.12,181.81,53760000.0,-0.0026,-0.002624528405052118,2.3100000000000023,-0.5500000000000114,186.4
2023-11-10,2023,11,10,4,186.4,183.97,186.57,183.53,66180000.00000001,0.0219,0.021873800778466235,3.039999999999992,2.430000000000007,184.8
2023-11-13,2023,11,13,0,184.8,185.82,186.03,184.21,43630000.0,-0.0086,-0.008583690987124415,1.8199999999999932,-1.0199999999999818,187.44
2023-11-14,2023,11,14,1,187.44,187.7,188.11,186.3,60110000.0,0.0143,0.014285714285714235,1.8100000000000023,-0.2599999999999909,188.01
2023-11-15,2023,11,15,2,188.01,187.85,189.5,187.78,53790000.0,0.003,0.0030409731113956173,1.7199999999999989,0.1599999999999966,189.71
2023-11-16,2023,11,16,3,189.71,189.57,190.96,188.65,54410000.0,0.009000000000000001,0.009042072230200704,2.3100000000000023,0.14000000000001478,189.69
2023-11-17,2023,11,17,4,189.69,190.25,190.38,188.57,50940000.0,-0.0001,-0.00010542406831481888,1.8100000000000023,-0.5600000000000023,191.45
2023-11-20,2023,11,20,0,191.45,189.89,191.9,189.88,46540000.0,0.009300000000000001,0.009278296167430922,2.0200000000000102,1.5600000000000023,190.64
2023-11-21,2023,11,21,1,190.64,191.41,191.52,189.74,38130000.0,-0.0042,-0.004230869678767291,1.7800000000000011,-0.7700000000000102,191.31
2023-11-22,2023,11,22,2,191.31,191.49,192.93,190.82,39630000.0,0.0034999999999999996,0.0035144775493076708,2.1100000000000136,-0.18000000000000682,189.97
2023-11-24,2023,11,24,4,189.97,190.87,190.9,189.25,24050000.0,-0.006999999999999999,-0.0070043385081804965,1.6500000000000057,-0.9000000000000057,189.79
2023-11-27,2023,11,27,0,189.79,189.92,190.67,188.9,40550000.0,-0.0009,-0.0009475180291624863,1.7699999999999818,-0.12999999999999545,190.4
2023-11-28,2023,11,28,1,190.4,189.78,191.08,189.4,38420000.0,0.0032,0.0032140787185837016,1.6800000000000068,0.6200000000000045,189.37
2023-11-29,2023,11,29,2,189.37,190.9,192.09,188.97,43010000.0,-0.0054,-0.005409663865546199,3.1200000000000045,-1.5300000000000011,189.95
2023-11-30,2023,11,30,3,189.95,189.84,190.32,188.19,48790000.0,0.0031,0.003062787136294043,2.1299999999999955,0.10999999999998522,191.24
2023-12-01,2023,12,1,4,191.24,190.33,191.56,189.23,45700000.0,0.0068000000000000005,0.006791260858120651,2.3300000000000125,0.9099999999999966,189.43
2023-12-04,2023,12,4,0,189.43,189.98,190.05,187.45,43390000.0,-0.0095,-0.009464547165864867,2.6000000000000227,-0.549999999999983,193.42
2023-12-05,2023,12,5,1,193.42,190.21,194.4,190.18,66629999.99999999,0.021099999999999997,0.02106318956870612,4.219999999999999,3.2099999999999795,192.32
2023-12-06,2023,12,6,2,192.32,194.45,194.76,192.11,41090000.0,-0.005699999999999999,-0.005687105780167512,2.6499999999999773,-2.1299999999999955,194.27
2023-12-07,2023,12,7,3,194.27,193.63,195.0,193.59,47480000.0,0.0101,0.010139351081530856,1.4099999999999966,0.6400000000000148,195.71
2023-12-08,2023,12,8,4,195.71,194.2,195.99,193.67,53410000.0,0.0074,0.007412364235342528,2.3200000000000216,1.5100000000000193,193.18
2023-12-11,2023,12,11,0,193.18,193.11,193.49,191.42,60940000.0,-0.0129,-0.012927290378621392,2.0700000000000216,0.06999999999999318,194.71
2023-12-12,2023,12,12,1,194.71,193.08,194.72,191.72,52700000.0,0.0079,0.007920074541878153,3.0,1.6299999999999955,197.96
2023-12-13,2023,12,13,2,197.96,195.09,198.0,194.85,70400000.0,0.0167,0.016691489908068347,3.1500000000000057,2.8700000000000045,198.11
2023-12-14,2023,12,14,3,198.11,198.02,199.62,196.16,66830000.0,0.0008,0.0007577288341078514,3.460000000000008,0.09000000000000341,197.57
2023-12-15,2023,12,15,4,197.57,197.53,198.4,197.0,128539999.99999999,-0.0027,-0.0027257584170411464,1.4000000000000057,0.03999999999999204,195.89
2023-12-18,2023,12,18,0,195.89,196.09,196.63,194.39,55750000.0,-0.0085,-0.008503315280660062,2.240000000000009,-0.20000000000001705,196.94
2023-12-19,2023,12,19,1,196.94,196.16,196.95,195.89,40710000.0,0.0054,0.005360151105212152,1.0600000000000023,0.7800000000000011,194.83
2023-12-20,2023,12,20,2,194.83,196.9,197.68,194.83,52240000.0,-0.010700000000000001,-0.010713923022240168,2.8499999999999943,-2.069999999999993,194.68
2023-12-21,2023,12,21,3,194.68,196.1,197.08,193.5,46480000.0,-0.0008,-0.0007699019658163886,3.5800000000000125,-1.4199999999999875,193.6
2023-12-22,2023,12,22,4,193.6,195.18,195.41,192.97,37150000.0,-0.0055000000000000005,-0.005547565235257901,2.4399999999999977,-1.5800000000000125,193.05
2023-12-26,2023,12,26,1,193.05,193.61,193.89,192.83,28920000.0,-0.0028000000000000004,-0.0028409090909089496,1.0599999999999739,-0.5600000000000023,193.15
2023-12-27,2023,12,27,2,193.15,192.49,193.5,191.09,48090000.0,0.0005,0.0005180005180005498,2.4099999999999966,0.6599999999999966,193.58
2023-12-28,2023,12,28,3,193.58,194.14,194.66,193.17,34050000.0,0.0022,0.0022262490292519477,1.490000000000009,-0.5599999999999739,192.53
2023-12-29,2023,12,29,4,192.53,193.9,194.4,191.73,42670000.0,-0.0054,-0.00542411406137,2.670000000000016,-1.3700000000000045,185.64
2024-01-02,2024,1,2,1,185.64,187.15,188.44,183.88,82490000.0,-0.0358,-0.0357866306549629,4.560000000000002,-1.5100000000000193,184.25
2024-01-03,2024,1,3,2,184.25,184.22,185.88,183.43,58410000.0,-0.0075,-0.007487610428786873,2.4499999999999886,0.030000000000001137,181.91
2024-01-04,2024,1,4,3,181.91,182.15,183.09,180.88,71980000.0,-0.0127,-0.012700135685210334,2.210000000000008,-0.2400000000000091,181.18
2024-01-05,2024,1,5,4,181.18,181.99,182.76,180.17,62380000.0,-0.004,-0.004012973448408452,2.5900000000000034,-0.8100000000000023,185.56
2024-01-08,2024,1,8,0,185.56,182.09,185.6,181.5,59140000.0,0.0242,0.024174853736615542,4.099999999999994,3.469999999999999,185.14
2024-01-09,2024,1,9,1,185.14,183.92,185.15,182.73,42840000.0,-0.0023,-0.0022634188402673727,2.420000000000016,1.2199999999999989,186.19
2024-01-10,2024,1,10,2,186.19,184.35,186.4,183.92,46790000.0,0.005699999999999999,0.005671383817651643,2.480000000000018,1.8400000000000034,185.59
2024-01-11,2024,1,11,3,185.59,186.54,187.05,183.62,49130000.0,-0.0032,-0.0032225146355873147,3.430000000000007,-0.9499999999999886,185.92
2024-01-12,2024,1,12,4,185.92,186.06,186.74,185.19,40480000.0,0.0018,0.0017781130448837335,1.5500000000000114,-0.14000000000001478,183.63
2024-01-16,2024,1,16,1,183.63,182.16,184.26,180.93,65599999.99999999,-0.0123,-0.012317125645438853,3.329999999999984,1.4699999999999989,182.68
2024-01-17,2024,1,17,2,182.68,181.27,182.93,180.3,47320000.0,-0.0052,-0.005173446604585297,2.6299999999999955,1.4099999999999966,188.63
2024-01-18,2024,1,18,3,188.63,186.09,189.14,185.83,78010000.0,0.0326,0.03257061528355587,3.309999999999974,2.539999999999992,191.56
2024-01-19,2024,1,19,4,191.56,189.33,191.95,188.82,68900000.0,0.0155,0.015533054127127244,3.1299999999999955,2.2299999999999898,193.89
2024-01-22,2024,1,22,0,193.89,192.3,195.33,192.26,60130000.0,0.012199999999999999,0.012163290874921628,3.0700000000000216,1.589999999999975,195.18
2024-01-23,2024,1,23,1,195.18,195.02,195.75,193.83,42360000.0,0.0067,0.006653257001392632,1.9199999999999875,0.1599999999999966,194.5
2024-01-24,2024,1,24,2,194.5,195.42,196.38,194.34,53630000.0,-0.0034999999999999996,-0.003483963520852562,2.039999999999992,-0.9199999999999875,194.17
2024-01-25,2024,1,25,3,194.17,195.22,196.27,193.11,54820000.0,-0.0017000000000000001,-0.0016966580976864876,3.1599999999999966,-1.0500000000000114,192.42
2024-01-26,2024,1,26,4,192.42,194.27,194.76,191.94,44590000.0,-0.009000000000000001,-0.009012720811659936,2.819999999999993,-1.8500000000000227,191.73
2024-01-29,2024,1,29,0,191.73,192.01,192.2,189.58,47150000.0,-0.0036,-0.003585905830994718,2.619999999999976,-0.28000000000000114,188.04
2024-01-30,2024,1,30,1,188.04,190.94,191.8,187.47,55860000.0,-0.0192,-0.019245814426537278,4.3300000000000125,-2.9000000000000057,184.4
2024-01-31,2024,1,31,2,184.4,187.04,187.1,184.35,55470000.0,-0.0194,-0.019357583492873753,2.75,-2.6399999999999864,186.86
2024-02-01,2024,2,1,3,186.86,183.99,186.95,183.82,64890000.0,0.013300000000000001,0.013340563991323329,3.1299999999999955,2.8700000000000045,185.85
2024-02-02,2024,2,2,4,185.85,179.86,187.33,179.25,102550000.0,-0.0054,-0.005405116129722942,8.080000000000013,5.989999999999981,187.68
2024-02-05,2024,2,5,0,187.68,188.15,189.25,185.84,69670000.0,0.0098,0.00984665052461664,3.4099999999999966,-0.46999999999999886,189.3
2024-02-06,2024,2,6,1,189.3,186.86,189.31,186.77,43490000.0,0.0086,0.008631713554987153,2.539999999999992,2.4399999999999977,189.41
2024-02-07,2024,2,7,2,189.41,190.64,191.05,188.61,53440000.0,0.0006,0.0005810882197569978,2.4399999999999977,-1.2299999999999898,188.32
2024-02-08,2024,2,8,3,188.32,189.38,189.54,187.35,40960000.0,-0.0058,-0.005754712000422435,2.1899999999999977,-1.0600000000000023,188.85
2024-02-09,2024,2,9,4,188.85,188.65,189.99,188.0,45160000.0,0.0028000000000000004,0.0028143585386575243,1.990000000000009,0.19999999999998863,187.15
2024-02-12,2024,2,12,0,187.15,188.41,188.67,186.79,41780000.0,-0.009000000000000001,-0.009001853322742837,1.8799999999999955,-1.259999999999991,185.04
2024-02-13,2024,2,13,1,185.04,185.77,186.21,183.51,56530000.0,-0.0113,-0.011274378840502308,2.700000000000017,-0.7300000000000182,184.15
2024-02-14,2024,2,14,2,184.15,185.32,185.53,182.44,54630000.0,-0.0048,-0.00480977086035439,3.0900000000000034,-1.1699999999999875,183.86
2024-02-15,2024,2,15,3,183.86,183.55,184.49,181.35,65430000.00000001,-0.0016,-0.0015748031496062298,3.140000000000015,0.3100000000000023,182.31
2024-02-16,2024,2,16,4,182.31,183.42,184.85,181.66,49750000.0,-0.0084,-0.008430327423039286,3.1899999999999977,-1.1099999999999852,181.56
2024-02-20,2024,2,20,1,181.56,181.79,182.43,180.0,53670000.0,-0.0040999999999999995,-0.004113871976304084,2.430000000000007,-0.22999999999998977,182.32
2024-02-21,2024,2,21,2,182.32,181.94,182.89,180.66,41530000.0,0.0042,0.004185944040537404,2.2299999999999898,0.37999999999999545,184.37
2024-02-22,2024,2,22,3,184.37,183.48,184.96,182.46,52290000.0,0.011200000000000002,0.011243966652040527,2.5,0.8900000000000148,182.52
2024-02-23,2024,2,23,4,182.52,185.01,185.04,182.23,45120000.0,-0.01,-0.010034170418180777,2.8100000000000023,-2.4899999999999807,181.16
2024-02-26,2024,2,26,0,181.16,182.24,182.76,180.65,40870000.0,-0.0075,-0.007451238220469114,2.109999999999985,-1.0800000000000125,182.63
2024-02-27,2024,2,27,1,182.63,181.1,183.92,179.56,54320000.0,0.008100000000000001,0.008114374034003058,4.359999999999985,1.5300000000000011,181.42
2024-02-28,2024,2,28,2,181.42,182.51,183.12,180.13,48950000.0,-0.0066,-0.006625417510814247,2.990000000000009,-1.0900000000000034,180.75
2024-02-29,2024,2,29,3,180.75,181.27,182.57,179.53,136680000.0,-0.0037,-0.0036930878624186203,3.039999999999992,-0.5200000000000102,179.66
2024-03-01,2024,3,1,4,179.66,179.55,180.53,177.38,73560000.0,-0.006,-0.006030428769018048,3.1500000000000057,0.10999999999998522,175.1
2024-03-04,2024,3,4,0,175.1,176.15,176.9,173.79,81510000.0,-0.0254,-0.025381275743070253,3.1100000000000136,-1.0500000000000114,170.12
2024-03-05,2024,3,5,1,170.12,170.76,172.04,169.62,95130000.0,-0.028399999999999998,-0.02844089091947455,2.4199999999999875,-0.6399999999999864,169.12
2024-03-06,2024,3,6,2,169.12,171.06,171.24,168.68,68590000.0,-0.0059,-0.005878203620973466,2.5600000000000023,-1.9399999999999977,169.0
2024-03-07,2024,3,7,3,169.0,169.15,170.73,168.49,71770000.0,-0.0007000000000000001,-0.0007095553453169146,2.2399999999999807,-0.15000000000000568,170.73
2024-03-08,2024,3,8,4,170.73,169.0,173.7,168.94,76270000.0,0.0102,0.010236686390532546,4.759999999999991,1.7299999999999898,172.75
2024-03-11,2024,3,11,0,172.75,172.94,174.38,172.05,60140000.0,0.0118,0.01183154688689747,2.329999999999984,-0.18999999999999773,173.23
2024-03-12,2024,3,12,1,173.23,173.15,174.03,171.01,59830000.0,0.0028000000000000004,0.002778581765557009,3.0200000000000102,0.07999999999998408,171.13
2024-03-13,2024,3,13,2,171.13,172.77,173.18,170.76,52490000.0,-0.0121,-0.01212261155688965,2.420000000000016,-1.6400000000000148,173.0
2024-03-14,2024,3,14,3,173.0,172.91,174.31,172.05,72910000.0,0.0109,0.010927365160988689,2.259999999999991,0.09000000000000341,172.62
2024-03-15,2024,3,15,4,172.62,171.17,172.62,170.29,121750000.0,-0.0022,-0.0021965317919074856,2.3300000000000125,1.450000000000017,173.72
2024-03-18,2024,3,18,0,173.72,175.57,177.71,173.52,75600000.0,0.0064,0.006372378635152387,4.189999999999998,-1.8499999999999943,176.08
2024-03-19,2024,3,19,1,176.08,174.34,176.6,173.03,55220000.0,0.013600000000000001,0.01358507943817644,3.569999999999993,1.740000000000009,178.67
2024-03-20,2024,3,20,2,178.67,175.72,178.67,175.09,53420000.0,0.0147,0.014709223080417777,3.579999999999984,2.9499999999999886,171.37
2024-03-21,2024,3,21,3,171.37,177.05,177.49,170.84,106180000.0,-0.0409,-0.04085744668942737,6.650000000000006,-5.680000000000007,172.28
2024-03-22,2024,3,22,4,172.28,171.76,173.05,170.06,71160000.0,0.0053,0.005310147633774909,2.990000000000009,0.5200000000000102,170.85
2024-03-25,2024,3,25,0,170.85,170.57,171.94,169.45,54290000.0,-0.0083,-0.008300441142326531,2.490000000000009,0.28000000000000114,169.71
2024-03-26,2024,3,26,1,169.71,170.0,171.42,169.58,57390000.0,-0.0067,-0.00667251975417027,1.839999999999975,-0.28999999999999204,173.31
2024-03-27,2024,3,27,2,173.31,170.41,173.6,170.11,60270000.0,0.0212,0.02121265688527485,3.4899999999999807,2.9000000000000057,171.48
2024-03-28,2024,3,28,3,171.48,171.75,172.23,170.51,65670000.0,-0.0106,-0.010559113726847924,1.7199999999999989,-0.27000000000001023,170.03
2024-04-01,2024,4,1,0,170.03,171.19,171.25,169.48,46240000.0,-0.0085,-0.008455796594354914,1.7700000000000102,-1.1599999999999966,168.84
2024-04-02,2024,4,2,1,168.84,169.08,169.34,168.23,49330000.0,-0.006999999999999999,-0.0069987649238369976,1.1100000000000136,-0.2400000000000091,169.65
2024-04-03,2024,4,3,2,169.65,168.79,170.68,168.58,47690000.0,0.0048,0.00479744136460547,2.0999999999999943,0.8600000000000136,168.82
2024-04-04,2024,4,4,3,168.82,170.29,171.92,168.82,53700000.0,-0.0049,-0.004892425582080806,3.0999999999999943,-1.4699999999999989,169.58
2024-04-05,2024,4,5,4,169.58,169.59,170.39,168.95,42100000.0,0.0045000000000000005,0.004501836275322857,1.4399999999999977,-0.009999999999990905,168.45
2024-04-08,2024,4,8,0,168.45,169.03,169.2,168.24,37430000.0,-0.0067,-0.006663521641703141,0.9599999999999795,-0.5800000000000125,169.67
2024-04-09,2024,4,9,1,169.67,168.7,170.08,168.35,42450000.0,0.0072,0.007242505194419602,1.7300000000000182,0.9699999999999989,167.78
2024-04-10,2024,4,10,2,167.78,168.8,169.09,167.11,49710000.0,-0.0111,-0.011139270348323183,1.9799999999999898,-1.0200000000000102,175.04
2024-04-11,2024,4,11,3,175.04,168.34,175.46,168.16,91070000.0,0.0433,0.04327095005364168,7.300000000000011,6.699999999999989,176.55
2024-04-12,2024,4,12,4,176.55,174.26,178.36,174.21,101670000.0,0.0086,0.008626599634369292,4.150000000000006,2.2900000000000205,172.69
2024-04-15,2024,4,15,0,172.69,175.36,176.63,172.5,73530000.0,-0.0219,-0.02186349476069105,4.1299999999999955,-2.670000000000016,169.38
2024-04-16,2024,4,16,1,169.38,171.75,173.76,168.27,73710000.0,-0.0192,-0.01916729399502004,5.489999999999981,-2.3700000000000045,168.0
2024-04-17,2024,4,17,2,168.0,169.61,170.65,168.0,50900000.0,-0.008100000000000001,-0.008147360963513983,2.6500000000000057,-1.6100000000000136,167.04
2024-04-18,2024,4,18,3,167.04,168.03,168.64,166.55,43120000.0,-0.005699999999999999,-0.005714285714285783,2.089999999999975,-0.9900000000000091,165.0
2024-04-19,2024,4,19,4,165.0,166.21,166.4,164.07,68150000.0,-0.012199999999999999,-0.012212643678160884,2.3300000000000125,-1.210000000000008,165.84
2024-04-22,2024,4,22,0,165.84,165.51,167.26,164.77,48120000.0,0.0051,0.005090909090909035,2.4899999999999807,0.3300000000000125,166.9
2024-04-23,2024,4,23,1,166.9,165.35,167.05,164.92,49540000.0,0.0064,0.006391702846116676,2.130000000000024,1.5500000000000114,169.02
2024-04-24,2024,4,24,2,169.02,166.54,169.3,166.21,48250000.0,0.0127,0.012702216896345098,3.0900000000000034,2.480000000000018,169.89
2024-04-25,2024,4,25,3,169.89,169.52,170.61,168.15,50560000.0,0.0051,0.0051473198438052314,2.460000000000008,0.3699999999999761,169.3
2024-04-26,2024,4,26,4,169.3,169.88,171.34,169.18,44840000.0,-0.0034999999999999996,-0.003472835364058957,2.1599999999999966,-0.5799999999999841,173.5
2024-04-29,2024,4,29,0,173.5,173.37,176.03,173.1,68170000.0,0.0248,0.024808033077377445,2.930000000000007,0.12999999999999545,170.33
2024-04-30,2024,4,30,1,170.33,173.33,174.99,170.0,65930000.00000001,-0.0183,-0.0182708933717578,4.990000000000009,-3.0,169.3
2024-05-01,2024,5,1,2,169.3,169.58,172.71,169.11,50380000.0,-0.006,-0.006047085070157943,3.5999999999999943,-0.28000000000000114,173.03
2024-05-02,2024,5,2,3,173.03,172.51,173.41,170.89,94210000.0,0.022000000000000002,0.022031896042528087,2.5200000000000102,0.5200000000000102,183.38
2024-05-03,2024,5,3,4,183.38,186.65,187.0,182.66,163220000.0,0.059800000000000006,0.05981621684101013,4.340000000000003,-3.2700000000000102,181.71
2024-05-06,2024,5,6,0,181.71,182.35,184.2,180.42,78570000.0,-0.0091,-0.009106772821463549,3.780000000000001,-0.6399999999999864,182.4
2024-05-07,2024,5,7,1,182.4,183.45,184.9,181.32,77310000.0,0.0038,0.0037972593693247347,3.5800000000000125,-1.049999999999983,182.74
2024-05-08,2024,5,8,2,182.74,182.85,183.07,181.45,45060000.0,0.0019,0.0018640350877192624,1.6200000000000045,-0.10999999999998522,184.57
2024-05-09,2024,5,9,3,184.57,182.56,184.66,182.11,48980000.0,0.01,0.010014227864725722,2.549999999999983,2.009999999999991,183.05
2024-05-10,2024,5,10,4,183.05,184.9,185.09,182.13,50760000.0,-0.008199999999999999,-0.008235357858806913,2.960000000000008,-1.8499999999999943,186.28
2024-05-13,2024,5,13,0,186.28,185.43,187.1,184.62,72040000.0,0.0176,0.017645452062277966,2.4799999999999898,0.8499999999999943,187.43
2024-05-14,2024,5,14,1,187.43,187.51,188.3,186.29,52390000.0,0.0062,0.006173502254670504,2.0100000000000193,-0.07999999999998408,189.72
2024-05-15,2024,5,15,2,189.72,187.91,190.65,187.37,70400000.0,0.012199999999999999,0.012217894680680796,3.280000000000001,1.8100000000000023,189.84
2024-05-16,2024,5,16,3,189.84,190.47,191.1,189.66,52850000.0,0.0006,0.0006325110689437974,1.4399999999999977,-0.6299999999999955,189.87
2024-05-17,2024,5,17,4,189.87,189.51,190.81,189.18,41280000.0,0.0002,0.00015802781289497858,1.6299999999999955,0.36000000000001364,191.04
2024-05-20,2024,5,20,0,191.04,189.32,191.92,189.01,44360000.0,0.0062,0.006162110917996566,2.9099999999999966,1.7199999999999989,192.35
2024-05-21,2024,5,21,1,192.35,191.09,192.73,190.92,42310000.0,0.0069,0.006857202680067065,1.8100000000000023,1.259999999999991,190.9
2024-05-22,2024,5,22,2,190.9,192.26,192.82,190.27,34650000.0,-0.0075,-0.007538341564855666,2.549999999999983,-1.3599999999999852,186.88
2024-05-23,2024,5,23,3,186.88,190.98,191.0,186.63,51010000.0,-0.021099999999999997,-0.021058145625982294,4.3700000000000045,-4.099999999999994,189.98
2024-05-24,2024,5,24,4,189.98,188.82,190.58,188.04,36330000.0,0.0166,0.016588184931506822,2.5400000000000205,1.1599999999999966,189.99
2024-05-28,2024,5,28,1,189.99,191.51,193.0,189.1,52280000.0,0.0001,5.263711969694107e-05,3.9000000000000057,-1.5199999999999818,190.29
2024-05-29,2024,5,29,2,190.29,189.61,192.25,189.51,53070000.0,0.0016,0.001579030475288068,2.740000000000009,0.6799999999999784,191.29
2024-05-30,2024,5,30,3,191.29,190.76,192.18,190.63,49950000.0,0.0053,0.0052551368963160705,1.5500000000000114,0.5300000000000011,192.25
2024-05-31,2024,5,31,4,192.25,191.44,192.57,189.91,75160000.0,0.005,0.005018558210047708,2.6599999999999966,0.8100000000000023,194.03
2024-06-03,2024,6,3,0,194.03,192.9,194.99,192.52,50080000.0,0.009300000000000001,0.009258777633289972,2.469999999999999,1.1299999999999955,194.35
2024-06-04,2024,6,4,1,194.35,194.63,195.32,193.03,47470000.0,0.0016,0.0016492295005927637,2.289999999999992,-0.28000000000000114,195.87
2024-06-05,2024,6,5,2,195.87,195.4,196.9,194.87,54160000.0,0.0078000000000000005,0.007820941600205966,2.030000000000001,0.46999999999999886,194.48
2024-06-06,2024,6,6,3,194.48,195.68,196.5,194.17,41180000.0,-0.0070999999999999995,-0.0070965436258744186,2.3300000000000125,-1.200000000000017,196.89
2024-06-07,2024,6,7,4,196.89,194.65,196.94,194.14,53100000.0,0.0124,0.012392019744960958,2.8000000000000114,2.2399999999999807,193.12
2024-06-10,2024,6,10,0,193.12,196.9,197.3,192.15,97260000.0,-0.0191,-0.019147747473208354,5.150000000000006,-3.780000000000001,207.15
2024-06-11,2024,6,11,1,207.15,193.65,207.16,193.63,172370000.0,0.0726,0.07264913007456508,13.530000000000001,13.5,213.07
2024-06-12,2024,6,12,2,213.07,207.37,220.2,206.9,198130000.0,0.0286,0.028578324885348616,13.299999999999983,5.699999999999989,214.24
2024-06-13,2024,6,13,3,214.24,214.74,216.75,211.6,97860000.0,0.0055000000000000005,0.005491153142159977,5.150000000000006,-0.5,212.49
2024-06-14,2024,6,14,4,212.49,213.85,215.17,211.3,70120000.0,-0.008199999999999999,-0.008168409260642218,3.869999999999976,-1.3599999999999852,216.67
2024-06-17,2024,6,17,0,216.67,213.37,218.95,212.72,93730000.0,0.0197,0.019671513953597675,6.22999999999999,3.299999999999983,214.29
2024-06-18,2024,6,18,1,214.29,217.59,218.63,213.0,79940000.0,-0.011000000000000001,-0.010984446393132341,5.6299999999999955,-3.3000000000000114,209.68
2024-06-20,2024,6,20,3,209.68,213.93,214.24,208.85,86170000.0,-0.0215,-0.02151290307527176,5.390000000000015,-4.25,207.49
2024-06-21,2024,6,21,4,207.49,210.39,211.89,207.11,246420000.0,-0.0104,-0.010444486837085099,4.779999999999973,-2.8999999999999773,208.14
2024-06-24,2024,6,24,0,208.14,207.72,212.7,206.59,80730000.0,0.0031,0.0031326810930645266,6.109999999999985,0.4199999999999875,209.07
2024-06-25,2024,6,25,1,209.07,209.15,211.38,208.61,56710000.0,0.0045000000000000005,0.004468146439896348,2.769999999999982,-0.0800000000000125,213.25
2024-06-26,2024,6,26,2,213.25,211.5,214.86,210.64,66209999.99999999,0.02,0.019993303678193852,4.220000000000027,1.75,214.1
2024-06-27,2024,6,27,3,214.1,214.69,215.74,212.35,49770000.0,0.004,0.00398593200468933,3.390000000000015,-0.5900000000000034,210.62
2024-06-28,2024,6,28,4,210.62,215.77,216.07,210.3,82540000.0,-0.0163,-0.01625408687529184,5.769999999999982,-5.150000000000006,216.75
2024-07-01,2024,7,1,0,216.75,212.09,217.51,211.92,60400000.0,0.0291,0.02910454847592825,5.590000000000003,4.659999999999997,220.27
2024-07-02,2024,7,2,1,220.27,216.15,220.38,215.1,58050000.0,0.016200000000000003,0.016239907727797043,5.280000000000001,4.1200000000000045,221.55
2024-07-03,2024,7,3,2,221.55,220.0,221.55,219.03,37370000.0,0.0058,0.0058110500749080085,2.5200000000000102,1.5500000000000114,226.34
2024-07-05,2024,7,5,4,226.34,221.65,226.45,221.65,60410000.0,0.0216,0.02162040171518842,4.799999999999983,4.689999999999998,227.82
2024-07-08,2024,7,8,0,227.82,227.09,227.85,223.25,59090000.0,0.006500000000000001,0.006538835380401231,4.599999999999994,0.7299999999999898,228.68
2024-07-09,2024,7,9,1,228.68,227.93,229.4,226.37,48170000.0,0.0038,0.0037749100166799554,3.030000000000001,0.75,232.98
2024-07-10,2024,7,10,2,232.98,229.3,233.08,229.25,62630000.0,0.018799999999999997,0.01880356830505492,3.8300000000000125,3.6799999999999784,227.57
2024-07-11,2024,7,11,3,227.57,231.39,232.39,225.77,64709999.99999999,-0.0232,-0.02322087732852607,6.619999999999976,-3.819999999999993,230.54
2024-07-12,2024,7,12,4,230.54,228.92,232.64,228.68,53050000.0,0.0131,0.01305092938436525,3.9599999999999795,1.6200000000000045,234.4
2024-07-15,2024,7,15,0,234.4,236.48,237.23,233.09,62630000.0,0.0167,0.016743298343020685,4.139999999999986,-2.079999999999984,234.82
2024-07-16,2024,7,16,1,234.82,235.0,236.27,232.33,43230000.0,0.0018,0.0017918088737201021,3.9399999999999977,-0.18000000000000682,228.88
2024-07-17,2024,7,17,2,228.88,229.45,231.46,226.64,57350000.0,-0.0253,-0.025295971382335414,4.820000000000022,-0.5699999999999932,224.18
2024-07-18,2024,7,18,3,224.18,230.28,230.44,222.27,66030000.0,-0.020499999999999997,-0.020534778049632996,8.169999999999987,-6.099999999999994,224.31
2024-07-19,2024,7,19,4,224.31,224.82,226.8,223.27,49150000.0,0.0006,0.0005798911588901223,3.530000000000001,-0.5099999999999909,223.96
2024-07-22,2024,7,22,0,223.96,227.01,227.78,223.09,48200000.0,-0.0016,-0.001560340600062382,4.689999999999998,-3.049999999999983,225.01
2024-07-23,2024,7,23,1,225.01,224.37,226.94,222.68,39960000.0,0.004699999999999999,0.004688337203071935,4.259999999999991,0.6399999999999864,218.54
2024-07-24,2024,7,24,2,218.54,224.0,224.8,217.13,61780000.0,-0.0288,-0.028754277587662802,7.670000000000016,-5.460000000000008,217.49
2024-07-25,2024,7,25,3,217.49,218.93,220.85,214.62,51390000.0,-0.0048,-0.004804612427930732,6.22999999999999,-1.4399999999999977,217.96
2024-07-26,2024,7,26,4,217.96,218.7,219.49,216.01,41600000.0,0.0022,0.002161018897420597,3.480000000000018,-0.7399999999999807,218.24
2024-07-29,2024,7,29,0,218.24,216.96,219.3,215.75,36310000.0,0.0013,0.0012846393833731984,3.5500000000000114,1.2800000000000011,218.8
2024-07-30,2024,7,30,1,218.8,219.19,220.32,216.12,41640000.0,0.0026,0.002565982404692191,4.199999999999989,-0.38999999999998636,222.08
2024-07-31,2024,7,31,2,222.08,221.44,223.82,220.63,50040000.0,0.015,0.014990859232175469,3.1899999999999977,0.6400000000000148,218.36
2024-08-01,2024,8,1,3,218.36,224.37,224.48,217.02,62500000.0,-0.0168,-0.016750720461095048,7.4599999999999795,-6.009999999999991,219.86
2024-08-02,2024,8,2,4,219.86,219.15,225.6,217.71,105570000.0,0.0069,0.006869389998168218,7.889999999999986,0.710000000000008,209.27
2024-08-05,2024,8,5,0,209.27,199.09,213.5,196.0,119550000.0,-0.0482,-0.0481670153734195,17.5,10.180000000000007,207.23
2024-08-06,2024,8,6,1,207.23,205.3,209.99,201.07,69660000.0,-0.0097,-0.009748172217709294,8.920000000000016,1.9299999999999784,209.82
2024-08-07,2024,8,7,2,209.82,206.9,213.64,206.39,63520000.0,0.0125,0.01249819041644562,7.25,2.9199999999999875,213.31
2024-08-08,2024,8,8,3,213.31,213.11,214.2,208.83,47160000.0,0.0166,0.016633304737394106,5.369999999999976,0.19999999999998863,216.24
2024-08-09,2024,8,9,4,216.24,212.1,216.78,211.97,42200000.0,0.0137,0.013735877361586546,4.810000000000002,4.140000000000015,217.53
2024-08-12,2024,8,12,0,217.53,216.07,219.51,215.6,38030000.0,0.006,0.005965593784683643,3.9099999999999966,1.460000000000008,221.27
2024-08-13,2024,8,13,1,221.27,219.01,221.89,219.01,44160000.0,0.0172,0.01719303084632018,2.8799999999999955,2.2600000000000193,221.72
2024-08-14,2024,8,14,2,221.72,220.57,223.03,219.7,41960000.0,0.002,0.002033714466488812,3.3300000000000125,1.1500000000000057,224.72
2024-08-15,2024,8,15,3,224.72,224.6,225.35,222.76,46410000.0,0.013500000000000002,0.013530579108785856,2.5900000000000034,0.12000000000000455,226.05
2024-08-16,2024,8,16,4,226.05,223.92,226.83,223.65,44340000.0,0.0059,0.005918476326094657,3.180000000000007,2.130000000000024,225.89
2024-08-19,2024,8,19,0,225.89,225.72,225.99,223.04,40690000.0,-0.0007000000000000001,-0.0007078080070781478,2.950000000000017,0.1699999999999875,226.51
2024-08-20,2024,8,20,1,226.51,225.77,227.17,225.45,30300000.0,0.0027,0.002744698747177754,1.7199999999999989,0.7399999999999807,226.4
2024-08-21,2024,8,21,2,226.4,226.52,227.98,225.05,34770000.0,-0.0005,-0.0004856297735198467,2.9299999999999784,-0.12000000000000455,224.53
2024-08-22,2024,8,22,3,224.53,227.79,228.34,223.9,43700000.0,-0.0083,-0.008259717314487602,4.439999999999998,-3.259999999999991,226.84
2024-08-23,2024,8,23,4,226.84,225.66,228.22,224.33,38680000.0,0.0103,0.010288157484523275,3.8899999999999864,1.1800000000000068,227.18
2024-08-26,2024,8,26,0,227.18,226.76,227.28,223.89,30600000.0,0.0015,0.0014988538176687882,3.390000000000015,0.4200000000000159,228.03
2024-08-27,2024,8,27,1,228.03,225.99,228.85,224.89,35930000.0,0.0037,0.003741526542829554,3.960000000000008,2.039999999999992,226.49
2024-08-28,2024,8,28,2,226.49,227.92,229.86,225.68,38050000.0,-0.0068000000000000005,-0.006753497346840276,4.180000000000007,-1.4299999999999784,229.79
2024-08-29,2024,8,29,3,229.79,230.1,232.92,228.88,51910000.0,0.0146,0.014570179698882857,4.039999999999992,-0.3100000000000023,229.0
2024-08-30,2024,8,30,4,229.0,230.19,230.4,227.48,52990000.0,-0.0034000000000000002,-0.003437921580573544,2.920000000000016,-1.1899999999999977,222.77
2024-09-03,2024,9,3,1,222.77,228.55,229.0,221.17,50190000.0,-0.027200000000000002,-0.027205240174672407,7.8300000000000125,-5.780000000000001,220.85
2024-09-04,2024,9,4,2,220.85,221.66,221.78,217.48,43840000.0,-0.0086,-0.008618754769493253,4.300000000000011,-0.8100000000000023,222.38
2024-09-05,2024,9,5,3,222.38,221.63,225.48,221.52,36620000.0,0.0069,0.0069277790355444235,3.9599999999999795,0.75,220.82
2024-09-06,2024,9,6,4,220.82,223.95,225.24,219.77,48420000.0,-0.006999999999999999,-0.007015019336271244,5.469999999999999,-3.1299999999999955,220.91
2024-09-09,2024,9,9,0,220.91,220.82,221.27,216.71,67180000.0,0.0004,0.0004075717779186139,4.560000000000002,0.09000000000000341,220.11
2024-09-10,2024,9,10,1,220.11,218.92,221.48,216.73,51590000.0,-0.0036,-0.003621384274138717,4.75,1.1900000000000261,222.66
2024-09-11,2024,9,11,2,222.66,221.46,223.09,217.89,44590000.0,0.0116,0.011585116532642603,5.200000000000017,1.1999999999999886,222.77
2024-09-12,2024,9,12,3,222.77,222.5,223.55,219.82,37500000.0,0.0005,0.0004940267672686183,3.730000000000018,0.27000000000001023,222.5
2024-09-13,2024,9,13,4,222.5,223.58,224.04,221.91,36770000.0,-0.0012,-0.0012120123894600043,2.1299999999999955,-1.0800000000000125,216.32
2024-09-16,2024,9,16,0,216.32,216.54,217.22,213.92,59360000.0,-0.0278,-0.027775280898876487,3.3000000000000114,-0.21999999999999886,216.79
2024-09-17,2024,9,17,1,216.79,215.75,216.9,214.5,45520000.0,0.0022,0.0021727071005916976,2.4000000000000057,1.039999999999992,220.69
2024-09-18,2024,9,18,2,220.69,217.55,222.71,217.54,59890000.0,0.018000000000000002,0.01798975967526184,5.170000000000016,3.1399999999999864,228.87
2024-09-19,2024,9,19,3,228.87,224.99,229.82,224.63,66780000.0,0.0371,0.03706556708505149,5.189999999999998,3.8799999999999955,228.2
2024-09-20,2024,9,20,4,228.2,229.97,233.09,227.62,318680000.0,-0.0029,-0.0029274260497226257,5.469999999999999,-1.7700000000000102,226.47
2024-09-23,2024,9,23,0,226.47,227.34,229.45,225.81,54150000.0,-0.0076,-0.007581069237510896,3.6399999999999864,-0.8700000000000045,227.37
2024-09-24,2024,9,24,1,227.37,228.65,229.35,225.73,43560000.0,0.004,0.003974036296198191,3.6200000000000045,-1.2800000000000011,226.37
2024-09-25,2024,9,25,2,226.37,224.93,227.29,224.02,42310000.0,-0.0044,-0.004398117605664775,3.269999999999982,1.4399999999999977,227.52
2024-09-26,2024,9,26,3,227.52,227.3,228.5,225.41,36640000.0,0.0051,0.005080178468878316,3.0900000000000034,0.21999999999999886,227.79
2024-09-27,2024,9,27,4,227.79,228.46,229.52,227.3,34030000.0,0.0012,0.0011867088607593335,2.219999999999999,-0.6700000000000159,233.0
2024-09-30,2024,9,30,0,233.0,230.04,233.0,229.65,54790000.0,0.0229,0.022871943456692634,3.3499999999999943,2.960000000000008,226.21
2024-10-01,2024,10,1,1,226.21,229.52,229.65,223.74,63290000.0,-0.0291,-0.02914163090128752,5.909999999999997,-3.3100000000000023,226.78
2024-10-02,2024,10,2,2,226.78,225.89,227.37,223.02,32880000.000000004,0.0025,0.0025197825029839027,4.349999999999994,0.8900000000000148,225.67
2024-10-03,2024,10,3,3,225.67,225.14,226.8,223.32,34040000.0,-0.0049,-0.004894611517770597,3.480000000000018,0.5300000000000011,226.8
2024-10-04,2024,10,4,4,226.8,227.9,228.0,224.13,37350000.0,0.005,0.005007311561129102,3.8700000000000045,-1.0999999999999943,221.69
2024-10-07,2024,10,7,0,221.69,224.5,225.69,221.33,39510000.0,-0.0225,-0.02253086419753092,4.359999999999985,-2.8100000000000023,225.77
2024-10-08,2024,10,8,1,225.77,224.3,225.98,223.25,31860000.0,0.0184,0.018404077766250193,2.7299999999999898,1.4699999999999989,229.54
2024-10-09,2024,10,9,2,229.54,225.23,229.75,224.83,33590000.0,0.0167,0.01669840988616733,4.9199999999999875,4.310000000000002,229.04
2024-10-10,2024,10,10,3,229.04,227.78,229.5,227.17,28180000.0,-0.0022,-0.002178269582643555,2.3300000000000125,1.259999999999991,227.55
2024-10-11,2024,10,11,4,227.55,229.3,229.41,227.34,31760000.0,-0.006500000000000001,-0.006505413901501833,2.069999999999993,-1.75,231.3
2024-10-14,2024,10,14,0,231.3,228.7,231.73,228.6,39880000.0,0.0165,0.016479894528675043,3.1299999999999955,2.6000000000000227,233.85
2024-10-15,2024,10,15,1,233.85,233.61,237.49,232.37,64750000.0,0.011000000000000001,0.011024643320363126,5.1200000000000045,0.23999999999998067,231.78
2024-10-16,2024,10,16,2,231.78,231.6,232.12,229.84,34080000.0,-0.0089,-0.008851828094932568,2.280000000000001,0.18000000000000682,232.15
2024-10-17,2024,10,17,3,232.15,233.43,233.85,230.52,32990000.000000004,0.0016,0.0015963413581845387,3.329999999999984,-1.2800000000000011,235.0
2024-10-18,2024,10,18,4,235.0,236.18,236.18,234.01,46430000.0,0.0123,0.012276545337066569,2.170000000000016,-1.1800000000000068,236.48
2024-10-21,2024,10,21,0,236.48,234.45,236.85,234.45,36250000.0,0.0063,0.006297872340425448,2.4000000000000057,2.030000000000001,235.86
2024-10-22,2024,10,22,1,235.86,233.88,236.22,232.6,38850000.0,-0.0026,-0.0026217861975641465,3.6200000000000045,1.9800000000000182,230.76
2024-10-23,2024,10,23,2,230.76,234.08,235.14,227.76,52290000.0,-0.0216,-0.021622996692953533,7.3799999999999955,-3.3200000000000216,230.57
2024-10-24,2024,10,24,3,230.57,229.98,230.82,228.41,31110000.0,-0.0008,-0.0008233662679840714,2.4099999999999966,0.5900000000000034,231.41
2024-10-25,2024,10,25,4,231.41,229.74,233.22,229.57,38800000.0,0.0036,0.0036431452487313276,3.6500000000000057,1.6699999999999875,233.4
2024-10-28,2024,10,28,0,233.4,233.32,234.73,232.55,36090000.0,0.0086,0.00859945551186203,2.1799999999999784,0.0800000000000125,233.67
2024-10-29,2024,10,29,1,233.67,233.1,234.32,232.32,35420000.0,0.0012,0.0011568123393315144,2.0,0.5699999999999932,230.1
2024-10-30,2024,10,30,2,230.1,232.61,233.47,229.55,47070000.0,-0.015300000000000001,-0.015277956091924505,3.9199999999999875,-2.5100000000000193,225.91
2024-10-31,2024,10,31,3,225.91,229.34,229.83,225.37,64370000.00000001,-0.0182,-0.018209474141677506,4.460000000000008,-3.430000000000007,222.91
2024-11-01,2024,11,1,4,222.91,220.96,225.35,220.27,65280000.0,-0.013300000000000001,-0.01327962462927712,5.079999999999984,1.9499999999999886,222.01
2024-11-04,2024,11,4,0,222.01,220.99,222.79,219.71,44940000.0,-0.004,-0.004037503925351071,3.079999999999984,1.0199999999999818,223.45
2024-11-05,2024,11,5,1,223.45,221.79,223.95,221.14,28110000.0,0.006500000000000001,0.006486194315571403,2.8100000000000023,1.6599999999999966,222.72
2024-11-06,2024,11,6,2,222.72,222.61,226.07,221.19,54560000.0,-0.0033,-0.0032669501006936663,4.8799999999999955,0.10999999999998522,227.48
2024-11-07,2024,11,7,3,227.48,224.63,227.88,224.57,42140000.0,0.021400000000000002,0.021372126436781658,3.3100000000000023,2.8499999999999943,226.96
2024-11-08,2024,11,8,4,226.96,227.17,228.66,226.4,38330000.0,-0.0023,-0.0022859152452961995,2.259999999999991,-0.20999999999997954,224.23
2024-11-11,2024,11,11,0,224.23,225.0,225.7,221.5,42010000.0,-0.012,-0.012028551286570432,4.199999999999989,-0.7700000000000102,224.23
2024-11-12,2024,11,12,1,224.23,224.55,225.59,223.35,40400000.0,0.0,0.0,2.240000000000009,-0.3200000000000216,225.12
2024-11-13,2024,11,13,2,225.12,224.01,226.65,222.76,48570000.0,0.004,0.0039691388306650754,3.890000000000015,1.1100000000000136,228.22
2024-11-14,2024,11,14,3,228.22,225.02,228.87,225.0,44920000.0,0.0138,0.01377043354655294,3.8700000000000045,3.1999999999999886,225.0
2024-11-15,2024,11,15,4,225.0,226.4,226.92,224.27,47920000.0,-0.0141,-0.014109192884059207,2.6499999999999773,-1.4000000000000057,228.02
2024-11-18,2024,11,18,0,228.02,225.25,229.74,225.17,44690000.0,0.0134,0.013422222222222224,4.570000000000022,2.7700000000000102,228.28
2024-11-19,2024,11,19,1,228.28,226.98,230.16,226.66,36210000.0,0.0011,0.0011402508551880963,3.5,1.3000000000000114,229.0
2024-11-20,2024,11,20,2,229.0,228.06,229.93,225.89,35170000.0,0.0032,0.0031540213772560666,4.0400000000000205,0.9399999999999977,228.52
2024-11-21,2024,11,21,3,228.52,228.88,230.15,225.71,42110000.0,-0.0021,-0.002096069868995576,4.439999999999998,-0.3599999999999852,229.87
2024-11-22,2024,11,22,4,229.87,228.06,230.72,228.06,38170000.0,0.0059,0.005907579205321145,2.6599999999999966,1.8100000000000023,232.87
2024-11-25,2024,11,25,0,232.87,231.46,233.24,229.74,90150000.0,0.0131,0.013050854830991332,3.5,1.4099999999999966,235.06
2024-11-26,2024,11,26,1,235.06,233.33,235.57,233.33,45990000.0,0.009399999999999999,0.00940438871473348,2.2399999999999807,1.7299999999999898,234.93
2024-11-27,2024,11,27,2,234.93,234.46,235.69,233.81,33500000.0,-0.0006,-0.0005530502850336072,1.8799999999999955,0.46999999999999886,237.33
2024-11-29,2024,11,29,4,237.33,234.8,237.81,233.97,28480000.0,0.0102,0.010215808964372464,3.8400000000000034,2.530000000000001,239.59
2024-12-02,2024,12,2,0,239.59,237.27,240.79,237.16,48140000.0,0.0095,0.009522605654573857,3.6299999999999955,2.319999999999993,242.65
2024-12-03,2024,12,3,1,242.65,239.81,242.76,238.9,38860000.0,0.0128,0.012771818523310774,3.859999999999985,2.8400000000000034,243.01
2024-12-04,2024,12,4,2,243.01,242.87,244.11,241.25,44380000.0,0.0015,0.0014836183803832448,2.8600000000000136,0.13999999999998636,243.04
2024-12-05,2024,12,5,3,243.04,243.99,244.54,242.13,40030000.0,0.0001,0.00012345170980609943,2.4099999999999966,-0.950000000000017,242.84
2024-12-06,2024,12,6,4,242.84,242.9,244.63,242.08,36870000.0,-0.0008,-0.0008229098090848375,2.549999999999983,-0.060000000000002274,246.75
2024-12-09,2024,12,9,0,246.75,241.83,247.24,241.75,44650000.0,0.0161,0.016101136550815243,5.490000000000009,4.9199999999999875,247.77
2024-12-10,2024,12,10,1,247.77,246.89,248.21,245.34,36910000.0,0.0040999999999999995,0.004133738601823644,2.8700000000000045,0.8800000000000239,246.49
2024-12-11,2024,12,11,2,246.49,247.96,250.8,246.26,45210000.0,-0.0052,-0.005166081446502768,4.5400000000000205,-1.4699999999999989,247.96
2024-12-12,2024,12,12,3,247.96,246.89,248.74,245.68,32780000.0,0.006,0.005963730780153442,3.0600000000000023,1.0700000000000216,248.13
2024-12-13,2024,12,13,4,248.13,247.82,249.29,246.24,33159999.999999996,0.0007000000000000001,0.000685594450717808,3.049999999999983,0.3100000000000023,251.04
2024-12-16,2024,12,16,0,251.04,247.99,251.38,247.65,51690000.0,0.011699999999999999,0.011727723370813736,3.7299999999999898,3.049999999999983,253.48
2024-12-17,2024,12,17,1,253.48,250.08,253.83,249.78,51360000.0,0.0097,0.009719566602931717,4.050000000000011,3.3999999999999773,248.05
2024-12-18,2024,12,18,2,248.05,252.16,254.28,247.74,56770000.0,-0.021400000000000002,-0.021421808426700273,6.539999999999992,-4.109999999999985,249.79
2024-12-19,2024,12,19,3,249.79,247.5,252.0,247.09,60880000.0,0.006999999999999999,0.007014714775246844,4.909999999999997,2.289999999999992,254.49
2024-12-20,2024,12,20,4,254.49,248.04,255.0,245.69,147500000.0,0.018799999999999997,0.01881580527643223,9.310000000000002,6.450000000000017,255.27
2024-12-23,2024,12,23,0,255.27,254.77,255.65,253.45,40860000.0,0.0031,0.0030649534362843234,2.200000000000017,0.5,258.2
2024-12-24,2024,12,24,1,258.2,255.49,258.21,255.29,23230000.0,0.0115,0.011478042856583048,2.9199999999999875,2.7099999999999795,259.02
2024-12-26,2024,12,26,3,259.02,258.19,260.1,257.63,27260000.0,0.0032,0.003175832687838831,2.4700000000000273,0.8299999999999841,255.59
2024-12-27,2024,12,27,4,255.59,257.83,258.7,253.06,42360000.0,-0.0132,-0.013242220677939898,5.639999999999986,-2.2399999999999807,252.2
2024-12-30,2024,12,30,0,252.2,252.23,253.5,250.75,35560000.0,-0.013300000000000001,-0.013263429711647623,2.75,-0.030000000000001137,250.42
2024-12-31,2024,12,31,1,250.42,252.44,253.28,249.43,39480000.0,-0.0070999999999999995,-0.007057890563045177,3.8499999999999943,-2.0200000000000102,243.85
2025-01-02,2025,1,2,3,243.85,248.93,249.1,241.82,55740000.0,-0.0262,-0.026235923648270876,7.280000000000001,-5.0800000000000125,243.36
2025-01-03,2025,1,3,4,243.36,243.36,244.18,241.89,40240000.0,-0.002,-0.002009432027885949,2.2900000000000205,0.0,245.0
2025-01-06,2025,1,6,0,245.0,244.31,247.33,243.2,45050000.0,0.0067,0.006738987508218219,4.130000000000024,0.6899999999999977,242.21
2025-01-07,2025,1,7,1,242.21,242.98,245.55,241.35,40860000.0,-0.011399999999999999,-0.01138775510204082,4.200000000000017,-0.7699999999999818,242.7
2025-01-08,2025,1,8,2,242.7,241.92,243.71,240.05,37630000.0,0.002,0.0020230378597083654,3.6599999999999966,0.7800000000000011,236.85
2025-01-10,2025,1,10,4,236.85,240.01,240.16,233.0,61710000.0,-0.0241,-0.02410383189122367,7.159999999999997,-3.1599999999999966,234.4
2025-01-13,2025,1,13,0,234.4,233.53,234.67,229.72,49630000.0,-0.0103,-0.010344099641123039,4.949999999999989,0.8700000000000045,233.28
2025-01-14,2025,1,14,1,233.28,234.75,236.12,232.47,39440000.0,-0.0048,-0.004778156996587013,3.6500000000000057,-1.4699999999999989,237.87
2025-01-15,2025,1,15,2,237.87,234.63,238.96,234.43,39830000.0,0.0197,0.01967592592592604,4.530000000000001,3.240000000000009,228.26
2025-01-16,2025,1,16,3,228.26,237.35,238.01,228.03,71760000.0,-0.0404,-0.040400218606802096,9.97999999999999,-9.090000000000003,229.98
2025-01-17,2025,1,17,4,229.98,232.12,232.29,228.48,68490000.0,0.0075,0.00753526680101646,3.8100000000000023,-2.140000000000015,222.64
2025-01-21,2025,1,21,1,222.64,224.0,224.42,219.38,98070000.0,-0.0319,-0.031915818766849346,5.039999999999992,-1.3600000000000136,223.83
2025-01-22,2025,1,22,2,223.83,219.79,224.12,219.79,64129999.99999999,0.0053,0.005344951491196737,4.3300000000000125,4.0400000000000205,223.66
2025-01-23,2025,1,23,3,223.66,224.74,227.03,222.3,60230000.0,-0.0008,-0.0007595049814592691,4.72999999999999,-1.0800000000000125,222.78
2025-01-24,2025,1,24,4,222.78,224.78,225.63,221.41,54700000.0,-0.0039000000000000003,-0.003934543503532173,4.219999999999999,-2.0,229.86
2025-01-27,2025,1,27,0,229.86,224.02,232.15,223.98,94860000.0,0.0318,0.0317802316186373,8.170000000000016,5.840000000000003,238.26
2025-01-28,2025,1,28,1,238.26,230.85,240.19,230.81,75710000.0,0.0365,0.03654398329417896,9.379999999999995,7.409999999999997,239.36
2025-01-29,2025,1,29,2,239.36,234.12,239.85,234.01,45490000.0,0.0046,0.004616805170821969,5.840000000000003,5.240000000000009,237.59
2025-01-30,2025,1,30,3,237.59,238.66,240.79,237.21,55660000.0,-0.0074,-0.007394719251336945,3.579999999999984,-1.0699999999999932,236.0
2025-01-31,2025,1,31,4,236.0,247.19,247.19,233.44,101080000.0,-0.0067,-0.006692200850204166,13.75,-11.189999999999998,228.01
2025-02-03,2025,2,3,0,228.01,229.99,231.83,225.7,73060000.0,-0.0339,-0.033855932203389894,6.130000000000024,-1.9800000000000182,232.8
2025-02-04,2025,2,4,1,232.8,227.25,233.13,226.65,45070000.0,0.021,0.021007850532871464,6.47999999999999,5.550000000000011,232.47
2025-02-05,2025,2,5,2,232.47,228.53,232.67,228.27,39660000.0,-0.0014000000000000002,-0.0014175257731959823,4.399999999999977,3.9399999999999977,233.22
2025-02-06,2025,2,6,3,233.22,231.29,233.8,230.43,29930000.0,0.0032,0.003226222738417883,3.3700000000000045,1.9300000000000068,227.63
2025-02-07,2025,2,7,4,227.63,232.6,234.0,227.26,39710000.0,-0.024,-0.023968784838350077,6.740000000000009,-4.969999999999999,227.65
2025-02-10,2025,2,10,0,227.65,229.57,230.59,227.2,33119999.999999996,0.0001,8.786188112286375e-05,3.390000000000015,-1.9199999999999875,232.62
2025-02-11,2025,2,11,1,232.62,228.2,235.23,228.13,53720000.0,0.0218,0.021831759279595797,7.099999999999994,4.420000000000016,236.87
2025-02-12,2025,2,12,2,236.87,231.2,236.96,230.68,45240000.0,0.0183,0.018270140142722102,6.280000000000001,5.670000000000016,241.53
2025-02-13,2025,2,13,3,241.53,236.91,242.34,235.57,53610000.0,0.0197,0.01967323848524516,6.77000000000001,4.6200000000000045,244.6
2025-02-14,2025,2,14,4,244.6,241.25,245.55,240.99,40900000.0,0.0127,0.012710636359872352,4.560000000000002,3.3499999999999943,244.47
2025-02-18,2025,2,18,1,244.47,244.15,245.18,241.84,48820000.0,-0.0005,-0.0005314799672935244,3.3400000000000034,0.3199999999999932,244.87
2025-02-19,2025,2,19,2,244.87,244.66,246.01,243.16,32200000.000000004,0.0016,0.001636192579866691,2.8499999999999943,0.21000000000000796,245.83
2025-02-20,2025,2,20,3,245.83,244.94,246.78,244.29,32320000.0,0.0039000000000000003,0.0039204475844325515,2.490000000000009,0.8900000000000148,245.55
2025-02-21,2025,2,21,4,245.55,245.95,248.69,245.22,53200000.0,-0.0011,-0.0011389984948948495,3.469999999999999,-0.39999999999997726,247.1
2025-02-24,2025,2,24,0,247.1,244.93,248.86,244.42,51330000.0,0.0063,0.006312360008144946,4.440000000000026,2.1699999999999875,247.04
2025-02-25,2025,2,25,1,247.04,248.0,250.0,244.91,48010000.0,-0.0002,-0.00024281667341163882,5.090000000000003,-0.960000000000008,240.36
2025-02-26,2025,2,26,2,240.36,244.33,244.98,239.13,44430000.0,-0.027000000000000003,-0.027040155440414382,5.849999999999994,-3.969999999999999,237.3
2025-02-27,2025,2,27,3,237.3,239.41,242.46,237.06,41150000.0,-0.0127,-0.01273090364453322,5.400000000000006,-2.109999999999985,241.84
2025-02-28,2025,2,28,4,241.84,236.95,242.09,230.2,56830000.0,0.0191,0.01913190054782965,11.890000000000015,4.890000000000015,238.03
2025-03-03,2025,3,3,0,238.03,241.79,244.03,236.11,47180000.0,-0.0158,-0.015754217664571635,7.9199999999999875,-3.759999999999991,235.93
2025-03-04,2025,3,4,1,235.93,237.71,240.07,234.68,53800000.0,-0.0088,-0.008822417342351785,5.389999999999986,-1.7800000000000011,235.74
2025-03-05,2025,3,5,2,235.74,235.42,236.55,229.23,47230000.0,-0.0008,-0.0008053236129360597,7.320000000000022,0.3200000000000216,235.33
2025-03-06,2025,3,6,3,235.33,234.43,237.86,233.16,45170000.0,-0.0017000000000000001,-0.0017392042080257575,4.700000000000017,0.9000000000000057,239.07
2025-03-07,2025,3,7,4,239.07,235.1,241.37,234.76,46270000.0,0.0159,0.01589257638210162,6.610000000000014,3.969999999999999,227.48
2025-03-10,2025,3,10,0,227.48,235.54,236.16,224.22,72070000.0,-0.048499999999999995,-0.048479524825364995,11.939999999999998,-8.060000000000002,220.84
2025-03-11,2025,3,11,1,220.84,223.8,225.84,217.45,76140000.0,-0.0292,-0.029189379286091,8.390000000000015,-2.960000000000008,216.98
2025-03-12,2025,3,12,2,216.98,220.14,221.75,214.91,62550000.0,-0.0175,-0.017478717623618967,6.840000000000003,-3.1599999999999966,209.68
2025-03-13,2025,3,13,3,209.68,215.95,216.84,208.42,61370000.0,-0.0336,-0.03364365379297618,8.420000000000016,-6.269999999999982,213.49
2025-03-14,2025,3,14,4,213.49,211.25,213.95,209.58,60110000.0,0.0182,0.018170545593285015,4.369999999999976,2.240000000000009,214.0
2025-03-17,2025,3,17,0,214.0,213.31,215.22,209.97,48070000.0,0.0024,0.0023888706730994524,5.25,0.6899999999999977,212.69
2025-03-18,2025,3,18,1,212.69,214.16,215.15,211.49,42430000.0,-0.0060999999999999995,-0.006121495327102822,3.6599999999999966,-1.4699999999999989,215.24
2025-03-19,2025,3,19,2,215.24,214.22,218.76,213.75,54390000.0,0.012,0.011989280173021921,5.009999999999991,1.0200000000000102,214.1
2025-03-20,2025,3,20,3,214.1,213.99,217.49,212.22,48860000.0,-0.0053,-0.005296413306076997,5.27000000000001,0.10999999999998522,218.27
2025-03-21,2025,3,21,4,218.27,211.56,218.84,211.28,94130000.0,0.0195,0.019476879962634364,7.560000000000002,6.710000000000008,220.73
2025-03-24,2025,3,24,0,220.73,221.0,221.48,218.58,44300000.0,0.0113,0.011270444861868123,2.8999999999999773,-0.27000000000001023,223.75
2025-03-25,2025,3,25,1,223.75,220.77,224.1,220.08,34490000.0,0.0137,0.013681873782449117,4.019999999999982,2.9799999999999898,221.53
2025-03-26,2025,3,26,2,221.53,223.51,225.02,220.47,34530000.0,-0.009899999999999999,-0.009921787709497254,4.550000000000011,-1.9799999999999898,223.85
2025-03-27,2025,3,27,3,223.85,221.39,224.99,220.56,37090000.0,0.0105,0.01047262221820966,4.430000000000007,2.460000000000008,217.9
2025-03-28,2025,3,28,4,217.9,221.67,223.81,217.68,39820000.0,-0.026600000000000002,-0.026580299307571997,6.1299999999999955,-3.769999999999982,222.13
2025-03-31,2025,3,31,0,222.13,217.01,225.62,216.23,65300000.0,0.0194,0.01941257457549339,9.390000000000015,5.1200000000000045,223.19
2025-04-01,2025,4,1,1,223.19,219.8,223.68,218.9,36410000.0,0.0048,0.004771980371854223,4.780000000000001,3.3899999999999864,223.89
2025-04-02,2025,4,2,2,223.89,221.32,225.19,221.02,35910000.0,0.0031,0.003136341233926254,4.1699999999999875,2.569999999999993,203.19
2025-04-03,2025,4,3,3,203.19,205.54,207.49,201.25,103420000.0,-0.0925,-0.09245611684309252,6.240000000000009,-2.3499999999999943,188.38
2025-04-04,2025,4,4,4,188.38,193.89,199.88,187.34,125910000.0,-0.0729,-0.07288744524828983,12.539999999999992,-5.509999999999991,181.46
2025-04-07,2025,4,7,0,181.46,177.2,194.15,174.62,160470000.0,-0.036699999999999997,-0.03673426053721196,19.53,4.260000000000019,172.42
2025-04-08,2025,4,8,1,172.42,186.7,190.34,169.21,120860000.0,-0.049800000000000004,-0.049818141739226385,21.129999999999995,-14.280000000000001,198.85
2025-04-09,2025,4,9,2,198.85,171.95,200.61,171.89,184400000.0,0.1533,0.15328848161466202,28.720000000000027,26.900000000000006,190.42
2025-04-10,2025,4,10,3,190.42,189.07,194.78,183.0,121880000.0,-0.0424,-0.042393764143827006,11.780000000000001,1.3499999999999943,198.15
2025-04-11,2025,4,11,4,198.15,186.1,199.54,186.06,87440000.0,0.0406,0.040594475370234306,13.47999999999999,12.050000000000011,202.52
2025-04-14,2025,4,14,0,202.52,211.44,212.94,201.16,101350000.0,0.022099999999999998,0.022053999495331933,11.780000000000001,-8.919999999999987,202.14
2025-04-15,2025,4,15,1,202.14,201.85,203.51,199.8,51340000.0,-0.0019,-0.001876357890578828,3.7099999999999795,0.28999999999999204,194.27
2025-04-16,2025,4,16,2,194.27,198.36,200.7,192.37,59730000.0,-0.038900000000000004,-0.03893341248639548,8.329999999999984,-4.090000000000003,196.98
2025-04-17,2025,4,17,3,196.98,197.2,198.83,194.42,52160000.0,0.0139,0.013949657692901463,4.410000000000025,-0.21999999999999886,193.16
2025-04-21,2025,4,21,0,193.16,193.26,193.8,189.81,46740000.0,-0.0194,-0.019392831759569518,3.990000000000009,-0.09999999999999432,199.74
2025-04-22,2025,4,22,1,199.74,196.12,201.59,195.97,52980000.0,0.0341,0.03406502381445442,5.6200000000000045,3.6200000000000045,204.6
2025-04-23,2025,4,23,2,204.6,206.0,208.0,202.8,52930000.0,0.024300000000000002,0.024331631120456443,5.199999999999989,-1.4000000000000057,208.37
2025-04-24,2025,4,24,3,208.37,204.89,208.83,202.94,47310000.0,0.0184,0.01842619745845564,5.890000000000015,3.480000000000018,209.28
2025-04-25,2025,4,25,4,209.28,206.37,209.75,206.2,38220000.0,0.0044,0.004367231367279345,3.5500000000000114,2.9099999999999966,210.14
2025-04-28,2025,4,28,0,210.14,210.0,211.5,207.46,38740000.0,0.0040999999999999995,0.004109327217125314,4.039999999999992,0.13999999999998636,211.21
2025-04-29,2025,4,29,1,211.21,208.69,212.24,208.37,36830000.0,0.0051,0.005091843532882834,3.8700000000000045,2.5200000000000102,212.5
2025-04-30,2025,4,30,2,212.5,209.3,213.58,206.67,52290000.0,0.0060999999999999995,0.006107665356754,6.910000000000025,3.1999999999999886,213.32
2025-05-01,2025,5,1,3,213.32,209.08,214.56,208.9,57370000.0,0.0039000000000000003,0.0038588235294116924,5.659999999999997,4.239999999999981,205.35
2025-05-02,2025,5,2,4,205.35,206.09,206.99,202.16,101010000.0,-0.0374,-0.03736171010688172,4.8300000000000125,-0.7400000000000091,198.89
2025-05-05,2025,5,5,0,198.89,203.1,204.1,198.21,69020000.0,-0.0315,-0.0314584855125396,5.889999999999986,-4.210000000000008,198.51
2025-05-06,2025,5,6,1,198.51,198.21,200.65,197.02,51220000.0,-0.0019,-0.0019106038513750923,3.6299999999999955,0.29999999999998295,196.25
2025-05-07,2025,5,7,2,196.25,199.17,199.44,193.25,68620000.0,-0.011399999999999999,-0.011384816885799176,6.189999999999998,-2.9199999999999875,197.49
2025-05-08,2025,5,8,3,197.49,197.72,200.05,194.68,50480000.0,0.0063,0.006318471337579679,5.3700000000000045,-0.22999999999998977,198.53
2025-05-09,2025,5,9,4,198.53,199.0,200.54,197.54,36450000.0,0.0053,0.005266089422249154,3.0,-0.46999999999999886,210.79
2025-05-12,2025,5,12,0,210.79,210.97,211.27,206.75,63780000.0,0.061799999999999994,0.06175389109958185,4.52000000000001,-0.18000000000000682,212.93
2025-05-13,2025,5,13,1,212.93,210.43,213.4,209.0,51910000.0,0.0102,0.010152284263959421,4.400000000000006,2.5,212.33
2025-05-14,2025,5,14,2,212.33,212.43,213.94,210.58,49330000.0,-0.0028000000000000004,-0.002817827455032118,3.359999999999985,-0.09999999999999432,211.45
2025-05-15,2025,5,15,3,211.45,210.95,212.96,209.54,45030000.0,-0.0040999999999999995,-0.004144492064239724,3.420000000000016,0.5,211.26
2025-05-16,2025,5,16,4,211.26,212.36,212.57,209.77,54740000.0,-0.0009,-0.000898557578623782,2.799999999999983,-1.1000000000000227,208.78
2025-05-19,2025,5,19,0,208.78,207.91,209.48,204.26,46140000.0,-0.011699999999999999,-0.011739089273880454,5.219999999999999,0.8700000000000045,206.86
2025-05-20,2025,5,20,1,206.86,207.67,208.47,205.03,42500000.0,-0.0092,-0.009196283168885877,3.4399999999999977,-0.8099999999999739,202.09
2025-05-21,2025,5,21,2,202.09,205.17,207.04,200.71,59210000.0,-0.0231,-0.0230590737696994,6.329999999999984,-3.079999999999984,201.36
2025-05-22,2025,5,22,3,201.36,200.71,202.75,199.7,46740000.0,-0.0036,-0.003612251966945368,3.0500000000000114,0.6500000000000057,195.27
2025-05-23,2025,5,23,4,195.27,193.66,197.7,193.46,78430000.0,-0.0302,-0.030244338498212175,4.239999999999981,1.6100000000000136,200.21
2025-05-27,2025,5,27,1,200.21,198.3,200.74,197.43,56290000.0,0.0253,0.025298304911148595,3.3100000000000023,1.9099999999999966,200.42
2025-05-28,2025,5,28,2,200.42,200.59,202.73,199.9,45340000.0,0.001,0.0010488986564105574,2.829999999999984,-0.17000000000001592,199.95
2025-05-29,2025,5,29,3,199.95,203.57,203.81,198.51,51480000.0,-0.0023,-0.002345075341782299,5.300000000000011,-3.6200000000000045,200.85
2025-05-30,2025,5,30,4,200.85,199.37,201.96,196.78,70820000.0,0.0045000000000000005,0.004501125281320295,5.180000000000007,1.4799999999999898,201.7
2025-06-02,2025,6,2,0,201.7,200.28,202.13,200.12,35420000.0,0.0042,0.004232013940751678,2.009999999999991,1.4199999999999875,203.27
2025-06-03,2025,6,3,1,203.27,201.35,203.77,200.96,46380000.0,0.0078000000000000005,0.007783837382250969,2.8100000000000023,1.920000000000016,202.82
2025-06-04,2025,6,4,2,202.82,202.91,206.24,202.1,43600000.0,-0.0022,-0.002213804299699973,4.140000000000015,-0.09000000000000341,200.63
2025-06-05,2025,6,5,3,200.63,203.5,204.75,200.15,55220000.0,-0.0108,-0.010797751701015712,4.599999999999994,-2.8700000000000045,203.92
2025-06-06,2025,6,6,4,203.92,203.0,205.7,202.05,46610000.0,0.016399999999999998,0.016398345212580434,3.6499999999999773,0.9199999999999875,201.45
2025-06-09,2025,6,9,0,201.45,204.39,206.0,200.02,72860000.0,-0.0121,-0.012112593173793651,5.97999999999999,-2.9399999999999977,202.67
2025-06-10,2025,6,10,1,202.67,200.6,204.35,200.57,54670000.0,0.0060999999999999995,0.006056093323405287,3.780000000000001,2.069999999999993,198.78
2025-06-11,2025,6,11,2,198.78,203.5,204.5,198.41,60990000.0,-0.0192,-0.01919376326047262,6.090000000000003,-4.719999999999999,199.2
2025-06-12,2025,6,12,3,199.2,199.08,199.68,197.36,43900000.0,0.0021,0.0021128886205854513,2.319999999999993,0.11999999999997613,196.45
2025-06-13,2025,6,13,4,196.45,199.73,200.37,195.7,51450000.0,-0.0138,-0.013805220883534086,4.670000000000016,-3.280000000000001,198.42
2025-06-16,2025,6,16,0,198.42,197.3,198.68,196.56,43020000.0,0.01,0.01002799694578771,2.1200000000000045,1.1199999999999761,195.64
2025-06-17,2025,6,17,1,195.64,197.2,198.39,195.21,38860000.0,-0.013999999999999999,-0.014010684406813856,3.1799999999999784,-1.5600000000000023,196.58
2025-06-18,2025,6,18,2,196.58,195.94,197.57,195.07,45390000.0,0.0048,0.004804743406256584,2.5,0.6400000000000148,201.0
2025-06-20,2025,6,20,4,201.0,198.24,201.7,196.85,96810000.0,0.0225,0.02248448468816755,4.849999999999994,2.759999999999991,201.5
2025-06-23,2025,6,23,0,201.5,201.63,202.3,198.96,55810000.0,0.0025,0.0024875621890547706,3.3400000000000034,-0.12999999999999545,200.3
2025-06-24,2025,6,24,1,200.3,202.59,203.44,200.2,54060000.0,-0.006,-0.005955334987593042,3.240000000000009,-2.289999999999992,201.56
2025-06-25,2025,6,25,2,201.56,201.45,203.67,200.62,39530000.0,0.0063,0.006290564153769385,3.049999999999983,0.11000000000001364,201.0
2025-06-26,2025,6,26,3,201.0,201.43,202.64,199.46,50800000.0,-0.0028000000000000004,-0.0027783290335383626,3.1799999999999784,-0.4300000000000068,201.08
2025-06-27,2025,6,27,4,201.08,201.89,203.22,200.0,73190000.0,0.0004,0.0003980099502487455,3.219999999999999,-0.8099999999999739,205.17
2025-06-30,2025,6,30,0,205.17,202.01,207.39,199.26,91910000.0,0.0203,0.02034016311915643,8.129999999999995,3.1599999999999966,207.82
2025-07-01,2025,7,1,1,207.82,206.66,210.19,206.14,78790000.0,0.0129,0.012916118340888127,4.050000000000011,1.1599999999999966,212.44
2025-07-02,2025,7,2,2,212.44,208.91,213.34,208.14,67940000.0,0.0222,0.022230776633625382,5.200000000000017,3.530000000000001,213.55
2025-07-03,2025,7,3,3,213.55,212.15,214.65,211.81,34960000.0,0.0052,0.005225004707211545,2.8400000000000034,1.4000000000000057,209.95
2025-07-07,2025,7,7,0,209.95,212.68,216.23,208.8,50230000.0,-0.0169,-0.016857878716928232,7.429999999999978,-2.730000000000018,210.01
2025-07-08,2025,7,8,1,210.01,210.1,211.43,208.45,42850000.0,0.0003,0.0002857823291260164,2.980000000000018,-0.09000000000000341,211.14
2025-07-09,2025,7,9,2,211.14,209.53,211.33,207.22,48750000.0,0.0054,0.005380696157325726,4.110000000000014,1.6099999999999852,212.41
2025-07-10,2025,7,10,3,212.41,210.51,213.48,210.03,44440000.0,0.006,0.006014966373022679,3.4499999999999886,1.9000000000000057,211.16
2025-07-11,2025,7,11,4,211.16,210.57,212.13,209.86,39770000.0,-0.0059,-0.005884845346264322,2.269999999999982,0.5900000000000034,208.62
2025-07-14,2025,7,14,0,208.62,209.93,210.91,207.54,38840000.0,-0.012,-0.012028793332070409,3.3700000000000045,-1.3100000000000023,209.11
2025-07-15,2025,7,15,1,209.11,209.22,211.89,208.92,42300000.0,0.0023,0.0023487680951010947,2.969999999999999,-0.10999999999998522,210.16
2025-07-16,2025,7,16,2,210.16,210.29,212.4,208.64,47490000.0,0.005,0.005021280665678196,3.7600000000000193,-0.12999999999999545,210.02
2025-07-17,2025,7,17,3,210.02,210.57,211.8,209.59,48070000.0,-0.0007000000000000001,-0.0006661591168632963,2.210000000000008,-0.549999999999983,211.18
2025-07-18,2025,7,18,4,211.18,210.87,211.79,209.7,48970000.0,0.0055000000000000005,0.00552328349680975,2.0900000000000034,0.3100000000000023,212.48
2025-07-21,2025,7,21,0,212.48,212.1,215.78,211.63,51380000.0,0.0062,0.006155885974050479,4.150000000000006,0.37999999999999545,214.4
2025-07-22,2025,7,22,1,214.4,213.14,214.95,212.23,46400000.0,0.009000000000000001,0.009036144578313365,2.719999999999999,1.2600000000000193,214.15
2025-07-23,2025,7,23,2,214.15,215.0,215.15,212.41,46990000.0,-0.0012,-0.0011660447761193682,2.740000000000009,-0.8499999999999943,213.76
2025-07-24,2025,7,24,3,213.76,213.9,215.69,213.53,46020000.0,-0.0018,-0.0018211533971516092,2.1599999999999966,-0.14000000000001478,213.88
2025-07-25,2025,7,25,4,213.88,214.7,215.24,213.4,40270000.0,0.0006,0.0005613772455090871,1.8400000000000034,-0.8199999999999932,214.05
2025-07-28,2025,7,28,0,214.05,214.03,214.85,213.06,37860000.0,0.0008,0.000794838227043293,1.789999999999992,0.020000000000010232,211.27
2025-07-29,2025,7,29,1,211.27,214.18,214.81,210.82,51410000.0,-0.013000000000000001,-0.012987619715019827,3.990000000000009,-2.9099999999999966,209.05
2025-07-30,2025,7,30,2,209.05,211.9,212.39,207.72,45510000.0,-0.0105,-0.010507880910682998,4.6699999999999875,-2.8499999999999943,207.57
2025-07-31,2025,7,31,3,207.57,208.49,209.84,207.16,80700000.0,-0.0070999999999999995,-0.0070796460176991705,2.680000000000007,-0.9200000000000159,202.38
2025-08-01,2025,8,1,4,202.38,210.87,213.58,201.5,104430000.0,-0.025,-0.02500361323890732,12.080000000000013,-8.490000000000009,203.35
2025-08-04,2025,8,4,0,203.35,204.51,207.88,201.68,75110000.0,0.0048,0.004792963731593991,6.199999999999989,-1.1599999999999966,202.92
2025-08-05,2025,8,5,1,202.92,203.4,205.34,202.16,44160000.0,-0.0021,-0.002114580772067942,3.180000000000007,-0.4800000000000182,213.25
2025-08-06,2025,8,6,2,213.25,205.63,215.38,205.59,108480000.0,0.0509,0.050906761285235635,9.789999999999992,7.6200000000000045,220.03
2025-08-07,2025,8,7,3,220.03,218.88,220.85,216.58,90220000.0,0.0318,0.03179366940211015,4.269999999999982,1.1500000000000057,229.35
2025-08-08,2025,8,8,4,229.35,220.83,231.0,219.25,113850000.0,0.0424,0.04235786029177846,11.75,8.519999999999982,227.18
2025-08-11,2025,8,11,0,227.18,227.92,229.56,224.76,61810000.0,-0.0095,-0.009461521691737418,4.800000000000011,-0.7399999999999807,229.65
2025-08-12,2025,8,12,1,229.65,228.01,230.8,227.07,55670000.0,0.0109,0.01087243595386922,3.730000000000018,1.6400000000000148,233.33
2025-08-13,2025,8,13,2,233.33,231.07,235.0,230.43,69880000.0,0.016,0.016024384933594593,4.569999999999993,2.2600000000000193,232.78
2025-08-14,2025,8,14,3,232.78,234.05,235.12,230.85,51920000.0,-0.0024,-0.0023571765310933523,4.27000000000001,-1.2700000000000102,231.59
2025-08-15,2025,8,15,4,231.59,234.0,234.28,229.34,56040000.0,-0.0051,-0.005112123034624938,4.939999999999998,-2.4099999999999966,230.89
2025-08-18,2025,8,18,0,230.89,231.7,233.12,230.11,37480000.0,-0.003,-0.0030225830130835574,3.009999999999991,-0.8100000000000023,230.56
2025-08-19,2025,8,19,1,230.56,231.27,232.87,229.35,39400000.0,-0.0014000000000000002,-0.0014292520247736196,3.5200000000000102,-0.710000000000008,226.01
2025-08-20,2025,8,20,2,226.01,229.98,230.47,225.77,42260000.0,-0.0197,-0.019734559333795976,4.699999999999989,-3.969999999999999,224.9
2025-08-21,2025,8,21,3,224.9,226.27,226.52,223.78,30620000.0,-0.0049,-0.0049112871111897105,2.740000000000009,-1.3700000000000045,227.76
2025-08-22,2025,8,22,4,227.76,226.17,229.09,225.41,42480000.0,0.0127,0.012716763005780285,3.680000000000007,1.5900000000000034,227.16
2025-08-25,2025,8,25,0,227.16,226.48,229.3,226.23,30980000.0,-0.0026,-0.0026343519494204104,3.0700000000000216,0.6800000000000068,229.31
2025-08-26,2025,8,26,1,229.31,226.87,229.49,224.69,54580000.0,0.0095,0.009464694488466208,4.800000000000011,2.4399999999999977,230.49
2025-08-27,2025,8,27,2,230.49,228.61,230.9,228.26,31260000.0,0.0051,0.005145872399808127,2.640000000000015,1.8799999999999955,232.56
2025-08-28,2025,8,28,3,232.56,230.82,233.41,229.34,38070000.0,0.009000000000000001,0.008980866848887104,4.069999999999993,1.740000000000009,232.14
2025-08-29,2025,8,29,4,232.14,232.51,233.38,231.37,39420000.0,-0.0018,-0.001805985552115641,2.009999999999991,-0.37000000000000455,229.72
2025-09-02,2025,9,2,1,229.72,229.25,230.85,226.97,44080000.0,-0.0104,-0.010424743689153027,3.8799999999999955,0.46999999999999886,238.47
2025-09-03,2025,9,3,2,238.47,237.21,238.85,234.36,66430000.00000001,0.0381,0.038089848511231095,4.489999999999981,1.259999999999991,239.78
2025-09-04,2025,9,4,3,239.78,238.45,239.9,236.74,47550000.0,0.0055000000000000005,0.005493353461651473,3.1599999999999966,1.3300000000000125,239.69
2025-09-05,2025,9,5,4,239.69,239.99,241.32,238.49,54870000.0,-0.0004,-0.00037534406539330156,2.829999999999984,-0.30000000000001137,237.88
2025-09-08,2025,9,8,0,237.88,239.3,240.15,236.34,49000000.0,-0.0076,-0.007551420584922197,3.8100000000000023,-1.420000000000016,234.35
2025-09-09,2025,9,9,1,234.35,237.0,238.78,233.36,66310000.0,-0.0148,-0.014839414831007258,5.4199999999999875,-2.6500000000000057,226.79
2025-09-10,2025,9,10,2,226.79,232.18,232.42,225.95,83440000.0,-0.0323,-0.03225944100704081,6.469999999999999,-5.390000000000015,230.03
2025-09-11,2025,9,11,3,230.03,226.88,230.45,226.65,50210000.0,0.0143,0.014286344195070466,3.799999999999983,3.1500000000000057,234.07
2025-09-12,2025,9,12,4,234.07,229.22,234.51,229.02,55820000.0,0.0176,0.017562926574794524,5.489999999999981,4.849999999999994,236.7
2025-09-15,2025,9,15,0,236.7,237.0,238.19,235.03,42700000.0,0.011200000000000002,0.011235955056179803,3.1599999999999966,-0.30000000000001137,238.15
2025-09-16,2025,9,16,1,238.15,237.18,241.22,236.32,63420000.0,0.0060999999999999995,0.006125897760878907,4.900000000000006,0.9699999999999989,238.99
2025-09-17,2025,9,17,2,238.99,238.97,240.1,237.73,46510000.0,0.0034999999999999996,0.0035271887465881946,2.3700000000000045,0.020000000000010232,237.88
2025-09-18,2025,9,18,3,237.88,239.97,241.2,236.65,44250000.0,-0.0046,-0.004644545796895327,4.549999999999983,-2.0900000000000034,245.5
2025-09-19,2025,9,19,4,245.5,241.23,246.3,240.21,163740000.0,0.032,0.03203295779384563,6.090000000000003,4.27000000000001,256.08
2025-09-22,2025,9,22,0,256.08,248.3,256.64,248.12,105520000.0,0.0431,0.04309572301425657,8.519999999999982,7.779999999999973,254.43
2025-09-23,2025,9,23,1,254.43,255.88,257.34,253.58,60280000.0,-0.0064,-0.006443298969072031,3.7599999999999625,-1.4499999999999886,252.31
2025-09-24,2025,9,24,2,252.31,255.22,255.74,251.04,42300000.0,-0.0083,-0.008332350744802097,4.700000000000017,-2.9099999999999966,256.87
2025-09-25,2025,9,25,3,256.87,253.21,257.17,251.71,55200000.0,0.0181,0.01807300542982837,5.460000000000008,3.6599999999999966,255.46
2025-09-26,2025,9,26,4,255.46,254.1,257.6,253.78,46080000.0,-0.0055000000000000005,-0.00548915793981386,3.8200000000000216,1.3600000000000136,254.43
2025-09-29,2025,9,29,0,254.43,254.56,255.0,253.01,40130000.0,-0.004,-0.0040319423784546116,1.990000000000009,-0.12999999999999545,254.63
2025-09-30,2025,9,30,1,254.63,254.85,255.92,253.11,37700000.0,0.0008,0.0007860708249813886,2.809999999999974,-0.21999999999999886,255.45
2025-10-01,2025,10,1,2,255.45,255.04,258.79,254.93,48710000.0,0.0032,0.0032203589522050713,3.8600000000000136,0.4099999999999966,257.13
2025-10-02,2025,10,2,3,257.13,256.58,258.18,254.15,42630000.0,0.0066,0.0065766294773927925,4.030000000000001,0.5500000000000114,258.02
2025-10-03,2025,10,3,4,258.02,254.66,259.24,253.95,49160000.0,0.0034999999999999996,0.0034612841753198786,5.2900000000000205,3.359999999999985,256.69
2025-10-06,2025,10,6,0,256.69,257.99,259.07,255.05,44660000.0,-0.0052,-0.005154639175257714,4.019999999999982,-1.3000000000000114,256.48
2025-10-07,2025,10,7,1,256.48,256.8,257.4,255.43,31960000.0,-0.0008,-0.000818107444777616,1.9699999999999704,-0.3199999999999932,258.06
2025-10-08,2025,10,8,2,258.06,256.52,258.52,256.11,36500000.0,0.0062,0.006160324391765393,2.409999999999968,1.5400000000000205,254.04
2025-10-09,2025,10,9,3,254.04,257.8,258.0,253.14,38320000.0,-0.015600000000000001,-0.01557777261102078,4.860000000000014,-3.7600000000000193,245.27
2025-10-10,2025,10,10,4,245.27,254.94,256.38,244.0,62000000.0,-0.0345,-0.03452212250039355,12.379999999999995,-9.669999999999987,247.66
2025-10-13,2025,10,13,0,247.66,249.38,249.69,245.56,38140000.0,0.0097,0.009744363354670327,4.1299999999999955,-1.7199999999999989,247.77
2025-10-14,2025,10,14,1,247.77,246.6,248.85,244.7,35480000.0,0.0004,0.0004441573124445153,4.150000000000006,1.170000000000016,249.34
2025-10-15,2025,10,15,2,249.34,249.49,251.82,247.47,33890000.0,0.0063,0.006336521774226167,4.349999999999994,-0.15000000000000568,247.45
2025-10-16,2025,10,16,3,247.45,248.25,249.04,245.13,39780000.0,-0.0076,-0.007580011229646355,3.9099999999999966,-0.8000000000000114,252.29
2025-10-17,2025,10,17,4,252.29,248.02,253.38,247.27,49150000.0,0.0196,0.0195595069711052,6.109999999999985,4.269999999999982,262.24
2025-10-20,2025,10,20,0,262.24,255.88,264.38,255.63,90480000.0,0.0394,0.03943874113123802,8.75,6.360000000000014,262.77
2025-10-21,2025,10,21,1,262.77,261.88,265.29,261.83,46700000.0,0.002,0.0020210494203782847,3.4600000000000364,0.8899999999999864,258.45
2025-10-22,2025,10,22,2,258.45,262.65,262.85,255.43,45020000.0,-0.016399999999999998,-0.016440232903299434,7.420000000000016,-4.199999999999989,259.58
2025-10-23,2025,10,23,3,259.58,259.94,260.62,258.01,32750000.0,0.0044,0.0043722189978718795,2.6100000000000136,-0.36000000000001364,262.82
2025-10-24,2025,10,24,4,262.82,261.19,264.13,259.18,38250000.0,0.0125,0.012481701209646312,4.949999999999989,1.6299999999999955,268.81
2025-10-27,2025,10,27,0,268.81,264.88,269.12,264.65,44890000.0,0.022799999999999997,0.02279126398295417,4.470000000000027,3.930000000000007,269.0
2025-10-28,2025,10,28,1,269.0,268.98,269.89,268.15,41530000.0,0.0007000000000000001,0.0007068189427477112,1.740000000000009,0.01999999999998181,269.7
2025-10-29,2025,10,29,2,269.7,269.27,271.41,267.11,51090000.0,0.0026,0.0026022304832713505,4.300000000000011,0.4300000000000068,271.4
2025-10-30,2025,10,30,3,271.4,271.99,274.14,268.48,69890000.0,0.0063,0.006303299962921782,5.659999999999968,-0.5900000000000318,270.37
2025-10-31,2025,10,31,4,270.37,276.99,277.32,269.16,86170000.0,-0.0038,-0.0037951363301399477,8.159999999999968,-6.6200000000000045,269.05
2025-11-03,2025,11,3,0,269.05,270.42,270.85,266.25,50190000.0,-0.0049,-0.004882198468765031,4.600000000000023,-1.3700000000000045,270.04
2025-11-04,2025,11,4,1,270.04,268.33,271.49,267.61,49270000.0,0.0037,0.0036796134547483206,3.8799999999999955,1.7100000000000364,270.14
2025-11-05,2025,11,5,2,270.14,268.61,271.7,266.93,43680000.0,0.0004,0.00037031550881327924,4.769999999999982,1.5299999999999727,269.77
2025-11-06,2025,11,6,3,269.77,267.89,273.4,267.89,51200000.0,-0.0014000000000000002,-0.0013696601762049898,5.509999999999991,1.8799999999999955,268.47
2025-11-07,2025,11,7,4,268.47,269.8,272.29,266.77,48230000.0,-0.0048,-0.004818919820587686,5.520000000000039,-1.329999999999984,269.43
2025-11-10,2025,11,10,0,269.43,268.96,273.73,267.45,41310000.0,0.0036,0.003575818527209673,6.28000000000003,0.4700000000000273,275.25
2025-11-11,2025,11,11,1,275.25,269.81,275.91,269.8,46210000.0,0.0216,0.021601158000222664,6.110000000000014,5.439999999999998,273.47
2025-11-12,2025,11,12,2,273.47,275.0,275.73,271.7,48400000.0,-0.006500000000000001,-0.006466848319709229,4.03000000000003,-1.5299999999999727,272.95
2025-11-13,2025,11,13,3,272.95,274.11,276.7,272.09,49600000.0,-0.0019,-0.0019014882802502742,4.610000000000014,-1.160000000000025,272.41
2025-11-14,2025,11,14,4,272.41,271.05,275.96,269.6,47430000.0,-0.002,-0.0019783843194722817,6.359999999999957,1.3600000000000136,267.46
2025-11-17,2025,11,17,0,267.46,268.82,270.49,265.73,45020000.0,-0.0182,-0.01817113909181034,4.759999999999991,-1.3600000000000136,267.44
2025-11-18,2025,11,18,1,267.44,269.99,270.71,265.32,45680000.0,-0.0001,-7.477753682783028e-05,5.389999999999986,-2.5500000000000114,268.56
2025-11-19,2025,11,19,2,268.56,265.52,272.21,265.5,40420000.0,0.0042,0.004187855219862424,6.7099999999999795,3.0400000000000205,266.25
2025-11-20,2025,11,20,3,266.25,270.83,275.43,265.92,45820000.0,-0.0086,-0.008601429848078657,9.509999999999991,-4.579999999999984,271.49
2025-11-21,2025,11,21,4,271.49,265.95,273.33,265.67,59030000.0,0.0197,0.019680751173708932,7.659999999999968,5.5400000000000205,275.92
2025-11-24,2025,11,24,0,275.92,270.9,277.0,270.9,65590000.0,0.0163,0.01631735975542381,6.100000000000023,5.020000000000039,276.97
2025-11-25,2025,11,25,1,276.97,275.27,280.38,275.25,46910000.0,0.0038,0.003805450855320469,5.1299999999999955,1.7000000000000455,277.55
2025-11-26,2025,11,26,2,277.55,276.96,279.53,276.63,33430000.0,0.0021,0.002094089612593386,2.8999999999999773,0.5900000000000318,278.85
2025-11-28,2025,11,28,4,278.85,277.26,279.0,275.99,20140000.0,0.004699999999999999,0.004683840749414525,3.009999999999991,1.5900000000000318,283.1
2025-12-01,2025,12,1,0,283.1,278.01,283.42,276.14,46590000.0,0.0152,0.01524116908732287,7.28000000000003,5.090000000000032,286.19
2025-12-02,2025,12,2,1,286.19,283.0,287.4,282.63,53670000.0,0.0109,0.010914871070293097,4.769999999999982,3.1899999999999977,284.15
2025-12-03,2025,12,3,2,284.15,286.2,288.62,283.3,43540000.0,-0.0070999999999999995,-0.007128131660784853,5.319999999999993,-2.0500000000000114,280.7
2025-12-04,2025,12,4,3,280.7,284.1,284.73,278.59,43990000.0,-0.0121,-0.012141474573288735,6.140000000000043,-3.400000000000034,278.78
2025-12-05,2025,12,5,4,278.78,280.54,281.14,278.05,47270000.0,-0.0068000000000000005,-0.006840042750267283,3.089999999999975,-1.7600000000000477,277.89
2025-12-08,2025,12,8,0,277.89,278.13,279.67,276.15,38210000.0,-0.0032,-0.003192481526651747,3.5200000000000387,-0.2400000000000091,277.18
2025-12-09,2025,12,9,1,277.18,278.16,280.03,276.92,32189999.999999996,-0.0026,-0.0025549677930115644,3.109999999999957,-0.9800000000000182,278.78
2025-12-10,2025,12,10,2,278.78,277.75,279.75,276.44,33040000.0,0.0058,0.005772422252687592,3.3100000000000023,1.0299999999999727,278.03
2025-12-11,2025,12,11,3,278.03,279.1,279.59,273.81,33250000.0,-0.0027,-0.0026902934213358654,5.779999999999973,-1.07000000000005,278.28
2025-12-12,2025,12,12,4,278.28,277.9,279.22,276.82,39530000.0,0.0009,0.0008991835413445504,2.400000000000034,0.37999999999999545,274.11
2025-12-15,2025,12,15,0,274.11,280.15,280.15,272.84,50410000.0,-0.015,-0.014984907287623805,7.310000000000002,-6.039999999999964,274.61
2025-12-16,2025,12,16,1,274.61,272.82,275.5,271.79,37650000.0,0.0018,0.001824085221261429,3.7099999999999795,1.7900000000000205,271.84
2025-12-17,2025,12,17,2,271.84,275.01,276.16,271.64,50140000.0,-0.0101,-0.010087032518845018,4.520000000000039,-3.170000000000016,272.19
2025-12-18,2025,12,18,3,272.19,273.61,273.63,266.95,51630000.0,0.0013,0.0012875220718069347,6.680000000000007,-1.420000000000016,273.67
2025-12-19,2025,12,19,4,273.67,272.14,274.6,269.9,144630000.0,0.0054,0.0054373783019214805,4.7000000000000455,1.5300000000000296,270.97
2025-12-22,2025,12,22,0,270.97,272.86,273.88,270.51,36570000.0,-0.009899999999999999,-0.00986589688310735,3.3700000000000045,-1.8899999999999864,272.36
2025-12-23,2025,12,23,1,272.36,270.84,272.5,269.56,29640000.0,0.0051,0.005129719157102253,2.9399999999999977,1.5200000000000387,273.81
2025-12-24,2025,12,24,2,273.81,272.34,275.43,272.2,17910000.0,0.0053,0.005323836099280221,3.230000000000018,1.4700000000000273,273.4
2025-12-26,2025,12,26,4,273.4,274.16,275.37,272.86,21520000.0,-0.0015,-0.0014973887001936692,2.509999999999991,-0.7600000000000477,273.76
2025-12-29,2025,12,29,0,273.76,272.69,274.36,272.35,23720000.0,0.0013,0.0013167520117045584,2.009999999999991,1.0699999999999932,273.08
2025-12-30,2025,12,30,1,273.08,272.81,274.08,272.28,22140000.0,-0.0025,-0.002483927527761609,1.8000000000000114,0.2699999999999818,271.86
2025-12-31,2025,12,31,2,271.86,273.06,273.68,271.75,27290000.0,-0.0045000000000000005,-0.004467555295151526,1.9300000000000068,-1.1999999999999886,271.01
2026-01-02,2026,1,2,4,271.01,272.26,277.84,269.0,37840000.0,-0.0031,-0.003126609284190507,8.839999999999975,-1.25,267.26
2026-01-05,2026,1,5,0,267.26,270.64,271.51,266.14,45650000.0,-0.0138,-0.01383712778126267,5.3700000000000045,-3.3799999999999955,262.36
2026-01-06,2026,1,6,1,262.36,267.0,267.55,262.12,52350000.0,-0.0183,-0.018334206390780428,5.430000000000007,-4.639999999999986,260.33
2026-01-07,2026,1,7,2,260.33,263.2,263.68,259.81,48310000.0,-0.0077,-0.007737459978655381,3.8700000000000045,-2.8700000000000045,259.04
2026-01-08,2026,1,8,3,259.04,257.02,259.29,255.7,50420000.0,-0.005,-0.004955249106902593,3.590000000000032,2.0200000000000387,259.37
2026-01-09,2026,1,9,4,259.37,259.08,260.21,256.22,40000000.0,0.0013,0.0012739345274861424,3.9899999999999523,0.29000000000002046,260.25
2026-01-12,2026,1,12,0,260.25,259.16,261.3,256.8,45260000.0,0.0034000000000000002,0.0033928364884141526,4.5,1.089999999999975,261.05
2026-01-13,2026,1,13,1,261.05,258.72,261.81,258.39,45730000.0,0.0031,0.00307396733909715,3.420000000000016,2.329999999999984,259.96
2026-01-14,2026,1,14,2,259.96,259.49,261.82,256.71,40020000.0,-0.0042,-0.0041754453169892125,5.110000000000014,0.46999999999997044,258.21
2026-01-15,2026,1,15,3,258.21,260.65,261.04,257.05,39390000.0,-0.0067,-0.006731804893060467,3.990000000000009,-2.4399999999999977,255.53
2026-01-16,2026,1,16,4,255.53,257.9,258.9,254.93,72140000.0,-0.0104,-0.010379148754889322,3.9699999999999704,-2.369999999999976,246.7
2026-01-20,2026,1,20,1,246.7,252.73,254.79,243.42,80270000.0,-0.0346,-0.03455562947599111,11.370000000000005,-6.030000000000001,247.65
2026-01-21,2026,1,21,2,247.65,248.7,251.56,245.18,54640000.0,0.0039000000000000003,0.0038508309687881326,6.3799999999999955,-1.049999999999983,248.35
2026-01-22,2026,1,22,3,248.35,249.2,251.0,248.15,39710000.0,0.0028000000000000004,0.0028265697557035008,2.8499999999999943,-0.8499999999999943,248.04
2026-01-23,2026,1,23,4,248.04,247.32,249.41,244.68,41690000.0,-0.0012,-0.0012482383732635993,4.72999999999999,0.7199999999999989,255.41
2026-01-26,2026,1,26,0,255.41,251.48,256.56,249.8,55970000.0,0.0297,0.029712949524270282,6.759999999999991,3.930000000000007,258.27
2026-01-27,2026,1,27,1,258.27,259.17,261.95,258.21,49650000.0,0.011200000000000002,0.011197682158098576,3.740000000000009,-0.9000000000000341,256.44
2026-01-28,2026,1,28,2,256.44,257.65,258.86,254.51,41290000.0,-0.0070999999999999995,-0.0070856080845626,4.350000000000023,-1.2099999999999795,258.28
2026-01-29,2026,1,29,3,258.28,258.0,259.65,254.41,67250000.0,0.0072,0.007175167680548933,5.239999999999981,0.2799999999999727,259.48
2026-01-30,2026,1,30,4,259.48,255.16,261.9,252.18,92440000.0,0.0046,0.004646120489391503,9.71999999999997,4.320000000000022,270.01
2026-02-02,2026,2,2,0,270.01,260.03,270.49,259.2,73910000.0,0.0406,0.040581162324649256,11.29000000000002,9.980000000000018,269.48
2026-02-03,2026,2,3,1,269.48,269.2,271.88,267.61,64390000.0,-0.002,-0.0019628902633235246,4.269999999999982,0.28000000000002956,276.49
2026-02-04,2026,2,4,2,276.49,272.29,278.95,272.29,90550000.0,0.026000000000000002,0.026013062193854797,6.659999999999968,4.199999999999989,275.91
2026-02-05,2026,2,5,3,275.91,278.13,279.5,273.23,52980000.0,-0.0021,-0.0020977250533472658,6.269999999999982,-2.2199999999999704,278.12
2026-02-06,2026,2,6,4,278.12,277.12,280.9,276.92,50450000.0,0.008,0.00800985828712264,3.9799999999999613,1.0,274.62
2026-02-09,2026,2,9,0,274.62,277.9,278.2,271.7,44620000.0,-0.0126,-0.01258449590104993,6.5,-3.2799999999999727,273.68
2026-02-10,2026,2,10,1,273.68,274.89,275.37,272.94,34380000.0,-0.0034000000000000002,-0.0034229116597480624,2.430000000000007,-1.2099999999999795,275.5
2026-02-11,2026,2,11,2,275.5,274.7,280.18,274.45,51930000.0,0.0067,0.006650102309266215,5.730000000000018,0.8000000000000114,261.73
2026-02-12,2026,2,12,3,261.73,275.59,275.72,260.18,81080000.0,-0.05,-0.04998185117967324,15.54000000000002,-13.859999999999957,255.78
2026-02-13,2026,2,13,4,255.78,262.01,262.23,255.45,56290000.0,-0.0227,-0.022733351163412796,6.78000000000003,-6.22999999999999,263.88
2026-02-17,2026,2,17,1,263.88,258.05,266.29,255.54,58470000.0,0.0317,0.03166783954961283,10.750000000000028,5.829999999999984,264.35
2026-02-18,2026,2,18,2,264.35,263.6,266.82,262.45,34200000.0,0.0018,0.0017811126269517974,4.3700000000000045,0.75,260.58
2026-02-19,2026,2,19,3,260.58,262.6,264.48,260.05,30850000.0,-0.0143,-0.01426139587667874,4.430000000000007,-2.0200000000000387,264.58
2026-02-20,2026,2,20,4,264.58,258.97,264.75,258.16,42070000.0,0.0154,0.015350372246526911,6.589999999999975,5.609999999999957,266.18
2026-02-23,2026,2,23,0,266.18,263.49,269.43,263.38,37310000.0,0.006,0.0060473202812005855,6.050000000000011,2.6899999999999977,272.14
2026-02-24,2026,2,24,1,272.14,267.86,274.89,267.71,47010000.0,0.022400000000000003,0.022390863325569166,7.180000000000007,4.279999999999973,274.23
2026-02-25,2026,2,25,2,274.23,271.78,274.94,271.05,33710000.0,0.0077,0.007679870654810239,3.8899999999999864,2.4500000000000455,272.95
2026-02-26,2026,2,26,3,272.95,274.95,276.11,270.8,32350000.0,-0.004699999999999999,-0.00466761477591815,5.310000000000002,-2.0,264.18
2026-02-27,2026,2,27,4,264.18,272.81,272.81,262.89,72370000.0,-0.0321,-0.03213042681809852,9.920000000000016,-8.629999999999995,264.72
2026-03-02,2026,3,2,0,264.72,262.41,266.53,260.2,41830000.0,0.002,0.002044060867590458,6.329999999999984,2.3100000000000023,263.75
2026-03-03,2026,3,3,1,263.75,263.48,265.56,260.13,38570000.0,-0.0037,-0.0036642490178302456,5.430000000000007,0.2699999999999818,262.52
2026-03-04,2026,3,4,2,262.52,264.65,266.15,261.42,39800000.0,-0.004699999999999999,-0.004663507109004761,4.729999999999961,-2.1299999999999955,260.29
2026-03-05,2026,3,5,3,260.29,260.79,261.55,257.25,49660000.0,-0.0085,-0.00849459088831317,4.300000000000011,-0.5,257.46
2026-03-06,2026,3,6,4,257.46,258.63,258.77,254.37,41120000.0,-0.0109,-0.010872488378347422,4.399999999999977,-1.170000000000016,259.88
2026-03-09,2026,3,9,0,259.88,255.69,261.15,253.68,38220000.0,0.009399999999999999,0.009399518371785875,7.46999999999997,4.189999999999998,260.83
2026-03-10,2026,3,10,1,260.83,257.64,262.48,256.95,30590000.0,0.0037,0.003655533323072113,5.53000000000003,3.1899999999999977,260.81
2026-03-11,2026,3,11,2,260.81,261.09,262.13,259.55,26220000.0,-0.0001,-7.66782962081658e-05,2.579999999999984,-0.2799999999999727,255.76
2026-03-12,2026,3,12,3,255.76,258.66,258.95,254.18,40790000.0,-0.0194,-0.01936275449560987,4.769999999999982,-2.900000000000034,250.12
2026-03-13,2026,3,13,4,250.12,255.48,256.33,249.52,36930000.0,-0.022099999999999998,-0.02205192367844855,6.809999999999974,-5.359999999999985,252.82
2026-03-16,2026,3,16,0,252.82,252.1,253.88,249.88,32070000.0,0.0108,0.010794818487126046,4.0,0.7199999999999989,254.23
2026-03-17,2026,3,17,1,254.23,252.96,255.13,252.18,32360000.0,0.005600000000000001,0.005577090420061603,2.9499999999999886,1.2699999999999818,249.94
2026-03-18,2026,3,18,2,249.94,252.63,254.94,249.0,35760000.0,-0.0169,-0.016874483735200396,5.939999999999998,-2.6899999999999977,248.96
2026-03-19,2026,3,19,3,248.96,249.4,251.83,247.3,34860000.0,-0.0039000000000000003,-0.00392094102584617,4.530000000000001,-0.4399999999999977,247.99
2026-03-20,2026,3,20,4,247.99,247.98,249.2,246.0,88330000.0,-0.0039000000000000003,-0.003896208226221054,3.1999999999999886,0.010000000000019327,251.49
2026-03-23,2026,3,23,0,251.49,253.97,254.6,250.28,40550000.0,0.0141,0.014113472317432096,4.319999999999993,-2.4799999999999898,251.64
2026-03-24,2026,3,24,1,251.64,250.35,254.82,249.55,45150000.0,0.0006,0.0005964451866873333,5.269999999999982,1.289999999999992,252.62
2026-03-25,2026,3,25,2,252.62,254.1,255.0,251.6,28480000.0,0.0039000000000000003,0.003894452392306569,3.4000000000000057,-1.4799999999999898,252.89
2026-03-26,2026,3,26,3,252.89,252.12,257.0,250.77,41800000.0,0.0011,0.0010687989866200454,6.22999999999999,0.7699999999999818,248.8
2026-03-27,2026,3,27,4,248.8,253.9,255.49,248.07,47900000.0,-0.016200000000000003,-0.016173039661512845,7.420000000000016,-5.099999999999994,246.63
2026-03-30,2026,3,30,0,246.63,250.07,250.87,245.51,39450000.0,-0.0087,-0.008721864951768521,5.360000000000014,-3.4399999999999977,253.79
2026-03-31,2026,3,31,1,253.79,247.91,255.48,247.1,49600000.0,0.028999999999999998,0.02903134249685757,8.379999999999995,5.8799999999999955,255.63
2026-04-01,2026,4,1,2,255.63,254.08,256.18,253.33,40060000.0,0.0073,0.0072500886559754285,2.8499999999999943,1.549999999999983,255.92
2026-04-02,2026,4,2,3,255.92,254.2,256.13,250.65,31290000.0,0.0011,0.0011344521378555683,5.47999999999999,1.7199999999999989,258.86
2026-04-06,2026,4,6,0,258.86,256.51,262.16,256.46,29330000.0,0.0115,0.01148796498905913,5.7000000000000455,2.3500000000000227,253.5
2026-04-07,2026,4,7,1,253.5,256.15,256.2,245.7,62150000.0,-0.0207,-0.020706173221046176,10.5,-2.6499999999999773,258.9
2026-04-08,2026,4,8,2,258.9,258.45,259.75,256.53,41030000.0,0.0213,0.02130177514792897,3.2200000000000273,0.44999999999998863,260.49
2026-04-09,2026,4,9,3,260.49,259.0,261.12,256.07,28120000.0,0.0060999999999999995,0.006141367323291069,5.050000000000011,1.490000000000009,260.48
2026-04-10,2026,4,10,4,260.48,259.98,262.19,259.02,31290000.0,0.0,-3.838918960419324e-05,3.170000000000016,0.5,259.2
2026-04-13,2026,4,13,0,259.2,259.73,260.18,256.66,36230000.0,-0.0049,-0.004914004914005066,3.519999999999982,-0.5300000000000296,258.83
2026-04-14,2026,4,14,1,258.83,259.24,261.93,257.19,48370000.0,-0.0014000000000000002,-0.001427469135802495,4.740000000000009,-0.410000000000025,266.43
2026-04-15,2026,4,15,2,266.43,258.16,266.56,257.81,49910000.0,0.0294,0.029362902291079074,8.75,8.269999999999982,263.4
2026-04-16,2026,4,16,3,263.4,266.8,267.16,261.27,43320000.0,-0.011399999999999999,-0.011372593176444235,5.890000000000043,-3.400000000000034,270.23
2026-04-17,2026,4,17,4,270.23,266.96,272.3,266.72,61440000.0,0.0259,0.025930144267274358,5.579999999999984,3.2700000000000387,273.05
2026-04-20,2026,4,20,0,273.05,270.33,274.27,270.29,36590000.0,0.0104,0.010435554897679777,3.9799999999999613,2.7200000000000273,266.17
2026-04-21,2026,4,21,1,266.17,271.5,272.8,265.4,50210000.0,-0.0252,-0.025196850393700787,7.400000000000034,-5.329999999999984,273.17
2026-04-22,2026,4,22,2,273.17,267.82,273.74,266.87,43250000.0,0.0263,0.026298981853702497,6.8700000000000045,5.350000000000023,273.43
2026-04-23,2026,4,23,3,273.43,275.05,275.77,271.65,33400000.0,0.001,0.0009517882637184449,4.1200000000000045,-1.6200000000000045,271.06
2026-04-24,2026,4,24,4,271.06,272.76,273.06,269.65,38160000.0,-0.0087,-0.008667666313133204,3.410000000000025,-1.6999999999999886,267.61
2026-04-27,2026,4,27,0,267.61,266.09,268.36,265.07,41470000.0,-0.0127,-0.01272780934110529,3.2900000000000205,1.5200000000000387,270.71
2026-04-28,2026,4,28,1,270.71,272.33,273.23,268.66,40020000.0,0.0116,0.011584021523859178,4.569999999999993,-1.6200000000000045,270.17
2026-04-29,2026,4,29,2,270.17,267.55,271.04,267.04,30050000.0,-0.002,-0.001994754534372478,4.0,2.6200000000000045,271.35
2026-04-30,2026,4,30,3,271.35,270.5,276.0,268.14,91850000.0,0.0044,0.004367620387163651,7.860000000000014,0.8500000000000227,280.14
2026-05-01,2026,5,1,4,280.14,278.86,287.22,278.37,79920000.0,0.032400000000000005,0.032393587617468134,8.850000000000023,1.2799999999999727,276.83
2026-05-04,2026,5,4,0,276.83,279.65,280.63,274.86,46670000.0,-0.0118,-0.011815520811023106,5.769999999999982,-2.819999999999993,284.18
2026-05-05,2026,5,5,1,284.18,276.92,284.57,276.5,49310000.0,0.026600000000000002,0.02655059061517906,8.069999999999993,7.259999999999991,287.51
2026-05-06,2026,5,6,2,287.51,281.92,288.03,281.07,58340000.0,0.011699999999999999,0.011717925258638795,6.9599999999999795,5.589999999999975,287.44
2026-05-07,2026,5,7,3,287.44,289.27,292.13,285.78,45220000.0,-0.0002,-0.0002434697923550111,6.350000000000023,-1.829999999999984,293.32
2026-05-08,2026,5,8,4,293.32,290.01,294.76,290.0,52690000.0,0.020499999999999997,0.020456443083773923,4.759999999999991,3.3100000000000023,292.68
2026-05-11,2026,5,11,0,292.68,291.98,293.88,290.23,42250000.0,-0.0022,-0.002181917359879937,3.6499999999999773,0.6999999999999886,294.8
2026-05-12,2026,5,12,1,294.8,292.56,295.27,292.56,45750000.0,0.0072,0.007243405767391131,2.7099999999999795,2.240000000000009,298.87
2026-05-13,2026,5,13,2,298.87,293.5,300.92,293.5,52680000.0,0.0138,0.013805970149253666,7.420000000000016,5.3700000000000045,298.21
2026-05-14,2026,5,14,3,298.21,299.82,300.45,295.38,35320000.0,-0.0022,-0.0022083179977917533,5.069999999999993,-1.6100000000000136,300.23
2026-05-15,2026,5,15,4,300.23,297.9,303.2,296.52,54860000.0,0.0068000000000000005,0.006773750041916937,6.680000000000007,2.330000000000041,297.84
2026-05-18,2026,5,18,0,297.84,300.24,300.66,294.91,34480000.0,-0.008,-0.0079605635679314,5.75,-2.400000000000034,298.97
2026-05-19,2026,5,19,1,298.97,296.97,300.51,296.35,42240000.0,0.0038,0.0037939833467635076,4.159999999999968,2.0,302.25
2026-05-20,2026,5,20,2,302.25,298.18,302.8,298.08,38230000.0,0.011000000000000001,0.010971000434826239,4.720000000000027,4.069999999999993,304.99
2026-05-21,2026,5,21,3,304.99,301.05,305.54,300.4,42970000.0,0.0091,0.009065343258891634,5.140000000000043,3.9399999999999977,308.82
2026-05-22,2026,5,22,4,308.82,306.12,311.4,305.84,43670000.0,0.0126,0.012557788779959944,5.560000000000002,2.6999999999999886,308.33
2026-05-26,2026,5,26,1,308.33,309.56,311.82,307.67,48000000.0,-0.0016,-0.0015866848002072942,4.149999999999977,-1.2300000000000182,310.85
2026-05-27,2026,5,27,2,310.85,308.33,313.26,308.3,50430000.0,0.008199999999999999,0.008173061330392972,4.9599999999999795,2.5200000000000387,312.51
2026-05-28,2026,5,28,3,312.51,310.68,312.8,309.57,48220000.0,0.0053,0.005340196236126582,3.230000000000018,1.829999999999984,312.06
2026-05-29,2026,5,29,4,312.06,311.77,315.0,309.53,70030000.0,-0.0014000000000000002,-0.0014399539214744461,5.470000000000027,0.29000000000002046,306.31
2026-06-01,2026,6,1,0,306.31,309.63,310.94,305.02,48850000.0,-0.0184,-0.018425943728770156,5.920000000000016,-3.319999999999993,315.2
2026-06-02,2026,6,2,1,315.2,307.46,315.45,306.68,44530000.0,0.028999999999999998,0.02902288531226538,8.769999999999982,7.740000000000009,310.26
2026-06-03,2026,6,3,2,310.26,314.17,316.94,308.85,50840000.0,-0.015700000000000002,-0.015672588832487344,8.089999999999975,-3.910000000000025,311.23
2026-06-04,2026,6,4,3,311.23,313.23,313.54,309.65,44870000.0,0.0031,0.0031264101076518003,3.890000000000043,-2.0,307.34
2026-06-05,2026,6,5,4,307.34,312.86,315.17,307.15,65310000.0,-0.0125,-0.012498795103299987,8.020000000000039,-5.520000000000039,301.54
2026-06-08,2026,6,8,0,301.54,308.74,317.4,301.17,77950000.0,-0.0189,-0.01887160799114973,16.22999999999996,-7.199999999999989,290.55
2026-06-09,2026,6,9,1,290.55,300.27,300.75,287.78,70110000.0,-0.0364,-0.0364462426212111,12.970000000000027,-9.71999999999997,291.58
2026-06-10,2026,6,10,2,291.58,290.74,294.75,287.38,52790000.0,0.0034999999999999996,0.0035450008604369643,7.3700000000000045,0.839999999999975,295.63
2026-06-11,2026,6,11,3,295.63,293.72,297.0,289.59,42570000.0,0.0139,0.013889841552918725,7.410000000000025,1.9099999999999682,291.13
2026-06-12,2026,6,12,4,291.13,296.03,297.14,289.62,38780000.0,-0.0152,-0.015221729865034006,7.519999999999982,-4.899999999999977,296.42
2026-06-15,2026,6,15,0,296.42,294.12,297.78,291.7,45730000.0,0.0182,0.018170576718304687,6.079999999999984,2.3000000000000114,299.24
2026-06-16,2026,6,16,1,299.24,295.24,300.48,293.97,39870000.0,0.0095,0.009513528102017332,6.509999999999991,4.0,295.95
2026-06-17,2026,6,17,2,295.95,300.85,302.07,294.36,42750000.0,-0.011000000000000001,-0.010994519449271545,7.7099999999999795,-4.900000000000034,298.01
2026-06-18,2026,6,18,3,298.01,298.11,300.57,295.62,85960000.0,0.006999999999999999,0.006960635242439617,4.949999999999989,-0.10000000000002274,297.01
2026-06-22,2026,6,22,0,297.01,297.31,302.42,296.76,44880000.0,-0.0034000000000000002,-0.0033555920942249795,5.660000000000025,-0.30000000000001137,294.3
2026-06-23,2026,6,23,1,294.3,297.54,301.64,294.18,52010000.0,-0.0091,-0.009124271910036619,7.4599999999999795,-3.240000000000009,293.08
2026-06-24,2026,6,24,2,293.08,295.36,299.7,292.94,53080000.0,-0.0040999999999999995,-0.0041454298335033,6.759999999999991,-2.2800000000000296,275.15
2026-06-25,2026,6,25,3,275.15,287.4,288.8,273.75,107250000.0,-0.061200000000000004,-0.061177835403302905,15.050000000000011,-12.25,283.78
2026-06-26,2026,6,26,4,283.78,275.0,285.95,274.21,261779999.99999997,0.031400000000000004,0.03136471015809561,11.740000000000009,8.779999999999973,281.74
2026-06-29,2026,6,29,0,281.74,286.73,288.37,279.85,66430000.00000001,-0.0072,-0.0071886672774683635,8.519999999999982,-4.990000000000009,289.36
2026-06-30,2026,6,30,1,289.36,281.17,289.94,280.7,65099999.99999999,0.027000000000000003,0.027046212820330817,9.240000000000009,8.189999999999998,294.38
2026-07-01,2026,7,1,2,294.38,293.44,296.59,289.2,50160000.0,0.0173,0.017348631462537956,7.389999999999986,0.9399999999999977,308.63
2026-07-02,2026,7,2,3,308.63,294.12,309.42,293.68,75400000.0,0.0484,0.048406821115564824,15.740000000000009,14.509999999999991,312.66
2026-07-06,2026,7,6,0,312.66,307.36,314.2,307.0,53590000.0,0.0131,0.013057706639017619,7.199999999999989,5.300000000000011,310.66
2026-07-07,2026,7,7,1,310.66,315.29,315.48,310.15,42490000.0,-0.0064,-0.006396724876863047,5.330000000000041,-4.6299999999999955,313.39
2026-07-08,2026,7,8,2,313.39,311.91,314.82,307.05,41320000.0,0.0088,0.008787742226227913,7.769999999999982,1.4799999999999613,316.22
2026-07-09,2026,7,9,3,316.22,310.51,316.53,308.16,48120000.0,0.009000000000000001,0.009030281757554715,8.369999999999948,5.710000000000036,315.32
2026-07-10,2026,7,10,4,315.32,314.72,316.91,312.17,34130000.0,-0.0028000000000000004,-0.0028461197900196966,4.740000000000009,0.5999999999999659,317.31
2026-07-13,2026,7,13,0,317.31,317.02,323.45,315.78,43260000.0,0.0063,0.006311049092984966,7.670000000000016,0.29000000000002046,314.86
2026-07-14,2026,7,14,1,314.86,313.76,316.19,311.91,36340000.0,-0.0077,-0.007721155967350457,4.279999999999973,1.1000000000000227,327.5
2026-07-15,2026,7,15,2,327.5,317.61,328.73,317.32,60960000.0,0.0401,0.040144826271993894,11.410000000000025,9.889999999999986,333.26
2026-07-16,2026,7,16,3,333.26,328.01,334.68,326.79,62970000.0,0.0176,0.017587786259541938,7.889999999999986,5.25,333.74
2026-07-17,2026,7,17,4,333.74,331.98,334.99,329.0,63410000.0,0.0014000000000000002,0.0014403168697114666,5.990000000000009,1.759999999999991,326.59
2026-07-20,2026,7,20,0,326.59,333.51,333.71,323.68,53470000.0,-0.021400000000000002,-0.0214238628872776,10.029999999999973,-6.920000000000016,327.74
2026-07-21,2026,7,21,1,327.74,323.13,329.6,322.22,41340000.0,0.0034999999999999996,0.003521234575461607,7.3799999999999955,4.610000000000014,325.89
2026-07-22,2026,7,22,2,325.89,327.87,329.0,323.34,38760000.0,-0.005600000000000001,-0.005644718374321123,5.660000000000025,-1.9800000000000182,321.66
2026-07-23,2026,7,23,3,321.66,321.73,323.3,319.35,40840000.0,-0.013000000000000001,-0.012979839823253125,3.9499999999999886,-0.06999999999999318,333.02
2026-07-24,2026,7,24,4,333.02,321.79,334.37,321.62,47490000.0,0.0353,0.03531679413044819,12.75,11.229999999999961,336.91
2026-07-27,2026,7,27,0,336.91,334.54,339.57,334.02,49600000.0,0.011699999999999999,0.011680980121314244,5.550000000000011,2.3700000000000045,340.08
2026-07-28,2026,7,28,1,340.08,340.03,342.89,335.6,51860000.0,0.009399999999999999,0.009409040990175255,7.289999999999964,0.05000000000001137,338.19
2026-07-29,2026,7,29,2,338.19,339.73,344.57,337.35,56090000.0,-0.005600000000000001,-0.005557515878616748,7.21999999999997,-1.5400000000000205,333.43
2026-07-30,2026,7,30,3,333.43,333.1,334.75,329.59,74820000.0,-0.0141,-0.014074928294745548,5.160000000000025,0.3299999999999841,308.91
2026-07-31,2026,7,31,4,308.91,304.81,310.69,300.0,132490000.00000001,-0.0735,-0.07353867378460244,10.689999999999998,4.100000000000023,303.42
2026-08-03,2026,8,3,0,303.42,309.58,311.8,302.56,75050000.0,-0.0178,-0.01777216665048076,9.240000000000009,-6.159999999999968,309.38
2026-08-04,2026,8,4,1,309.38,302.73,310.42,301.32,68000000.0,0.0196,0.019642739437083945,9.100000000000023,6.649999999999977,311.0
2026-08-05,2026,8,5,2,311.0,309.36,311.71,305.67,49440000.0,0.0052,0.005236279009632083,6.039999999999964,1.6399999999999864,312.41
2026-08-06,2026,8,6,3,312.41,314.34,316.29,309.23,46140000.0,0.0045000000000000005,0.00453376205787781,7.060000000000002,-1.92999999999995,313.33
2026-08-07,2026,8,7,4,313.33,311.45,314.81,310.74,34440000.0,0.0029,0.0029448481162572815,4.069999999999993,1.8799999999999955,308.26
2026-08-10,2026,8,10,0,308.26,306.83,308.26,304.61,44810000.0,-0.016200000000000003,-0.016181023202374467,3.6499999999999773,1.4300000000000068,304.91
2026-08-11,2026,8,11,1,304.91,307.75,309.97,302.79,37480000.0,-0.0109,-0.010867449555569841,7.180000000000007,-2.839999999999975,302.25
2026-08-12,2026,8,12,2,302.25,305.1,305.66,300.57,41660000.0,-0.0087,-0.00872388573677485,5.090000000000032,-2.8500000000000227,305.26
2026-08-13,2026,8,13,3,305.26,304.21,306.0,302.05,40350000.0,0.01,0.009958643507030684,3.9499999999999886,1.0500000000000114,305.93
2026-08-14,2026,8,14,4,305.93,306.0,307.49,304.3,28230000.0,0.0022,0.0021948502915547508,3.1899999999999977,-0.06999999999999318,305.59
2026-08-17,2026,8,17,0,305.59,306.21,307.66,302.94,38170000.0,-0.0011,-0.0011113653450136596,4.720000000000027,-0.6200000000000045,310.03
2026-08-18,2026,8,18,1,310.03,307.58,311.49,305.74,53420000.0,0.014499999999999999,0.014529271245786735,5.75,2.4499999999999886,316.83
2026-08-19,2026,8,19,2,316.83,310.14,319.28,309.6,50510000.0,0.0219,0.02193336128761736,9.67999999999995,6.689999999999998,311.3
2026-08-20,2026,8,20,3,311.3,317.45,320.28,310.65,40960000.0,-0.0175,-0.017454155225199552,9.629999999999995,-6.149999999999977,309.35
2026-08-21,2026,8,21,4,309.35,312.05,312.38,307.01,46880000.0,-0.0063,-0.006264053967234173,5.3700000000000045,-2.6999999999999886,310.34
2026-08-24,2026,8,24,0,310.34,311.47,313.36,309.97,34670000.0,0.0032,0.003200258606755879,3.3899999999999864,-1.1300000000000523,309.9
2026-08-25,2026,8,25,1,309.9,310.79,313.59,308.21,25870000.0,-0.0014000000000000002,-0.001417799832441835,5.3799999999999955,-0.8900000000000432,313.45
2026-08-26,2026,8,26,2,313.45,310.3,315.43,308.8,34020000.0,0.0115,0.011455308163923927,6.6299999999999955,3.1499999999999773,314.58
2026-08-27,2026,8,27,3,314.58,310.55,315.4,309.4,32420000.0,0.0036,0.003605040676343929,6.0,4.029999999999973,319.7
2026-08-28,2026,8,28,4,319.7,316.85,322.37,315.45,38650000.0,0.0163,0.016275669146163185,6.920000000000016,2.849999999999966,316.85
2026-08-31,2026,8,31,0,316.85,319.6,321.23,312.8,41240000.0,-0.0089,-0.008914607444479139,8.430000000000007,-2.75,325.13
2026-09-01,2026,9,1,1,325.13,316.98,327.3,314.73,53170000.0,0.026099999999999998,0.026132239229919474,12.569999999999993,8.149999999999977,324.96
2026-09-02,2026,9,2,2,324.96,326.86,328.4,323.53,33780000.0,-0.0005,-0.0005228677759665512,4.8700000000000045,-1.900000000000034,328.21
2026-09-03,2026,9,3,3,328.21,324.87,330.81,324.11,37230000.0,0.01,0.010001230920728688,6.699999999999989,3.339999999999975,319.97
2026-09-04,2026,9,4,4,319.97,328.3,328.93,317.86,39610000.0,-0.025099999999999997,-0.02510587733463321,11.069999999999993,-8.329999999999984,316.22
2026-09-08,2026,9,8,1,316.22,317.1,320.7,314.9,35480000.0,-0.011699999999999999,-0.011719848735818994,5.800000000000011,-0.8799999999999955,315.34
2026-09-09,2026,9,9,2,315.34,315.48,319.15,309.9,65640000.0,-0.0028000000000000004,-0.0027828726835749107,9.25,-0.1400000000000432,326.57
2026-09-10,2026,9,10,3,326.57,316.67,326.74,316.51,70010000.0,0.0356,0.03561235491850079,10.230000000000018,9.899999999999977,332.27
2026-09-11,2026,9,11,4,332.27,327.45,336.22,326.3,50720000.0,0.0175,0.01745414459380834,9.920000000000016,4.819999999999993,333.08
2026-09-14,2026,9,14,0,333.08,334.79,335.5,331.34,39270000.0,0.0024,0.002437776507057565,4.160000000000025,-1.7100000000000364,331.34
2026-09-15,2026,9,15,1,331.34,330.14,331.78,328.35,31750000.0,-0.0052,-0.005223970217365204,3.42999999999995,1.1999999999999886,332.41
2026-09-16,2026,9,16,2,332.41,332.53,335.48,330.7,35980000.0,0.0032,0.0032293112814631986,4.78000000000003,-0.1199999999999477,337.0
2026-09-17,2026,9,17,3,337.0,334.77,338.34,330.18,36700000.0,0.0138,0.013808248849312532,8.159999999999968,2.230000000000018,336.13
2026-09-18,2026,9,18,4,336.13,337.9,338.49,332.53,86590000.0,-0.0026,-0.0025816023738872707,5.960000000000036,-1.7699999999999818,338.98
2026-09-21,2026,9,21,0,338.98,335.28,339.64,333.05,35000000.0,0.0085,0.008478862344926119,6.589999999999975,3.7000000000000455,339.75
2026-09-22,2026,9,22,1,339.75,340.14,345.34,338.75,40710000.0,0.0023,0.0022715204436838388,6.589999999999975,-0.38999999999998636,337.02
2026-09-23,2026,9,23,2,337.02,341.08,341.8,335.5,31660000.0,-0.008,-0.008035320088300324,6.300000000000011,-4.060000000000002,335.92
2026-09-24,2026,9,24,3,335.92,336.72,338.91,334.3,24730000.0,-0.0033,-0.003263901252151147,4.610000000000014,-0.8000000000000114,341.07
2026-09-25,2026,9,25,4,341.07,336.04,341.67,334.53,30000000.0,0.015300000000000001,0.015331031197904244,7.140000000000043,5.029999999999973,338.4
2026-09-28,2026,9,28,0,338.4,340.37,342.99,338.04,32820000.0,-0.0078000000000000005,-0.007828305040021188,4.949999999999989,-1.9700000000000273,331.67
